t,com_y:support,com_y:crate_rest_0,com_y:crate_rest_1,com_y:cone_0,com_y:cone_1,com_y:cone_2,com_y:cone_3,com_y:cone_4,com_y:lumber_0,com_y:lumber_1,com_y:lumber_2,com_y:lumber_3,com_y:drop_heavy,E_el:support,E_el:crate_rest_0,E_el:crate_rest_1,E_el:cone_0,E_el:cone_1,E_el:cone_2,E_el:cone_3,E_el:cone_4,E_el:lumber_0,E_el:lumber_1,E_el:lumber_2,E_el:lumber_3,E_el:drop_heavy,F:cone_0->support,F:cone_1->support,F:cone_2->support,F:cone_3->support,F:cone_4->support,F:crate_rest_0->support,F:crate_rest_1->support,F:drop_heavy->support,F:lumber_0->support,F:lumber_3->lumber_2,support_mid_uy
0.400050,-0.000221227,0.101085782,0.100135608,0.083485036,0.092902534,0.080593067,0.082720912,0.086136669,0.437100407,2.932190960,3.346963512,4.128828065,0.819999981,3.211731e-01,7.335609e-02,5.724114e-02,1.434565e-03,1.319298e-03,8.450703e-03,1.123656e-03,8.309010e-04,3.922645e+01,3.859201e+01,4.018717e+00,3.328974e+00,1.821316e-12,2.515790,0.000000,14.123534,0.000000,0.000000,56.037252,43.422600,0.000000,0.000000,0.000000,-3.574775787e-04
0.410050,-0.000011023,0.099834528,0.100681327,0.083116196,0.094445984,0.082376823,0.084103760,0.083172228,0.439567398,2.996772650,3.429150947,4.231029809,0.819504576,7.268157e-03,1.328168e-01,8.765857e-02,7.073199e-04,1.153663e-03,3.359051e-04,6.786225e-04,2.788892e-03,3.737475e+01,3.557344e+01,4.458787e+00,1.900546e+00,9.721289e-13,7.230313,0.000000,10.225029,0.000000,0.928534,112.614584,172.090881,0.000000,0.000000,0.000000,-1.875256652e-05
0.420050,-0.000172171,0.101651141,0.103280089,0.082897324,0.095008435,0.084280930,0.084505609,0.082378825,0.441053389,3.060373339,3.510357381,4.332250553,0.818028171,1.957236e-01,7.830107e-02,7.210729e-02,4.564670e-04,1.206861e-03,3.905964e-04,1.098358e-03,1.766379e-03,1.963478e+01,2.566462e+01,3.334982e+00,3.492659e+00,9.779991e-13,0.060700,0.000000,0.000000,0.000000,16.184369,36.780770,0.882126,0.000000,0.000000,0.000000,-2.782377512e-04
0.430050,0.000004490,0.102867303,0.104900979,0.082360756,0.094599900,0.085204038,0.084060372,0.083234786,0.441558379,3.122993029,3.590582816,4.432490297,0.815570766,4.193656e-03,8.504582e-02,8.036408e-02,1.192085e-02,1.587851e-03,5.482160e-04,2.717133e-03,9.335506e-04,2.522562e+01,4.151332e+01,2.150091e+00,3.682362e+00,7.689003e-13,7.148905,0.339384,0.000000,1.978055,0.366964,4.988727,0.000000,0.000000,0.000000,0.000000,7.870938933e-06
0.440050,-0.000184258,0.103407034,0.105540870,0.083770969,0.093980374,0.085176913,0.084062791,0.083235217,0.441082370,3.184631719,3.669827251,4.531749041,0.812132361,2.232723e-01,9.106078e-02,7.942014e-02,5.907995e-04,2.249218e-03,1.607329e-03,8.667025e-04,6.395845e-03,1.950296e+01,2.441583e+01,2.718191e+00,1.705138e+00,9.090668e-13,4.597287,4.705452,0.742891,4.718195,2.250104,11.635014,0.000000,0.000000,0.000000,0.000000,-2.978805297e-04
0.450050,0.000007495,0.103355035,0.105441268,0.084526717,0.093689791,0.085659215,0.083965103,0.084799697,0.439625361,3.245289409,3.748090686,4.630026785,0.807712956,5.211799e-03,5.606111e-02,7.982653e-02,4.851083e-04,8.790901e-04,3.247124e-04,1.180863e-03,4.547772e-04,4.425438e+01,2.105970e+01,3.006271e+00,3.395903e+00,8.910393e-13,0.296325,1.500148,7.009430,1.219788,9.426344,12.694370,18.755779,0.000000,0.000000,0.000000,1.310896255e-05
0.460050,-0.000186765,0.102730454,0.105197007,0.084984333,0.092894620,0.086248982,0.083081631,0.086617395,0.437187352,3.304966098,3.825172627,4.727524022,0.802312551,2.286172e-01,6.639535e-02,5.225765e-02,1.842256e-03,3.032792e-03,3.331297e-04,1.065671e-03,3.746921e-04,1.907777e+01,3.426436e+01,2.620936e+00,2.126374e+00,9.395025e-13,4.421667,3.336272,0.081001,0.000000,0.000000,2.306999,16.062277,0.000000,0.000000,41.725539,-3.010191524e-04
0.470050,0.000015934,0.101131990,0.104286620,0.085802055,0.092668589,0.086151741,0.081708426,0.087454093,0.433768343,3.363661788,3.892635068,4.832678760,0.795931146,5.393304e-03,7.567472e-02,6.719023e-02,3.501052e-04,1.201658e-03,3.435083e-03,1.062526e-03,6.474810e-04,2.566012e+01,1.301184e+01,3.627417e+00,3.279338e+00,7.861092e-13,1.805135,3.445904,3.464880,3.412959,0.000000,0.000000,0.000000,0.000000,0.000000,158.449513,2.679994627e-05
0.480050,-0.000204055,0.099434283,0.102395233,0.085787213,0.091787426,0.086622286,0.080212771,0.087315526,0.429368334,3.421376478,3.957946750,4.938022257,0.788568741,2.702313e-01,8.920413e-02,5.938948e-02,3.114147e-04,5.651436e-04,2.088983e-04,8.016154e-04,9.840388e-04,2.456418e+01,2.519598e+01,3.072718e+00,2.310007e+00,8.751252e-13,0.000000,0.000000,2.603318,1.025595,0.168107,82.000269,0.000000,0.000000,0.000000,0.000000,-3.309681226e-04
0.490050,0.000011485,0.100898219,0.099993545,0.085241487,0.089925263,0.086293234,0.080589409,0.087407836,0.423987325,3.478110167,4.022277432,5.042384753,0.780225336,4.932178e-03,7.238380e-02,9.142599e-02,6.542719e-03,5.112442e-04,2.097292e-04,1.149849e-03,2.172598e-03,3.494267e+01,1.966934e+01,2.563755e+00,1.290308e+00,7.927976e-13,5.043594,0.000000,0.000000,15.739990,7.751478,56.640414,52.463912,0.000000,0.000000,0.000000,1.907625903e-05
0.500050,-0.000198981,0.101902382,0.100230786,0.085909752,0.087082101,0.084983181,0.082534618,0.088107710,0.417625315,3.533862857,4.085627114,5.145766250,0.770900931,2.575101e-01,8.095017e-02,9.594226e-02,3.041277e-04,9.351647e-04,4.107471e-04,1.920344e-03,7.405881e-04,3.407557e+01,7.106729e+00,3.121885e+00,1.952327e+00,1.127617e-12,3.752511,0.000000,0.000000,0.080661,0.535417,0.000000,86.902752,0.000000,0.000000,0.000000,-3.222707452e-04
0.510050,0.000024624,0.101925546,0.101506722,0.085883944,0.083487431,0.082770572,0.083499214,0.087838742,0.410282306,3.588634547,4.147995797,5.248166746,0.760595526,5.852668e-03,6.643751e-02,8.337721e-02,2.263594e-04,4.166875e-03,2.189114e-03,2.468082e-03,5.050423e-04,1.223694e+01,3.065645e+01,2.166287e+00,2.223577e+00,1.036503e-12,0.000000,2.636037,1.602532,0.000000,0.000000,0.000000,17.685668,0.000000,0.000000,0.000000,4.085217312e-05
0.520050,-0.000229292,0.100967709,0.101973428,0.084877137,0.080590129,0.081991203,0.083482811,0.086588774,0.403639436,3.642425237,4.209383479,5.349586243,0.749309121,3.579529e-01,4.895885e-02,7.127825e-02,1.177479e-04,9.590895e-04,1.270812e-03,1.604407e-03,2.379976e-04,3.383574e+01,1.494261e+01,3.817029e+00,2.367422e+00,1.374085e-12,0.000000,4.710159,10.344355,0.000000,0.000000,0.000000,0.000000,0.000000,186.394511,0.000000,-3.734245841e-04
0.530050,0.000025498,0.099640175,0.101459134,0.082889330,0.080821001,0.081846839,0.083347809,0.085005209,0.406916029,3.695234926,4.269790161,5.450024740,0.737041716,1.124816e-02,1.208556e-01,5.597962e-02,1.178260e-04,6.522226e-03,2.405399e-04,4.025034e-03,1.163811e-02,2.464434e+01,2.100360e+01,2.852638e+00,1.368236e+00,1.354058e-12,0.000000,24.986536,0.498795,8.017569,6.917667,66.660148,0.000000,0.000000,73.419212,0.000000,3.907978825e-05
0.540050,-0.000202641,0.101003295,0.100192621,0.080073526,0.085104756,0.082063385,0.084564417,0.085292865,0.409620706,3.747063616,4.329215843,5.549482236,0.723793311,2.676588e-01,6.529396e-02,7.024027e-02,9.041016e-03,1.205903e-03,3.234523e-03,1.385250e-03,8.341359e-04,2.730372e+01,2.958149e+01,3.869036e+00,1.088443e+00,1.091096e-12,3.668758,0.882947,8.603861,1.729681,4.527952,50.300350,17.430081,0.000000,0.000000,0.000000,-3.282726217e-04
0.550050,0.000004826,0.101831411,0.100031423,0.080596311,0.088428486,0.083262678,0.084854097,0.084915104,0.411344383,3.797911306,4.387660525,5.647958733,0.709563906,3.492552e-03,5.411963e-02,9.703876e-02,9.099593e-04,3.425447e-03,3.806177e-04,1.256393e-03,6.149872e-04,1.617963e+01,1.430168e+01,2.787757e+00,2.029746e+00,1.791839e-12,14.590474,0.000000,1.351068,0.000000,0.000000,3.491911,82.158004,0.000000,0.000000,0.000000,1.063729516e-05
0.560050,-0.000174528,0.101912947,0.101002195,0.082522233,0.090771217,0.083612644,0.084162776,0.083556343,0.412087060,3.847777995,4.445124207,5.745454229,0.694353501,1.979331e-01,6.534038e-02,4.880619e-02,1.308250e-03,4.462080e-03,1.143313e-03,6.706898e-04,2.361901e-04,1.279059e+01,2.922851e+01,2.345406e+00,1.855270e+00,1.419415e-12,4.299842,0.000000,1.280652,0.000000,0.000000,8.176157,13.456794,0.000000,0.000000,0.000000,-2.827643088e-04
0.570050,-0.000007666,0.101310057,0.101087625,0.084463798,0.092132947,0.084197013,0.082490456,0.083576036,0.411848737,3.896663685,4.501606889,5.841968725,0.678162096,1.947282e-03,5.335162e-02,7.732218e-02,1.093093e-03,2.273967e-03,5.310287e-04,6.999732e-04,5.441725e-03,2.766266e+01,2.101896e+01,2.217676e+00,1.100669e+00,2.506633e-12,1.423420,0.000000,4.965469,0.000000,17.111000,7.674587,2.775339,0.000000,0.000000,0.000000,-1.194635687e-05
0.580050,-0.000164555,0.100324841,0.100683329,0.085604805,0.092513677,0.084622787,0.079904796,0.086361986,0.410629414,3.944568375,4.557108571,5.937502222,0.660989691,1.753765e-01,3.954540e-02,6.206133e-02,3.577706e-04,1.415610e-03,4.106442e-04,5.396005e-03,1.540351e-03,1.356106e+01,1.407305e+01,2.278302e+00,1.234588e+00,2.601119e-12,0.210580,0.000000,0.108163,2.029357,1.335481,18.694252,16.077036,0.000000,0.000000,0.000000,-2.665134876e-04
0.590050,-0.000033247,0.099813107,0.099809488,0.085985694,0.091913407,0.084068700,0.080595694,0.088209052,0.408429091,3.991492064,4.611629253,6.032054718,0.642836286,9.774623e-03,7.161998e-02,4.612747e-02,1.983708e-03,2.905578e-03,2.496056e-04,9.385873e-04,1.230430e-03,2.353461e+01,2.630745e+01,2.123201e+00,1.255270e+00,2.780323e-13,2.127837,0.000000,0.000000,16.105037,0.000000,70.047524,30.064739,0.000000,0.000000,0.000000,-5.275274707e-05
0.600050,-0.000148106,0.100931336,0.100503921,0.086382056,0.090551941,0.082913262,0.082257690,0.089075117,0.405247768,4.037434754,4.665168935,6.125626215,0.623701881,1.419180e-01,4.919245e-02,5.635501e-02,7.416049e-04,8.668028e-03,5.004752e-03,9.481324e-04,7.911545e-04,7.321938e+00,1.297352e+01,1.167262e+00,1.882792e+00,3.423127e-12,2.064353,3.630711,4.148453,1.508797,0.000000,28.790715,55.220021,0.000000,0.000000,0.000000,-2.396667703e-04
0.610050,-0.000030398,0.101311457,0.100848470,0.086008003,0.090819415,0.082852269,0.083595170,0.088960182,0.401085445,4.082396444,4.717727617,6.218216711,0.603586476,6.069386e-03,3.782385e-02,5.752463e-02,3.179323e-04,1.343346e-03,4.075260e-04,1.612640e-03,9.420760e-04,2.596377e+01,1.254046e+01,2.437750e+00,1.109493e+00,3.714057e-12,0.000000,7.552781,4.443894,2.186081,0.000000,2.492055,2.750888,0.000000,0.000000,0.000000,-4.824173374e-05
0.620050,-0.000139564,0.101155007,0.100411929,0.085334232,0.091017014,0.082219297,0.084464002,0.087864248,0.395942122,4.126377133,4.769305299,6.309826207,0.582490071,1.259958e-01,5.000848e-02,5.088585e-02,1.361662e-03,1.559889e-03,3.672917e-04,9.882659e-04,1.145253e-03,1.861577e+01,1.664417e+01,1.291750e+00,7.423666e-01,3.651319e-12,4.655034,0.459106,0.000000,0.645825,0.000000,15.827120,7.121480,0.000000,0.000000,0.000000,-2.269458350e-04
0.630050,-0.000047589,0.100458523,0.099751625,0.084911243,0.091081070,0.080687159,0.084492184,0.085937176,0.389817799,4.169376823,4.819901981,6.400454703,0.560412666,1.484048e-02,5.135310e-02,5.901905e-02,5.315398e-04,2.319228e-03,6.055798e-03,1.149533e-03,8.761149e-03,1.468596e+01,5.202180e+00,2.508623e+00,1.424327e+00,4.038119e-12,1.296268,4.431128,2.210297,1.156189,2.917205,9.052443,51.559916,0.000000,0.000000,0.000000,-7.592270496e-05
0.640050,-0.000139974,0.099789496,0.100528203,0.083581227,0.091134207,0.081373621,0.084266694,0.085760990,0.382712476,4.211395513,4.869517663,6.490102200,0.537354261,1.265888e-01,5.888522e-02,4.785945e-02,3.705669e-04,1.137209e-03,1.265712e-03,5.937190e-04,1.031758e-03,2.068541e+01,1.896377e+01,1.522741e+00,1.526506e+00,5.862637e-12,0.070896,0.655349,11.338808,2.225102,9.437680,56.731112,32.058006,0.000000,0.000000,0.000000,-2.266918382e-04
0.650050,-0.000042153,0.100488823,0.100668801,0.081777251,0.090224295,0.082314017,0.083456745,0.085840350,0.374626153,4.252433202,4.918152345,6.578768696,0.513314856,1.188713e-02,2.852457e-02,4.083201e-02,1.891113e-03,1.334412e-03,6.540371e-04,2.455473e-03,1.243697e-03,1.572925e+01,1.585102e+01,2.331511e+00,1.354420e+00,6.152336e-12,4.324229,0.000000,0.000000,1.692389,0.000000,35.382721,0.000000,0.000000,0.000000,0.000000,-6.700168180e-05
0.660050,-0.000130191,0.100872941,0.099981546,0.080305087,0.088333383,0.082518943,0.083277260,0.084938711,0.365626391,4.292489892,4.965806027,6.666454192,0.488294451,1.103092e-01,3.739450e-02,3.970495e-02,6.129080e-04,1.325575e-03,3.824539e-03,3.016843e-04,7.104603e-04,3.148217e+01,8.741408e+00,3.059272e+00,8.268903e-01,1.383726e-11,1.294231,0.000000,2.974058,4.962696,0.000000,7.471924,13.174045,0.000000,28.244679,0.000000,-2.114840046e-04
0.670050,-0.000120140,0.100572120,0.099823425,0.080627888,0.085812971,0.083520655,0.082632097,0.083119544,0.363890107,4.331565581,5.012478709,6.753158688,0.462293046,9.329303e-02,3.543291e-02,5.651786e-02,1.763501e-03,3.292380e-03,8.693517e-04,2.599814e-04,4.736383e-03,1.091032e+01,2.455046e+01,1.671893e+00,9.597945e-01,9.674033e-12,16.985917,3.259467,4.474726,0.000000,2.048993,7.961532,58.713364,0.000000,209.251598,0.000000,-1.937294876e-04
0.680050,-0.000056524,0.099857628,0.100449137,0.083014574,0.084910463,0.084000979,0.081005934,0.084334976,0.364735598,4.369660271,5.058170391,6.838882185,0.435310640,2.129163e-02,3.575239e-02,4.857496e-02,7.421127e-04,7.902547e-03,8.220043e-04,3.111354e-04,1.337641e-03,2.164242e+01,1.238688e+01,2.843366e+00,1.512419e+00,1.432403e-11,0.273882,11.474082,0.000000,0.000000,16.262926,28.733817,17.478769,0.000000,0.000000,0.000000,-9.113371361e-05
0.690050,-0.000160686,0.099965633,0.100265528,0.084426007,0.085805611,0.083500303,0.079811544,0.086594309,0.366059095,4.406773961,5.102881073,6.923624681,0.407347235,1.700333e-01,3.508939e-02,2.974948e-02,3.729319e-04,1.345825e-03,2.307039e-04,6.952906e-03,1.028084e-03,1.774447e+01,1.917934e+01,1.627593e+00,1.350639e+00,1.434304e-11,0.000000,2.849329,0.000000,13.528587,0.000000,44.639998,4.018999,0.000000,126.504496,0.000000,-2.610650280e-04
0.700050,-0.000021488,0.100089062,0.100003143,0.084856441,0.085851659,0.082018627,0.081385951,0.087872643,0.371884876,4.442906650,5.146610755,7.007386177,0.378402830,5.591084e-03,3.113243e-02,2.749997e-02,4.191451e-04,6.013069e-04,2.131269e-04,8.222769e-04,7.914314e-04,1.621180e+01,2.180838e+01,2.562912e+00,4.297520e-01,1.162558e-11,0.000000,0.000000,0.000000,2.211457,0.000000,15.833550,45.202867,0.000000,12.761813,0.000000,-3.425254036e-05
0.710050,-0.000159151,0.099825642,0.100207401,0.084364696,0.085641414,0.079708139,0.082110639,0.088169976,0.376750682,4.478058340,5.189359437,7.090166673,0.348477425,1.650132e-01,2.145010e-02,3.766394e-02,2.931359e-03,1.583528e-02,3.665448e-03,1.256460e-03,6.447793e-04,2.491932e+01,9.275706e+00,1.570746e+00,9.146903e-01,1.963974e-11,1.350438,7.695173,2.768753,0.775224,0.000000,16.608788,18.770535,0.000000,0.000000,0.000000,-2.566142139e-04
0.720050,-0.000029445,0.100142723,0.100246338,0.084605674,0.087921313,0.080920626,0.083170726,0.087486310,0.380635488,4.512229029,5.231127118,7.171966169,0.317571020,7.004018e-03,1.942142e-02,1.955318e-02,3.132550e-04,2.584415e-03,2.327032e-03,1.240958e-03,5.565352e-04,5.283543e+00,2.198607e+01,1.370805e+00,1.151250e+00,2.197587e-11,7.096553,6.362805,15.908906,5.900677,0.000000,45.753860,19.866903,0.000000,0.000000,0.000000,-4.691400982e-05
0.730050,-0.000147473,0.100248799,0.099958067,0.084908904,0.089710353,0.082767749,0.084111545,0.085821644,0.383539295,4.545418719,5.271913800,7.252784665,0.285683615,1.410190e-01,2.532049e-02,3.859494e-02,3.664973e-04,8.425835e-04,1.978818e-03,7.217080e-04,6.453688e-04,2.062326e+01,1.121598e+01,1.307905e+00,1.196811e+00,1.055836e-11,0.000404,0.000000,0.148123,0.000000,0.000000,1.523754,22.984522,0.000000,0.000000,0.000000,-2.387466022e-04
0.740050,-0.000038870,0.099833665,0.100133944,0.084231135,0.090518393,0.083637334,0.084111744,0.085265289,0.385462101,4.577627408,5.311719482,7.332622161,0.252815210,1.137849e-02,2.661732e-02,2.556646e-02,2.413430e-04,5.884813e-04,1.119911e-03,1.184873e-03,2.726811e-03,1.123882e+01,7.784288e+00,1.170401e+00,7.759438e-01,3.233656e-11,0.000000,0.000000,0.000000,0.819952,15.297110,42.072517,32.074543,0.000000,0.000000,0.000000,-6.308431714e-05
0.750050,-0.000138555,0.100066269,0.100249317,0.082779311,0.090345433,0.083545365,0.083901950,0.086869036,0.386403907,4.608855098,5.350544164,7.411478658,0.218965805,1.246638e-01,1.774441e-02,2.947559e-02,3.538006e-03,1.793262e-03,7.374575e-04,7.897767e-04,6.712869e-04,1.938536e+01,1.434505e+01,1.690459e+00,3.098821e-01,1.787675e-11,2.654936,0.000000,0.434324,2.983877,0.401605,13.065306,20.495862,0.000000,0.000000,0.000000,-2.238984247e-04
0.760050,-0.000042831,0.099920882,0.100044870,0.082173675,0.089191473,0.083309909,0.083266492,0.087494275,0.386364713,4.639101787,5.388387846,7.489354154,0.184135400,1.278691e-02,2.004895e-02,1.931241e-02,7.497366e-04,1.717166e-03,1.379836e-03,3.615178e-04,1.682572e-03,1.308030e+01,5.769516e+00,8.965464e-01,1.407135e+00,3.267049e-11,5.698180,0.000000,4.774893,0.445534,0.000000,31.352819,16.414852,0.000000,0.000000,0.000000,-6.814113744e-05
0.770050,-0.000142808,0.099923982,0.099989992,0.082370610,0.087642757,0.083166261,0.081754750,0.087138513,0.385344520,4.668367477,5.425250527,7.566248650,0.148323995,1.320044e-01,2.118406e-02,1.712777e-02,1.065126e-03,1.091866e-02,6.028741e-04,5.868390e-04,2.573615e-03,1.392366e+01,1.137128e+01,1.997417e+00,1.063642e+00,5.623504e-11,6.264549,6.206921,0.849870,0.647955,0.000000,17.642768,40.395229,0.000000,0.000000,0.000000,-2.307897498e-04
0.780050,-0.000961953,0.099926047,0.100199280,0.082819866,0.087999709,0.082781389,0.080407418,0.085801752,0.383343326,4.696652166,5.461132209,7.642162146,0.113538880,8.200350e+00,1.196654e-02,1.602391e-02,1.156976e-03,9.680622e-04,8.053498e-04,9.978797e-04,1.251811e-03,2.059820e+01,1.272090e+01,1.069388e+00,7.025304e-01,2.270290e+01,0.855670,5.661690,3.677874,5.582396,0.000000,27.512218,15.996489,5712.591872,0.000000,0.000000,-1.388008416e-03
0.790050,-0.002044324,0.099420969,0.099629357,0.082616694,0.087858953,0.081991628,0.079003236,0.083493792,0.380361132,4.723955856,5.496032891,7.717094642,0.098195976,3.264233e+01,1.681627e-02,1.486124e-02,1.692385e-02,1.529588e-03,1.188941e-03,5.269388e-03,2.158889e-03,1.247983e+01,5.464348e+00,2.353042e+00,6.086719e-01,1.840404e+02,3.070383,0.000000,0.000000,1.614666,0.741683,0.000000,0.000000,9217.585869,0.000000,0.000000,-3.636771671e-03
0.800050,-0.000732172,0.099554841,0.099601504,0.084296351,0.086765625,0.080374116,0.081529857,0.083353560,0.376397939,4.750278545,5.529952573,7.791046138,0.109014656,5.496454e+00,5.986122e-02,9.329202e-02,5.599013e-03,3.575951e-03,3.935632e-03,1.015467e-02,6.402433e-03,1.809764e+01,1.616416e+01,1.474110e+00,9.677211e-01,9.079109e+01,9.909154,0.763210,2.807891,21.507311,17.407965,86.612996,75.663305,8871.551296,0.000000,0.000000,-1.371354133e-03
0.810050,-0.000163203,0.100596693,0.100660358,0.086235874,0.086601019,0.080354583,0.085823240,0.085334118,0.371453745,4.775620234,5.562891254,7.864016634,0.132994015,3.702214e+00,8.292646e-02,1.132974e-01,6.015208e-03,3.727701e-03,1.427308e-03,7.279764e-03,5.464592e-03,5.233580e+00,1.440621e+01,1.781791e+00,1.256462e+00,5.525569e+01,0.000000,10.556782,9.558129,0.000000,0.651845,9.614000,50.218261,2849.344776,0.000000,0.000000,-5.073640547e-04
0.820050,0.000027450,0.101657308,0.102474755,0.087194396,0.087610005,0.081689164,0.089135622,0.086340520,0.365528551,4.799980924,5.594848936,7.936006130,0.158905295,1.778459e-01,7.598997e-02,9.055092e-02,4.160037e-03,6.545614e-04,1.492808e-03,1.884301e-03,2.644424e-03,2.230895e+01,1.039073e+01,2.309272e+00,6.984158e-01,2.270222e+01,0.000000,1.085050,5.595616,0.000000,0.000000,26.336638,10.433881,0.000000,0.000000,0.000000,-9.822956169e-06
0.830050,-0.000221174,0.102130774,0.103433451,0.087171919,0.087693466,0.083060198,0.091467005,0.087345588,0.358622357,4.823360613,5.625825618,8.007014625,0.183835574,1.061878e+00,7.990335e-02,9.667110e-02,1.363329e-03,1.705356e-03,2.330879e-03,2.278528e-03,1.467725e-02,1.082827e+01,2.001242e+01,1.248352e+00,4.106272e-01,5.881376e+01,0.000000,0.304028,1.109121,0.000000,8.448899,0.000000,0.000000,0.000000,0.000000,0.000000,-2.478313671e-04
0.840050,0.000045625,0.101623241,0.103411146,0.086214716,0.088606029,0.084722753,0.093445697,0.090952938,0.350735164,4.845759303,5.655821300,8.077042121,0.207784854,3.680306e-01,7.622112e-02,1.008398e-01,4.674790e-03,1.521851e-03,9.715750e-04,8.991494e-03,5.013585e-03,1.447114e+01,8.837457e+00,2.108595e+00,7.660247e-01,3.686673e+01,1.595635,10.524219,4.706757,4.952294,6.578870,0.000000,0.000000,0.000000,0.000000,0.000000,1.528297428e-04
0.850050,-0.000241747,0.100287908,0.102407902,0.086484165,0.090424278,0.085972829,0.095838971,0.094025597,0.341866970,4.867176992,5.684835981,8.146088617,0.230753133,4.480260e-01,6.777774e-02,8.071456e-02,3.548951e-03,1.958278e-04,1.367108e-03,4.806275e-03,2.026909e-03,9.907456e+00,1.509615e+01,4.773410e-01,1.152671e+00,4.231396e+01,9.668192,0.323306,0.000000,1.235435,0.000000,22.870811,0.336521,0.000000,0.000000,0.000000,-4.245664738e-04
0.860050,0.000060451,0.100490707,0.101190473,0.087495982,0.091268721,0.086241905,0.097319689,0.096117256,0.332017776,4.887613681,5.712869663,8.214154113,0.252740412,1.940274e-01,7.115325e-02,9.364965e-02,7.936595e-04,2.804628e-04,1.120605e-03,4.486818e-03,1.287163e-03,8.074543e+00,1.393233e+01,1.521490e+00,5.535967e-01,4.993738e+01,0.790952,0.000000,0.000000,0.224241,0.000000,90.136725,57.178257,0.000000,0.000000,0.000000,4.876825871e-05
0.870050,-0.000244606,0.101767337,0.100899138,0.087603907,0.091142645,0.085529981,0.097864395,0.097227915,0.321190555,4.907069370,5.739922344,8.281238609,0.273746692,3.880585e-01,5.719532e-02,4.869867e-02,2.268587e-03,1.701820e-03,4.853291e-04,4.826982e-03,3.623880e-03,2.122754e+01,3.702897e+00,9.615075e-01,6.006890e-01,3.204088e+01,0.700522,0.575645,0.000000,0.000000,0.000000,8.000764,10.652180,0.000000,6.334362,0.000000,-4.003230665e-04
0.880050,-0.000013655,0.102766912,0.101123194,0.087831931,0.091946153,0.083837057,0.098022288,0.097357574,0.318961343,4.925544060,5.765994026,8.347342105,0.293771971,6.061839e-02,4.093395e-02,6.472560e-02,2.566574e-03,1.901880e-03,6.162068e-04,3.129576e-03,3.619828e-03,4.236072e+00,1.414082e+01,1.103626e+00,4.557537e-01,4.970321e+01,4.873160,11.134230,0.000000,3.946866,0.000000,25.136422,73.874755,0.000000,268.600549,0.000000,9.835712349e-06
0.890050,-0.000172292,0.103269684,0.102023166,0.087799607,0.093871045,0.082157714,0.098197012,0.096506233,0.319915895,4.943037749,5.791084708,8.412464601,0.312816251,2.026044e-01,4.843560e-02,4.778474e-02,1.201030e-03,3.957478e-04,4.248085e-03,2.014061e-03,1.041674e-03,1.723103e+01,5.558167e+00,1.085818e+00,9.829166e-01,4.081998e+01,0.000000,0.385137,8.470698,0.978436,0.000000,2.114903,3.839654,0.000000,0.000000,0.000000,-2.671507930e-04
0.900050,0.000011140,0.102806536,0.101950117,0.086786283,0.094823158,0.082124686,0.097440485,0.094673892,0.319889446,4.959550438,5.815194389,8.476606097,0.330879530,8.157123e-03,2.724911e-02,4.478186e-02,2.730552e-04,4.546997e-04,5.577185e-04,2.443851e-03,9.311184e-04,9.806103e+00,7.082541e+00,8.741200e-01,8.854175e-01,2.947498e+01,0.000000,0.000000,2.890280,0.000000,0.000000,0.000000,0.000000,0.000000,0.000000,0.000000,6.306096352e-06
0.910050,-0.000191032,0.101363883,0.101176926,0.084791959,0.094794271,0.081335579,0.095725758,0.091860551,0.318881998,4.975082127,5.838323071,8.539766593,0.347961810,2.473256e-01,4.208157e-02,9.803954e-02,1.241992e-03,4.446865e-04,3.650062e-03,2.554187e-03,3.062377e-03,1.145804e+01,1.006608e+01,1.658048e+00,2.268804e-01,6.464783e+01,0.000000,0.000000,1.401915,0.622703,0.000000,0.369985,26.752524,0.000000,0.000000,0.000000,-3.230240332e-04
0.920050,0.000002655,0.099864265,0.101242879,0.083324384,0.093784384,0.082398154,0.093872560,0.088197352,0.316893550,4.989632817,5.860470752,8.601946088,0.364063089,2.145754e-03,6.822556e-02,7.335821e-02,7.604520e-03,3.073855e-04,1.422192e-03,2.374566e-03,1.158991e-02,1.915022e+01,4.449247e+00,9.909644e-01,7.778533e-01,1.608522e+01,11.682692,0.000000,12.448206,4.552065,2.682888,70.752326,40.557437,0.000000,0.000000,0.000000,6.399258136e-06
0.930050,-0.000195215,0.100506657,0.100983781,0.083857644,0.091793497,0.084203930,0.091968128,0.086528094,0.313924102,5.003202506,5.881637434,8.663144584,0.379183368,2.487772e-01,6.767135e-02,1.069431e-01,6.597623e-04,2.746658e-04,1.769413e-03,2.893037e-03,8.794467e-04,5.862013e+00,1.169779e+01,1.965401e+00,7.429537e-01,6.190723e+01,2.062663,0.000000,0.000000,0.218799,11.247935,53.653915,13.235097,0.000000,0.000000,0.000000,-3.093983546e-04
0.940050,0.000015804,0.101255980,0.101787217,0.083502105,0.088821610,0.085028705,0.089414806,0.085415360,0.309973654,5.015791195,5.901823115,8.723362080,0.393322648,5.569117e-03,4.838805e-02,4.206461e-02,1.221910e-03,2.732819e-04,1.486653e-03,1.087080e-02,1.102855e-03,2.329547e+01,1.215939e+01,1.062369e+00,9.471019e-01,2.901438e+01,0.000000,0.000000,0.000000,4.647803,0.000000,4.219963,61.006338,0.000000,0.000000,0.000000,2.912854982e-05
0.950050,-0.000195926,0.101047679,0.102471223,0.082597545,0.085164820,0.084876163,0.088548718,0.083322516,0.305042205,5.027398884,5.921027796,8.782598575,0.406480927,2.509701e-01,4.097961e-02,4.746168e-02,1.511177e-02,1.633158e-02,8.383916e-04,1.692581e-03,3.013101e-03,5.134395e+00,8.074190e+00,2.173301e+00,4.429023e-01,4.082115e+01,5.466559,5.013482,0.116755,6.188262,0.253017,0.000000,0.000000,0.000000,0.000000,0.000000,-3.189578359e-04
0.960050,0.000013076,0.100125600,0.102181243,0.084732024,0.084507026,0.085402322,0.087316069,0.083688419,0.299129757,5.038025573,5.939251478,8.840854071,0.418658206,7.182557e-03,5.331868e-02,5.304037e-02,1.076060e-03,9.799735e-04,1.081720e-03,1.527563e-03,9.311980e-03,2.185988e+01,1.399677e+01,1.359926e+00,3.445837e-01,5.022958e+01,10.477265,12.011385,10.185045,0.000000,22.077452,30.923933,1.960095,0.000000,0.000000,0.000000,2.050849830e-05
0.970050,-0.000200008,0.099830307,0.101482674,0.086748094,0.084267095,0.086861893,0.085102420,0.087411695,0.292236309,5.047671262,5.956494159,8.898128567,0.429854486,2.599810e-01,3.565570e-02,7.483909e-02,1.779911e-03,6.879338e-04,7.687186e-04,1.704070e-03,2.528633e-03,6.770300e+00,1.137587e+01,1.216710e+00,8.234067e-01,2.405840e+01,0.000000,0.000000,0.471257,0.000000,1.109752,30.846569,32.678948,0.000000,0.000000,0.000000,-3.217416600e-04
0.980050,0.000017241,0.100464607,0.101622227,0.087783163,0.084021259,0.087353688,0.082053901,0.090188369,0.284361861,5.056335952,5.972755841,8.954422062,0.440069765,5.458348e-03,4.127770e-02,4.457556e-02,1.959723e-03,2.875873e-02,1.298052e-03,1.808208e-02,3.073336e-03,1.349381e+01,9.010159e+00,1.435025e+00,8.111444e-01,5.599610e+01,0.000000,12.049587,0.000000,3.981925,0.000000,46.005839,31.990247,0.000000,0.000000,0.000000,2.994380750e-05
0.990050,-0.000197832,0.100661503,0.101119102,0.087837232,0.087884367,0.086864482,0.083934613,0.091984042,0.275506413,5.064019641,5.988036522,9.009734558,0.449304045,2.550575e-01,4.040954e-02,8.095570e-02,1.419352e-03,1.913654e-03,8.371841e-04,3.991060e-03,4.193965e-03,1.356870e+01,1.421159e+01,5.979336e-01,4.431087e-01,2.901747e+01,0.000000,7.620859,0.000000,20.606800,0.000000,3.581124,15.918515,0.000000,0.000000,0.000000,-3.206795050e-04
1.000050,0.000008677,0.100646450,0.101459701,0.086910302,0.091258252,0.085394277,0.086974205,0.092798716,0.265669964,5.070722330,6.002336203,9.064066053,0.457557324,3.202312e-03,4.562378e-02,6.354000e-02,1.053911e-03,1.195054e-03,4.722702e-04,1.555070e-03,2.870455e-03,6.911069e+00,3.968508e+00,1.694764e+00,2.842416e-01,3.157347e+01,0.000000,0.000000,0.000000,0.000000,0.000000,30.459771,61.506349,0.000000,0.000000,0.000000,1.311819915e-05
1.010050,-0.000182572,0.100250173,0.102118132,0.085638626,0.093651136,0.083412503,0.089032798,0.092632390,0.254852516,5.076444019,6.015654884,9.117416548,0.464829603,2.187749e-01,3.624291e-02,4.173813e-02,1.069444e-02,4.716959e-04,3.962757e-03,8.883649e-04,1.593515e-03,1.889589e+01,9.823576e+00,2.539298e-01,7.257871e-01,5.306161e+01,8.562940,0.000000,4.267803,0.000000,0.000000,2.529533,2.643842,0.000000,0.000000,0.000000,-2.961115308e-04
1.020050,-0.000001636,0.100054400,0.101897880,0.087132589,0.095063020,0.082152697,0.090110390,0.091485064,0.243141112,5.081184708,6.027992566,9.169786044,0.471120883,2.946841e-03,3.977299e-02,7.731632e-02,5.019661e-04,7.289386e-04,4.715707e-04,2.533691e-03,2.536362e-03,1.008513e+00,8.375581e+00,1.203796e+00,6.697208e-01,2.330697e+01,5.650869,0.000000,3.119907,0.000000,0.000000,60.775542,13.548508,0.000000,1.883615,0.000000,-2.569078752e-06
1.030050,-0.000178039,0.100415656,0.101843004,0.088000594,0.095493905,0.080540490,0.090206982,0.089358623,0.230455845,5.084944397,6.039349247,9.221174539,0.476431162,2.061407e-01,5.183631e-02,4.328099e-02,7.404016e-04,1.078321e-03,9.784145e-03,2.654482e-03,3.322745e-03,2.011674e+01,1.879236e+00,7.183642e-01,6.613393e-01,4.861241e+01,0.000000,0.000000,5.635656,0.000000,0.311655,12.335078,31.996212,0.000000,0.000000,0.000000,-2.875930153e-04
1.040050,-0.000024509,0.100612906,0.101628317,0.087887600,0.094943789,0.082228927,0.089850003,0.089302011,0.217656793,5.087723086,6.049724928,9.271582034,0.480760441,2.341022e-02,3.597164e-02,3.742419e-02,8.738765e-04,6.929801e-04,1.001346e-03,1.083255e-02,9.921372e-04,9.159158e+00,1.003810e+01,1.119346e+00,1.617958e-01,4.268018e+01,0.000000,0.000000,12.023672,6.198458,18.308685,27.170005,7.897984,0.000000,205.763337,0.000000,-4.061454810e-05
1.050050,-0.000196833,0.100462101,0.100658379,0.086793606,0.093412674,0.084202734,0.091191035,0.091422708,0.225407772,5.089520775,6.059119609,9.321008529,0.484108721,2.606594e-01,3.050429e-02,8.868502e-02,6.083993e-04,3.051207e-04,9.510411e-04,1.254557e-03,1.175935e-03,6.419265e+00,3.253034e+00,1.231162e+00,6.509692e-01,2.388660e+01,0.000000,0.000000,0.000000,4.475228,0.013194,2.206147,21.697984,0.000000,278.532922,0.000000,-3.171828164e-04
1.060050,0.000009877,0.100237818,0.101035188,0.084718612,0.090900558,0.085195542,0.091902522,0.092562560,0.233994318,5.090337464,6.067533291,9.369454025,0.486476000,1.139075e-02,2.732334e-02,4.225063e-02,6.626251e-04,5.618107e-04,7.451734e-04,2.185923e-03,3.893631e-03,7.682809e+00,8.477409e+00,9.193843e-01,8.810140e-01,5.742526e+01,0.000000,0.000000,0.000000,0.000000,0.000000,56.190991,63.977431,0.000000,0.000000,0.000000,1.898282732e-05
1.070050,-0.000189592,0.100398374,0.101388152,0.081677582,0.087407442,0.085403213,0.091633010,0.092721412,0.241599864,5.090173153,6.074965972,9.416918520,0.487862280,2.427127e-01,2.677161e-02,5.253763e-02,3.515184e-03,7.665558e-04,3.974246e-03,1.502901e-03,3.311992e-03,4.551347e+00,9.970426e+00,1.738052e+00,4.137212e-01,1.663948e+01,0.754362,0.000000,2.737844,0.000000,0.000000,1.859378,5.775062,0.000000,0.000000,0.000000,-3.042560456e-04
1.080050,-0.000002435,0.100604330,0.102246520,0.081986075,0.084627740,0.086571250,0.090382497,0.091899264,0.248224409,5.089027842,6.081417653,9.463402015,0.488267559,1.149064e-02,3.076788e-02,5.132551e-02,4.663572e-03,9.226071e-03,8.872777e-04,4.747053e-04,5.821413e-04,7.460592e+00,5.805723e+00,1.037044e+00,4.982380e-01,4.955830e+01,19.443266,14.126928,5.630186,0.000000,0.000000,49.432094,59.990571,0.000000,0.000000,0.000000,-7.227267165e-06
1.090050,-0.000176126,0.100864256,0.103315133,0.083700624,0.084802882,0.087410401,0.088150985,0.090096116,0.253867955,5.086901531,6.086888334,9.508904509,0.487691838,2.119861e-01,2.491225e-02,5.629492e-02,3.367729e-03,1.045213e-03,5.660546e-04,1.144771e-03,9.003589e-04,3.056265e+00,1.132615e+01,1.828707e+00,3.003320e-01,3.509159e+01,0.000000,3.264698,0.000000,0.000000,0.000000,2.834678,1.516241,0.000000,0.000000,0.000000,-2.846494305e-04
1.100050,0.000004496,0.100806315,0.103408058,0.084487877,0.084163975,0.087268552,0.084938472,0.087311967,0.258530586,5.083794220,6.091378015,9.553426004,0.486135118,1.382501e-02,3.620110e-02,5.477193e-02,4.254157e-03,1.626426e-03,3.509735e-04,1.849607e-03,2.975440e-03,5.660589e+00,1.033570e+01,7.145257e-01,8.266178e-01,2.771205e+01,1.213125,0.000000,0.000000,0.000000,0.000000,35.873998,0.000000,0.000000,1.380244,0.000000,7.287348478e-06
1.110050,-0.000298157,0.100743582,0.102519984,0.086029515,0.084660387,0.086145703,0.081297566,0.083713112,0.276279824,5.079705909,6.094886696,9.596966499,0.483597397,6.000337e-01,2.394023e-02,3.407688e-02,1.996790e-03,9.323690e-03,3.328839e-04,1.611839e-02,1.722185e-02,7.518788e+00,8.224708e+00,1.508242e+00,5.375517e-01,5.246570e+01,6.796880,14.531943,0.000000,7.546513,3.318316,3.480226,0.000000,0.000000,439.340967,0.000000,-4.737917385e-04
1.120050,0.000113247,0.100206742,0.100977902,0.087537206,0.087766865,0.084062340,0.080776722,0.083932448,0.301016430,5.074636598,6.097414377,9.639525994,0.480078676,1.098225e-01,3.629679e-02,7.772582e-02,2.866024e-03,1.010471e-03,1.252882e-03,2.886056e-03,2.690255e-03,5.838208e+00,1.037222e+01,8.999653e-01,2.341211e-01,1.836311e+01,0.209548,3.042632,0.684134,9.584589,18.866800,40.370428,37.802427,0.000000,0.000000,0.000000,1.850600442e-04
1.130050,-0.000301258,0.100236223,0.100466176,0.088067758,0.090043150,0.082440980,0.082811465,0.085600339,0.324772036,5.068586287,6.098961058,9.681104488,0.475578956,6.063315e-01,2.199968e-02,5.688069e-02,1.549173e-03,1.075308e-03,1.687909e-03,4.406903e-03,2.540144e-03,5.551933e+00,7.032652e+00,8.538614e-01,4.038909e-01,4.774557e+01,0.072103,0.000000,7.619863,13.542371,0.000000,15.375763,25.743911,0.000000,0.000000,0.000000,-4.908074410e-04
1.140050,0.000108019,0.100509217,0.100475557,0.088454026,0.091338435,0.081507607,0.086184081,0.086483590,0.347546642,5.061554976,6.099526740,9.721701983,0.470098235,9.263203e-02,2.870737e-02,6.007392e-02,3.038641e-03,7.449670e-04,2.540181e-04,1.391129e-03,1.497239e-02,6.191088e+00,5.733472e+00,1.032985e+00,5.834760e-01,3.718655e+01,6.583953,0.000000,1.264823,0.957354,3.733585,52.676087,76.499341,0.000000,0.000000,0.000000,1.744358932e-04
1.150050,-0.000288389,0.100946800,0.101631536,0.089401623,0.091652719,0.080620088,0.088610178,0.089651024,0.369340248,5.053542665,6.099111421,9.761318477,0.463636514,5.520160e-01,3.616380e-02,3.695492e-02,2.352198e-03,7.857960e-04,1.068174e-02,6.054126e-04,1.620776e-03,6.938625e+00,9.183901e+00,1.977870e-01,5.938706e-01,2.325479e+01,0.515696,0.000000,10.510253,0.000000,10.028151,1.840049,9.923549,0.000000,0.000000,0.000000,-4.651259582e-04
1.160050,0.000113345,0.100915884,0.101858365,0.089379606,0.090986004,0.082999290,0.090055275,0.092963159,0.390152854,5.044549353,6.097715102,9.799953971,0.456193794,9.735674e-02,5.231020e-02,5.899114e-02,1.590820e-03,1.281563e-03,5.445930e-04,1.661715e-03,1.360911e-03,3.957066e+00,1.280488e+00,1.406374e+00,2.581893e-01,5.529255e+01,0.000000,0.000000,6.362859,0.000000,0.000000,33.659663,7.181312,0.000000,0.000000,0.000000,1.854494710e-04
1.170050,-0.000291718,0.100938777,0.101669153,0.088376590,0.089338289,0.084804418,0.090519371,0.095294294,0.409984460,5.034575042,6.095337782,9.837608465,0.447770073,5.610825e-01,2.215557e-02,5.515024e-02,4.368807e-04,1.338597e-03,7.798346e-04,2.371434e-03,1.110347e-03,3.701631e+00,6.384742e+00,3.138936e-01,3.679544e-01,1.840382e+01,0.000000,0.000000,0.000000,0.000000,0.000000,6.217707,17.219700,0.000000,0.000000,0.000000,-4.727658141e-04
1.180050,0.000115540,0.100193545,0.101397498,0.086392573,0.086713682,0.085628547,0.090002468,0.096644429,0.428835066,5.023619731,6.091979463,9.874281959,0.438365353,9.795701e-02,3.298676e-02,4.549031e-02,1.057076e-03,1.089020e-03,7.498738e-04,1.372337e-03,1.011989e-03,4.961711e+00,5.554839e+00,1.265626e+00,4.898917e-01,4.313507e+01,0.000000,0.466958,0.000000,0.000000,0.000000,21.663278,22.770308,0.000000,0.000000,0.000000,1.870400695e-04
1.190050,-0.000296981,0.099875049,0.100547803,0.083915277,0.085253835,0.085471675,0.088504565,0.097013565,0.446704672,5.011683420,6.087640144,9.909974453,0.427979632,5.796316e-01,2.521603e-02,3.198553e-02,5.852836e-03,3.914397e-03,3.847812e-04,6.590645e-04,9.267655e-04,4.198386e+00,2.967927e+00,7.380730e-01,7.664361e-01,3.917189e+01,5.088684,14.421810,0.000000,0.000000,0.000000,29.693234,0.019180,0.000000,0.000000,0.000000,-4.815847548e-04
1.200050,0.000090732,0.100287261,0.100356976,0.082794260,0.086064853,0.084495230,0.086322703,0.096401700,0.463593278,4.998766109,6.082319825,9.944685946,0.416612911,5.965977e-02,2.758003e-02,4.601635e-02,9.689306e-04,8.981331e-04,5.283656e-03,1.002992e-02,7.259992e-04,5.525906e+00,9.672940e+00,1.186529e+00,2.536406e-01,2.187048e+01,4.617076,1.429578,2.625667,4.374708,0.000000,63.972794,96.111219,0.000000,0.000000,0.000000,1.491001420e-04
1.210050,-0.000264668,0.101061992,0.101399192,0.081105788,0.085932587,0.084451806,0.085713115,0.094808835,0.479500884,4.984867798,6.076018506,9.978416440,0.404265191,4.571120e-01,3.216926e-02,4.104989e-02,6.554133e-04,3.839643e-04,5.946917e-04,1.292475e-03,6.808966e-04,1.920003e+00,3.437533e+00,1.405748e+00,3.299146e-01,5.110767e+01,0.552943,0.000000,5.266992,5.490271,0.000000,0.368981,0.638910,0.000000,0.000000,0.000000,-4.284021330e-04
1.220050,0.000076619,0.101140367,0.102165360,0.081463644,0.084845245,0.084267010,0.084610212,0.092234971,0.494427490,4.969988486,6.068736187,10.011165933,0.390936470,4.341350e-02,3.978804e-02,6.921392e-02,4.603895e-03,1.323895e-03,2.958130e-03,1.192455e-03,8.001416e-04,3.602462e+00,9.195896e+00,8.810771e-01,5.509378e-01,2.247349e+01,17.530690,0.612411,2.916676,1.083927,0.000000,21.237039,39.909888,0.000000,0.000000,0.000000,1.253511276e-04
1.230050,-0.000252030,0.101013847,0.103071915,0.084041888,0.084660668,0.084401849,0.083493282,0.088680106,0.508373096,4.954128175,6.060472868,10.042934427,0.376626749,4.137912e-01,3.441567e-02,5.540333e-02,2.159362e-03,7.237606e-03,5.553165e-04,1.162150e-03,7.332678e-04,6.167463e+00,9.342817e+00,1.469220e+00,4.903956e-01,3.602744e+01,0.636000,11.259540,2.326271,3.588505,0.000000,5.963159,6.417029,0.000000,0.000000,0.000000,-4.089991495e-04
1.240050,0.000074133,0.100020190,0.103040312,0.085647002,0.086475602,0.083718513,0.082393773,0.086237950,0.521337702,4.937286864,6.051228549,10.073721920,0.361336029,4.012040e-02,3.316510e-02,4.245940e-02,1.002563e-03,1.105837e-03,5.761292e-04,1.340691e-02,5.727847e-03,4.158909e+00,6.300562e+00,6.803859e-01,5.441013e-01,4.233809e+01,0.000000,3.414738,0.000000,6.523620,16.109846,17.430938,0.000000,0.000000,0.000000,0.000000,1.219358541e-04
1.250050,-0.000254988,0.099973037,0.102027708,0.086284285,0.087514899,0.082061831,0.083761982,0.086510455,0.533321308,4.919464553,6.041003229,10.103528413,0.345064308,4.221235e-01,3.803729e-02,3.788607e-02,1.763537e-03,7.721119e-04,1.319883e-03,8.387305e-04,1.204958e-03,4.346510e+00,9.330353e+00,1.495218e+00,5.525557e-02,1.615596e+01,0.404673,0.000000,0.517419,7.169053,1.390843,51.235658,0.000000,0.000000,0.000000,0.000000,-4.139298820e-04
1.260050,0.000069922,0.100111993,0.100118867,0.087917413,0.087573196,0.081756206,0.084807107,0.085846154,0.544323914,4.900661241,6.029796910,10.132353906,0.327811587,3.627046e-02,3.125408e-02,5.107638e-02,2.008900e-03,1.068754e-03,1.293099e-03,7.916259e-04,1.335215e-03,3.696398e+00,6.688171e+00,4.160536e-01,5.047871e-01,5.140400e+01,10.412228,0.000000,12.696199,0.000000,0.000000,33.974237,18.681914,0.000000,0.000000,0.000000,1.153678452e-04
1.270050,-0.000259820,0.100284343,0.099998566,0.090215474,0.086650492,0.082578935,0.084871232,0.084476172,0.554345520,4.880876930,6.017609591,10.160198399,0.309577867,4.387214e-01,2.745059e-02,3.528487e-02,1.414987e-03,1.028811e-03,5.952579e-04,1.683783e-03,2.091170e-02,5.836827e+00,6.209777e+00,1.007065e+00,5.078555e-01,2.423745e+01,0.099485,0.000000,0.139431,0.000000,4.994898,2.603335,95.922141,0.000000,0.000000,0.000000,-4.209365960e-04
1.280050,0.000071909,0.100048656,0.100920425,0.091535384,0.084748890,0.082593191,0.085322709,0.086562546,0.563386126,4.860111618,6.004441272,10.187061891,0.290363146,3.680144e-02,3.112976e-02,3.918931e-02,8.810020e-04,4.303552e-04,7.720215e-03,3.692836e-03,1.474053e-03,5.175223e+00,6.615637e+00,5.596196e-01,3.525831e-01,3.614060e+01,0.000000,0.295173,3.390801,9.097607,14.307873,37.229266,13.442115,0.000000,0.000000,0.000000,1.189565049e-04
1.290050,-0.000247338,0.100119618,0.101250196,0.091874293,0.083324414,0.084409485,0.086748377,0.089389502,0.571445732,4.838365307,5.990291952,10.212944384,0.270167425,3.978159e-01,2.507084e-02,3.504625e-02,1.041123e-03,4.882836e-03,5.881795e-04,6.047652e-04,1.390027e-03,2.396334e+00,3.662762e+00,6.691265e-01,2.441128e-01,4.171597e+01,0.000000,9.856095,7.266445,0.972809,0.000000,18.095427,4.697735,0.000000,0.000000,0.000000,-4.010454038e-04
1.300050,0.000065236,0.100302669,0.100707696,0.091232203,0.083348000,0.085843581,0.087226308,0.091235457,0.578524338,4.815637996,5.975161633,10.237845876,0.248990704,3.025905e-02,2.628084e-02,3.469865e-02,1.412137e-03,7.997741e-04,4.844019e-04,1.042622e-03,1.866614e-03,2.653488e+00,3.146402e+00,9.861895e-01,2.812834e-01,1.855492e+01,0.000000,1.732897,0.000000,0.000000,0.000000,33.183434,4.832884,0.000000,0.000000,0.000000,1.064292405e-04
1.310050,-0.000236869,0.100171591,0.099698894,0.089996556,0.082597433,0.086296676,0.086766533,0.092100413,0.584621944,4.791929684,5.959050314,10.261766369,0.226832984,3.647271e-01,2.389212e-02,3.742196e-02,4.017540e-03,3.136255e-03,8.357879e-04,2.784642e-03,1.479548e-03,4.396999e+00,6.378365e+00,2.218504e-01,5.888248e-01,4.888251e+01,3.832584,1.952271,0.000000,0.917163,0.000000,5.817200,19.264574,0.000000,0.000000,0.000000,-3.850624743e-04
1.320050,0.000030376,0.100265684,0.100267912,0.089532872,0.083112851,0.085768772,0.086980077,0.091984369,0.589738550,4.767240373,5.941957995,10.284705861,0.203694263,8.066283e-03,2.440824e-02,3.759569e-02,4.980121e-04,4.223565e-03,6.839186e-04,1.177329e-03,6.975135e-04,3.612589e+00,1.641101e+00,1.390716e+00,3.916929e-01,1.835670e+01,3.736966,11.440343,0.000000,7.959556,0.000000,46.779714,87.883068,0.000000,0.000000,0.000000,4.957945537e-05
1.330050,-0.000199871,0.100355231,0.101210776,0.088470965,0.085277414,0.084844903,0.087570833,0.091281886,0.593874156,4.741570061,5.923884676,10.306664353,0.179574542,2.593133e-01,2.652361e-02,4.318380e-02,5.023484e-04,1.292430e-03,1.424781e-03,5.400398e-04,7.244767e-03,2.137567e+00,6.028804e+00,4.747181e-01,2.892413e-01,4.157159e+01,0.000000,2.006532,3.964536,0.309625,4.637194,11.620147,0.492754,0.000000,0.000000,0.000000,-3.232862084e-04
1.340050,0.000012699,0.100576202,0.101205242,0.086428058,0.086582147,0.084176905,0.087186878,0.092298603,0.597028762,4.714918750,5.904830356,10.327641845,0.154473822,2.773318e-03,2.740612e-02,3.078726e-02,8.023398e-04,1.219347e-03,5.718353e-04,1.159552e-03,3.033379e-03,2.705668e+00,5.080284e+00,1.429039e+00,2.201494e-01,3.271500e+01,0.000000,0.000000,1.911266,0.000000,8.888111,35.264039,3.796509,0.000000,0.000000,0.000000,2.262852995e-05
1.350050,-0.000249361,0.100503799,0.100679253,0.083471412,0.086905881,0.082694216,0.085821923,0.094457228,0.599202368,4.687286439,5.884795037,10.347638336,0.128541201,4.426929e-01,1.732086e-02,2.709393e-02,1.789908e-03,3.781533e-04,5.325185e-04,1.139941e-03,6.783244e-04,2.523571e+00,4.356162e+00,7.913890e-01,6.134477e-01,2.251311e+01,1.387607,0.000000,0.091842,0.000000,2.929942,2.446218,16.063454,291.137874,0.000000,0.000000,-3.798062879e-04
1.360050,-0.000961804,0.099850212,0.099559290,0.081077519,0.086248615,0.080252428,0.084344964,0.095902266,0.600394974,4.658673127,5.863778718,10.366653828,0.105822012,7.209457e+00,3.774350e-02,2.740197e-02,4.817187e-04,2.575075e-04,6.814583e-04,4.405933e-03,1.049706e-03,4.956177e+00,9.746873e+00,1.041100e+00,3.828951e-01,1.003957e+02,6.174268,0.000000,0.406475,7.066542,0.000000,19.219341,2.662127,4526.873746,0.000000,0.000000,-1.720687861e-03
1.370050,-0.001839989,0.098778780,0.097745016,0.078847329,0.084700468,0.077850074,0.083737070,0.096366305,0.600606580,4.629078816,5.841781398,10.384688319,0.102462338,2.256840e+01,2.284762e-02,7.003218e-02,1.734217e-02,6.420327e-03,1.207842e-02,9.404440e-04,1.178190e-03,2.239167e+00,3.770624e+00,1.228141e+00,2.816384e-01,1.315714e+02,5.361474,2.267653,10.403322,1.186868,0.000000,11.190685,41.759814,10172.847556,0.000000,0.000000,-3.082487671e-03
1.380050,0.000016515,0.100030638,0.100824559,0.082085696,0.085617138,0.081412720,0.082562993,0.095860048,0.599837186,4.598503504,5.818803079,10.401741811,0.120394041,5.008103e-01,6.274506e-02,6.139603e-02,4.899215e-03,1.052004e-03,3.524468e-03,1.804934e-02,2.096063e-03,2.945376e+00,8.258264e+00,6.635600e-01,2.625274e-01,2.258956e+01,21.786076,15.123529,18.689992,6.113322,0.517991,178.582647,175.111885,6011.336968,0.000000,0.000000,-6.443650156e-05
1.390050,-0.000160294,0.104650386,0.105475742,0.086707597,0.087823126,0.085840293,0.084143225,0.095579081,0.598086792,4.566947193,5.794843760,10.417814302,0.143122441,2.534873e-01,6.098946e-02,5.108579e-02,1.919713e-03,6.783369e-04,2.240070e-03,9.556321e-04,9.234227e-04,4.316692e+00,6.768820e+00,1.175910e+00,3.240534e-01,4.999858e+01,0.000000,0.027871,0.000000,7.928922,5.355583,5.858997,0.364650,101.978806,0.000000,0.000000,-2.635237549e-04
1.400050,-0.000042121,0.108300060,0.109147163,0.090348498,0.089048211,0.089286866,0.085305154,0.095057977,0.595355398,4.534409881,5.769903440,10.432905792,0.164896158,2.379659e-01,6.400849e-02,2.970065e-02,1.938021e-03,3.956268e-04,2.928723e-03,1.689092e-03,7.632612e-04,3.783309e+00,4.890626e+00,2.674999e-01,5.861754e-01,3.455239e+01,0.000000,0.000000,0.000000,0.000000,0.000000,0.000000,0.000000,0.000000,0.000000,0.000000,-2.402168808e-05
1.410050,-0.000103311,0.110968734,0.111837585,0.093008399,0.089292296,0.091752439,0.085500195,0.093555873,0.591643004,4.500891569,5.743982121,10.447016283,0.185688874,1.402562e-01,7.440912e-02,3.777157e-02,3.739613e-03,5.536580e-04,3.435576e-03,3.244523e-03,5.895513e-04,4.386045e+00,6.503034e+00,1.117130e+00,9.594697e-02,4.027391e+01,0.000000,0.000000,0.000000,0.189592,0.000000,0.000000,0.000000,0.000000,0.000000,0.000000,-1.429360806e-04
1.420050,-0.000101367,0.112656408,0.113547007,0.094687300,0.089192868,0.093237013,0.085856436,0.091072769,0.586949610,4.466392258,5.717079801,10.460145774,0.205500591,8.200864e-02,6.155662e-02,4.571223e-02,2.847876e-03,2.538253e-02,1.852748e-03,9.043711e-03,5.401122e-04,1.623571e+00,3.065463e+00,2.897767e-01,2.977697e-01,4.311232e+01,0.000000,7.876318,0.000000,8.523626,0.000000,0.000000,0.000000,0.000000,0.000000,0.000000,-1.758543441e-04
1.430050,-0.000044404,0.113363082,0.114275429,0.095906251,0.092543228,0.093740586,0.088044679,0.087897851,0.581275216,4.430911946,5.689196482,10.472294264,0.224331307,9.164560e-02,6.411282e-02,4.354188e-02,3.325548e-03,1.319668e-03,4.787344e-04,1.035341e-03,2.047147e-03,2.901620e+00,3.962805e+00,8.502560e-01,3.168962e-01,4.412975e+01,4.980801,9.679085,0.000000,4.032351,2.797349,0.000000,0.000000,0.000000,0.000000,0.000000,-9.151399914e-05
1.440050,-0.000156791,0.113088756,0.114022850,0.097626954,0.095696113,0.093455747,0.089531132,0.085604686,0.574619822,4.394450635,5.660332162,10.483461754,0.242181024,2.185721e-01,5.268542e-02,4.585587e-02,2.029299e-03,6.183571e-04,8.046068e-03,2.200318e-03,1.738128e-02,3.589841e+00,4.225934e+00,4.876646e-01,4.321489e-01,2.851312e+01,1.212971,0.000000,2.784513,0.000000,11.007031,0.000000,0.000000,0.000000,0.000000,0.000000,-2.550516987e-04
1.450050,-0.000043914,0.111833430,0.112789272,0.098662503,0.097867999,0.094739967,0.090967465,0.086559416,0.571976275,4.357008323,5.630486843,10.493648245,0.259049741,3.240377e-02,5.665918e-02,3.723876e-02,2.067841e-03,1.491463e-03,2.008281e-03,1.290465e-03,1.481714e-03,3.315579e+00,2.940714e+00,6.354975e-01,3.314829e-01,4.697696e+01,1.070420,0.000000,8.279119,5.148268,6.848208,0.000000,0.000000,0.000000,172.778037,0.000000,-6.469649304e-05
1.460050,-0.000153234,0.109597104,0.110574694,0.098838801,0.099058885,0.095988418,0.092208007,0.087036508,0.571997783,4.318585011,5.599660523,10.502853735,0.274937457,1.802499e-01,4.280950e-02,3.169793e-02,1.800030e-03,1.924387e-03,1.947714e-03,6.453277e-04,1.419324e-03,2.108210e+00,2.812913e+00,1.112579e+00,1.277171e-01,2.704743e+01,0.000000,0.000000,0.000000,0.000000,0.000000,0.000000,0.000000,0.000000,0.000000,0.000000,-2.401430943e-04
1.470050,0.000001640,0.106727897,0.107379115,0.098525387,0.099268770,0.096255869,0.092467549,0.086532601,0.571038291,4.279180700,5.567853204,10.511078224,0.289844174,5.278269e-02,9.331166e-02,3.114457e-02,1.678897e-03,9.605732e-04,1.287440e-03,1.685589e-03,1.215895e-03,2.080678e+00,5.496861e+00,4.078001e-01,4.040841e-01,4.884821e+01,3.108912,0.000000,0.000000,0.000000,0.000000,25.853837,0.000000,0.000000,0.000000,0.000000,1.895815819e-06
1.480050,-0.000208524,0.104455806,0.103374831,0.097807870,0.098497656,0.095542319,0.091746090,0.087031947,0.569097799,4.238795388,5.535064884,10.518321714,0.303769890,3.145079e-01,5.786685e-02,1.091041e-01,8.818992e-04,4.624851e-04,1.233808e-03,2.000480e-03,1.185141e-02,5.296272e+00,3.086503e+00,1.387057e+00,3.940538e-01,3.101574e+01,0.105811,0.000000,0.000000,0.000000,16.443085,48.513919,22.929363,0.000000,0.000000,0.000000,-3.357098395e-04
1.490050,0.000028135,0.103201803,0.101346522,0.097436184,0.096745542,0.093847770,0.090377247,0.091438634,0.566176306,4.197429076,5.501295565,10.524584204,0.316714607,2.584302e-02,3.339177e-02,3.637734e-02,3.894385e-03,1.156814e-03,1.472013e-03,2.455376e-03,1.417600e-03,4.105587e+00,6.721408e+00,4.656112e-01,3.809602e-01,3.835004e+01,9.219322,0.000000,0.000000,3.711970,4.878974,39.338211,90.277261,0.000000,0.000000,0.000000,4.306223236e-05
1.500050,-0.000241465,0.102000620,0.100925375,0.098045642,0.094012427,0.091172220,0.089152271,0.095099079,0.562273814,4.155081765,5.466545245,10.529865693,0.328678323,4.031938e-01,1.981766e-01,3.429050e-01,1.767596e-03,1.345646e-03,1.163766e-03,1.410999e-03,1.879627e-03,1.466608e+00,5.211705e+00,1.362138e+00,1.042333e-01,3.728733e+01,0.696428,0.000000,0.000000,0.762063,0.000000,44.917146,103.756240,0.000000,0.000000,0.000000,-3.905835755e-04
1.510050,0.000054332,0.103982908,0.104282759,0.097693765,0.090308003,0.087515671,0.088243943,0.097778524,0.557390322,4.111753453,5.430813926,10.534166183,0.339661040,5.542629e-02,5.472928e-02,1.213213e-01,1.066823e-03,2.274320e-03,5.230902e-04,5.578310e-03,1.658867e-03,2.627300e+00,4.464499e+00,6.763586e-01,3.431098e-01,4.176620e+01,0.000000,0.917253,0.000000,9.420573,0.000000,103.750780,59.866409,0.000000,0.000000,0.000000,8.377545112e-05
1.520050,-0.000244473,0.106357333,0.107255352,0.096360887,0.088361988,0.084329764,0.088712443,0.099476969,0.551525829,4.067444141,5.394101606,10.537485672,0.349662757,4.128687e-01,7.176047e-02,6.759724e-02,6.918045e-04,9.056925e-03,1.033986e-02,6.576133e-04,1.437516e-03,4.285673e+00,8.287441e+00,7.606337e-01,3.414602e-01,3.798298e+01,0.000000,15.966002,10.660146,1.641244,0.000000,2.422189,0.000000,0.000000,0.000000,0.000000,-3.946679596e-04
1.530050,0.000083482,0.108064576,0.109246945,0.094047010,0.089020778,0.083286674,0.088264602,0.100194415,0.544680337,4.022153830,5.356408286,10.539824161,0.358683473,7.489061e-02,9.787107e-02,6.869921e-02,9.073363e-04,1.186739e-03,7.850959e-04,1.285868e-03,1.439754e-03,5.376126e+00,2.871161e+00,8.885428e-01,3.478480e-01,3.381547e+01,0.000000,2.395336,3.763988,0.000000,0.000000,8.017544,0.000000,0.000000,0.000000,0.000000,1.355740670e-04
1.540050,-0.000277496,0.109675982,0.110300750,0.090752133,0.088789860,0.082707318,0.086835760,0.099930860,0.536853845,3.975882518,5.317733967,10.541181650,0.366723190,5.273807e-01,1.017307e-01,1.354439e-01,8.840002e-04,7.551607e-04,1.532347e-02,1.372798e-03,1.335764e-03,1.483984e+00,6.184426e+00,3.837615e-01,1.908471e-01,3.795472e+01,0.000000,0.000000,11.575421,0.000000,0.000000,47.088037,6.639643,0.000000,0.000000,0.000000,-4.450580842e-04
1.550050,0.000101404,0.112180415,0.111283659,0.087613338,0.087577943,0.086642076,0.084425919,0.098686305,0.528046353,3.928630206,5.278078647,10.541558138,0.373781906,9.730282e-02,5.889733e-02,1.295630e-01,2.451876e-03,6.999780e-04,3.167292e-03,7.048629e-04,9.183890e-04,1.854509e+00,3.540442e+00,9.981376e-01,1.200321e-01,2.642541e+01,7.487001,0.000000,12.066891,0.000000,0.000000,27.140797,34.269577,0.000000,0.000000,0.000000,1.655095262e-04
1.560050,-0.000289811,0.114015788,0.112559582,0.085108274,0.086379164,0.090769342,0.082036319,0.096484006,0.518257860,3.880396894,5.237442327,10.540953627,0.379859623,5.686738e-01,3.949920e-02,4.933708e-02,8.149530e-04,3.369617e-02,1.497957e-03,2.000076e-02,1.951571e-03,3.246477e+00,2.914223e+00,9.451463e-02,4.853202e-01,4.696471e+01,0.830545,11.344759,0.000000,9.675919,0.890908,0.000000,22.121316,0.000000,0.000000,0.000000,-4.676293248e-04
1.570050,0.000120347,0.114870160,0.113148396,0.082339012,0.089647639,0.093915608,0.082886265,0.095503982,0.507488368,3.831182583,5.195825007,10.539368115,0.384956339,1.207986e-01,4.285835e-02,7.841851e-02,2.450650e-03,1.403965e-03,1.045371e-03,2.740045e-03,1.576096e-03,3.939531e+00,4.446548e+00,9.415754e-01,2.045095e-01,2.915532e+01,5.212563,10.544370,0.000000,7.669367,11.509210,0.000000,0.000000,0.000000,0.000000,0.000000,1.930355877e-04
1.580050,-0.000299591,0.114743532,0.112756210,0.081694260,0.092789098,0.096080874,0.083315185,0.095499244,0.495737876,3.780987271,5.153226688,10.536801604,0.389072056,6.076922e-01,7.384794e-02,6.928689e-02,2.025971e-02,8.313065e-04,2.404656e-03,7.529606e-04,8.490802e-04,2.194734e+00,1.432673e+00,3.002384e-01,2.970927e-01,4.206163e+01,15.675723,0.000000,0.000000,0.000000,0.151645,0.000000,0.000000,0.000000,0.000000,0.000000,-4.856539264e-04
1.590050,0.000130207,0.113635905,0.111383024,0.085006497,0.094949557,0.097265140,0.085090125,0.094514610,0.483006383,3.729810959,5.109647368,10.533254092,0.392206772,1.313301e-01,5.096427e-02,3.264112e-02,1.342133e-03,1.071110e-03,2.236784e-03,5.751795e-03,1.022265e-03,7.738641e-01,3.205270e+00,9.072137e-01,1.476507e-01,2.978952e+01,6.900760,0.000000,0.000000,14.292472,0.000000,0.000000,0.000000,0.000000,0.000000,0.000000,2.100903707e-04
