scene,control,solver,iters,substeps,relax,margin_J,eq2_violates,gross_supply_J,return_channel_J,cum_modal_gain_J,peak_net_modal_J,peak_modal_E_J,kick_realized_J,n_steps,finite,wall_s
shelf,resting_no_impact,xpbd,4,1,0.7,1458.2489254349825,True,0.32384043607541546,0.22685635628463913,9572.268347997391,1458.3942933045694,1179.413378439167,,108,True,0.2188588340068236
shelf,resting_no_impact,xpbd,8,2,0.7,9.734870355875668,True,0.39905817154450435,0.3091399032732377,37.11115349780824,9.806582784882494,1.9766647688935828,,216,True,0.7812586250947788
shelf,resting_no_impact,xpbd,16,4,0.7,-7.934668547204815e-14,False,0.5928045748933729,0.5062305182629718,0.385483133175848,0.08165466214649626,0.06408594138810099,,432,True,2.945673667010851
shelf,resting_no_impact,xpbd,32,8,0.7,0.0,False,0.7946118999693013,0.7136831870697451,0.5257810454322932,0.08454504041649477,0.07221999817089488,,864,True,11.508871291996911
ledge,resting_no_impact,xpbd,4,1,0.7,207.02364269082557,True,0.08585629390979638,0.0119410089378853,2703.050334143846,207.10461042284376,125.52346547696196,,108,True,0.3367772080237046
ledge,resting_no_impact,xpbd,8,2,0.7,0.13992004039679448,True,0.07679806981576981,0.012651086225143375,3.608343574226606,0.20626726905785012,0.1451707026956206,,216,True,1.0534465000964701
ledge,resting_no_impact,xpbd,16,4,0.7,-6.608619901316004e-13,False,0.07878150494795011,0.01370925044791138,0.009904358704396822,0.00385635727635858,0.0003220672217274173,,432,True,3.656993458047509
ledge,resting_no_impact,xpbd,32,8,0.7,0.0,False,0.08632707275559251,0.02166169959201403,0.017730495374250158,0.007320330688310384,0.000950103611031648,,864,True,13.524671916035004
dinner,resting_no_impact,xpbd,4,1,0.7,-1.1719791803699309e-14,False,0.33515853166085197,0.2403266946975101,0.1839087723239818,0.061914543014842775,0.061914543014842775,,108,True,1.1845859579043463
dinner,resting_no_impact,xpbd,8,2,0.7,0.0,False,0.3433536826622779,0.2481251135838755,0.18793825248395704,0.06229488274897892,0.06229488274897892,,216,True,4.034227124997415
dinner,resting_no_impact,xpbd,16,4,0.7,-6.615021030942358e-14,False,0.3460849306026288,0.2508146755504187,0.1895263401173859,0.06226009807747445,0.06219268729149069,,432,True,14.642437875038013
dinner,resting_no_impact,xpbd,32,8,0.7,0.0,False,0.3467651454092385,0.2515976865832097,0.18996635301095707,0.06259915262719021,0.06251716914586218,,864,True,55.30000891699456
shelf,resting_no_impact,avbd,4,1,0.7,-0.000976817009782711,False,36.39597422740127,0.0,0.008088682680049522,0.008088682680049522,0.008088682680049522,,108,True,0.1879005410009995
shelf,resting_no_impact,avbd,8,2,0.7,-0.001254482860484748,False,44.739554648103265,0.0,0.026579338249617324,0.02548818428073677,0.02548818428073677,,216,True,0.3685176660073921
shelf,resting_no_impact,avbd,16,4,0.7,-0.0004964834687296408,False,47.58258889443526,0.0,0.028723495197497034,0.02841718679590502,0.02841718679590502,,432,True,1.3265111660584807
shelf,resting_no_impact,avbd,32,8,0.7,-7.1424563638767e-05,False,47.589149593302714,0.0,0.5883549702428477,0.13852747995523607,0.10162231617283918,,864,True,5.033348042052239
ledge,resting_no_impact,avbd,4,1,0.7,-0.03506881791375731,False,57.63061156189098,0.0,0.8073332762876673,0.2616537858266375,0.2616537858266375,,108,True,0.10427549993619323
ledge,resting_no_impact,avbd,8,2,0.7,-0.003942954667500713,False,27.842216042916345,0.0,0.3811073309144787,0.10643408036457461,0.06752840528242189,,216,True,0.3433540409896523
ledge,resting_no_impact,avbd,16,4,0.7,-0.0003071991649806396,False,27.861372445182816,0.015323616787367378,0.08478470948020939,0.02602842982102547,0.00804425667586091,,432,True,1.2342906249687076
ledge,resting_no_impact,avbd,32,8,0.7,0.0,False,0.062386859555790555,157.4089049115574,0.03475355184973219,0.01499763876202169,0.0004004372608230369,,864,True,4.605378166073933
dinner,resting_no_impact,avbd,4,1,0.7,-0.0007975680562365588,False,33.01416810901064,0.0,0.021570136808118503,0.018740880518713015,0.018740880518713015,,108,True,0.27670241601299495
dinner,resting_no_impact,avbd,8,2,0.7,-0.0008303547508935469,False,40.97474548588318,0.0,0.03143522779217432,0.029926331300649898,0.029926331300649898,,216,True,1.049124832963571
dinner,resting_no_impact,avbd,16,4,0.7,-0.0004354259509476788,False,39.69679306152403,0.0,0.03246154179101244,0.03238582616863628,0.03238582616863628,,432,True,3.999102749978192
dinner,resting_no_impact,avbd,32,8,0.7,-0.00010049674305016788,False,39.691559441473395,0.0,0.22259397986047813,0.10415776416690932,0.10410836614261293,,864,True,15.302057125023566
shelf,resting_no_impact,impulse,4,1,0.7,0.0,False,0.14943117958239155,0.04295538625352752,0.08716990268895014,0.06900082595291532,0.03326510758587693,,108,True,0.23759887495543808
shelf,resting_no_impact,impulse,8,2,0.7,0.0,False,0.2068423180780428,0.1006682233695403,0.14693903220544793,0.08740516771545068,0.04580140594694901,,216,True,0.5180266660172492
shelf,resting_no_impact,impulse,16,4,0.7,0.0,False,0.35866880339705287,0.25227836872944076,0.30194960915573005,0.119149462360361,0.07276711367179732,,432,True,1.2200380420545116
shelf,resting_no_impact,impulse,32,8,0.7,0.0,False,0.6070061215496906,0.4975443650123919,0.555017864944508,0.14315641041239613,0.10317810782053462,,864,True,3.1670438749715686
ledge,resting_no_impact,impulse,4,1,0.7,-0.0034796468835159534,False,0.07504906025900177,0.00027622175668007287,0.0002779683114814156,0.00027318612496777725,0.00019687531923647919,,108,True,0.36465458397287875
ledge,resting_no_impact,impulse,8,2,0.7,0.0,False,0.06812726929032611,0.0,0.00039422286386676567,0.00039422286185420785,0.0001938003962449324,,216,True,0.7660595829365775
ledge,resting_no_impact,impulse,16,4,0.7,0.0,False,0.06499114468074052,0.0,0.000682139463172342,0.0006821394531773363,0.0001913964485078677,,432,True,1.6733229160308838
ledge,resting_no_impact,impulse,32,8,0.7,0.0,False,0.0643994644616965,1.734723475976807e-17,0.002224040844208627,0.0019972253651457427,0.00019114758073874533,,864,True,3.9611775829689577
dinner,resting_no_impact,impulse,4,1,0.7,-0.0004918355739662923,False,0.24344848401717906,0.11133623157102313,0.15584200619858557,0.0913586697574664,0.0913586697574664,,108,True,1.549700167030096
dinner,resting_no_impact,impulse,8,2,0.7,0.0,False,0.31446859224184187,0.18811150004589045,0.22796563789270957,0.10600961618542647,0.10600961618542647,,216,True,3.3768662080401555
dinner,resting_no_impact,impulse,16,4,0.7,0.0,False,0.37618931208927237,0.25751986777683106,0.2919979191978545,0.1160394243966246,0.11590786548634668,,432,True,7.641677375067957
dinner,resting_no_impact,impulse,32,8,0.7,0.0,False,0.4172619885486927,0.3050273652161128,0.3349202729255591,0.12141879092277623,0.12120625887693035,,864,True,19.083153125015087
shelf,modal_freevib,xpbd,4,1,0.7,4338.527527819011,True,0.3167594769629826,0.21932906022039966,40246.76638714549,4338.653427439244,3267.841521021917,1.0000000000000002,108,True,0.2125684580532834
shelf,modal_freevib,xpbd,8,2,0.7,103.99480863139082,True,0.3686022439521052,0.2782946368535977,283.85427317892004,104.12695391312657,49.34167579516561,1.0000000000000002,216,True,0.7547584170242772
shelf,modal_freevib,xpbd,16,4,0.7,0.9968549386862428,True,0.20947618438792492,0.11955742533415967,1.1531189776245234,0.9968549386863221,0.7250881143537664,1.0000000000000002,432,True,2.763691041036509
shelf,modal_freevib,xpbd,32,8,0.7,0.9941932613427759,True,0.5880266861804231,0.4990484088976626,0.25342292199601546,0.9941932613427759,0.15814202092900898,1.0000000000000002,864,True,10.850300875026733
ledge,modal_freevib,xpbd,4,1,0.7,580.3303417009497,True,0.09833046289210218,0.02437230957511205,7217.464086073533,580.4124952387485,334.907206370462,1.0000000000000002,108,True,0.3326370830181986
ledge,modal_freevib,xpbd,8,2,0.7,1.2620010987230215,True,0.09288995793254634,0.028607348699017036,2.158486482518387,1.3262670179888012,0.9881975948769852,1.0000000000000002,216,True,1.0567304589785635
ledge,modal_freevib,xpbd,16,4,0.7,0.9989591919498315,True,0.10133281657401749,0.03581659385960562,0.005662111585928331,0.9989591919504924,0.6718630547415223,1.0000000000000002,432,True,3.572019250015728
ledge,modal_freevib,xpbd,32,8,0.7,0.9977247527328827,True,0.11837313623954454,0.05432141802503697,0.0,0.9977247527328827,0.2930216490012898,1.0000000000000002,864,True,13.78073133295402
dinner,modal_freevib,xpbd,4,1,0.7,0.9889644094871339,True,0.5080468581841465,0.4231746442869901,0.20273642066910358,0.9912839722139319,0.9860558183028103,0.9999999999999999,108,True,1.2061707091052085
dinner,modal_freevib,xpbd,8,2,0.7,0.9971993363047775,True,0.5333552788008307,0.4515851158493385,0.05827378399883372,0.9971993363047775,0.8701485629658172,0.9999999999999999,216,True,3.8982464580330998
dinner,modal_freevib,xpbd,16,4,0.7,0.9964579620122755,True,0.5440506547197278,0.4639425706906047,0.1667502385120309,0.9964579620123417,0.47785051654126187,0.9999999999999999,432,True,13.739654624951072
dinner,modal_freevib,xpbd,32,8,0.7,0.9947024111435001,True,0.5662016062101578,0.48706803786057756,0.21730387162546483,0.9947024111435001,0.1781077431931967,0.9999999999999999,864,True,51.37541954196058
shelf,modal_freevib,avbd,4,1,0.7,0.9544319152631024,True,36.42211982374191,0.0,0.0163203257269246,0.9549191954394183,0.853998089183326,1.0000000000000002,108,True,0.10661487502511591
shelf,modal_freevib,avbd,8,2,0.7,0.9868031836552615,True,44.739911646735855,0.0002492767608851861,0.0,0.9879463422896742,0.813441114098141,1.0000000000000002,216,True,0.3514899170259014
shelf,modal_freevib,avbd,16,4,0.7,0.9963584525373411,True,47.585497316882396,0.0020956454548777077,0.007472594839859292,0.9968549360060708,0.5930878746922168,1.0000000000000002,432,True,1.3049190000165254
shelf,modal_freevib,avbd,32,8,0.7,0.994121836779137,True,47.60997328400836,0.03054411607835514,0.18797615669109655,0.9941932613427757,0.16045648777311106,1.0000000000000002,864,True,4.975784540991299
ledge,modal_freevib,avbd,4,1,0.7,0.9646507256903968,True,57.6351679188122,0.0,0.6115301884670379,1.1548456265245512,1.1548456265245512,1.0000000000000002,108,True,0.10579983296338469
ledge,modal_freevib,avbd,8,2,0.7,0.9956747068622213,True,27.865168372698307,0.0,0.13149357481104573,1.0481716663116614,0.9149758533248363,1.0000000000000002,216,True,0.34954550000838935
ledge,modal_freevib,avbd,16,4,0.7,0.9986519919885012,True,27.846230484573617,0.016220056886383477,0.0077569697841940455,0.9989591911534819,0.6740134088685646,1.0000000000000002,432,True,1.2418634589994326
ledge,modal_freevib,avbd,32,8,0.7,0.9977247527328827,True,0.07426711880456906,157.43579320112173,0.0,0.9977247527328827,0.2920283240870535,1.0000000000000002,864,True,4.691478916909546
dinner,modal_freevib,avbd,4,1,0.7,0.992849385827684,True,33.00826186590052,0.0,0.010395340561163757,0.9936469538839205,0.8645088124226987,0.9999999999999999,108,True,0.25386929197702557
dinner,modal_freevib,avbd,8,2,0.7,0.9963267957073614,True,40.97708427908698,0.0,0.0,0.9971571504582549,0.8069627136146021,0.9999999999999999,216,True,0.9589859999250621
dinner,modal_freevib,avbd,16,4,0.7,0.9960225321201862,True,39.69621877413615,8.703317414981288e-05,0.0021982017348060254,0.9964579580711339,0.43485690290658036,0.9999999999999999,432,True,3.850142666953616
dinner,modal_freevib,avbd,32,8,0.7,0.9946019144004502,True,39.701422146160176,0.013240982287131142,0.2039854142676621,0.9947024111435003,0.17234933591957158,0.9999999999999999,864,True,14.9121284999419
shelf,modal_freevib,impulse,4,1,0.7,0.03288758706450896,True,0.17378032848061292,0.06730407484230522,0.09457624691293813,0.08282327184042365,0.034879622588534935,1.0000000000000002,108,True,0.23660770803689957
shelf,modal_freevib,impulse,8,2,0.7,0.06305733338374842,True,0.24225631207656645,0.13608324889582965,0.17909053443314185,0.11055920146861721,0.05165293041725612,1.0000000000000002,216,True,0.5150692920433357
shelf,modal_freevib,impulse,16,4,0.7,0.10185825190040014,True,0.40991210156526886,0.30347692584008323,0.35509937368250555,0.14513384662987922,0.08522801717590318,1.0000000000000002,432,True,1.2174404999241233
shelf,modal_freevib,impulse,32,8,0.7,0.15644569162942962,True,0.6743647220442867,0.5638298600378233,0.6175687508606587,0.16502151699962636,0.11901724189263282,1.0000000000000002,864,True,3.2254285409580916
ledge,modal_freevib,impulse,4,1,0.7,-0.0021873209822914604,False,0.07512075592156756,0.00015367745514893727,2.8022801812096424e-05,0.0011723931103149482,0.00019665997550140257,1.0000000000000002,108,True,0.36462804197799414
ledge,modal_freevib,impulse,8,2,0.7,0.006344801326525091,True,0.06579261285360455,0.0,4.4419226496309036e-05,0.006396087279297631,0.00019371407198917972,1.0000000000000002,216,True,0.7573802089318633
ledge,modal_freevib,impulse,16,4,0.7,0.02035316391158716,True,0.06486808767881175,0.0,0.00043436994321443916,0.02035316391158716,0.0001913954608994435,1.0000000000000002,432,True,1.6707256670342758
ledge,modal_freevib,impulse,32,8,0.7,0.04654772738901174,True,0.06448179628963957,1.734723475976807e-17,0.0018876343140498012,0.04654772738901174,0.00019114817384425467,1.0000000000000002,864,True,3.9408572079846635
dinner,modal_freevib,impulse,4,1,0.7,0.06837756821504935,True,0.28000804992145156,0.1470262727526014,0.1894601059653826,0.11482797092683068,0.11482797092683068,0.9999999999999999,108,True,1.5803111670538783
dinner,modal_freevib,impulse,8,2,0.7,0.1076301474350611,True,0.38065335379188725,0.2540350518829478,0.2926364376719436,0.14323213600365164,0.14297231870001853,0.9999999999999999,216,True,3.4106434169225395
dinner,modal_freevib,impulse,16,4,0.7,0.1612217239079398,True,0.46921906300404187,0.3524103819580677,0.3786345223479909,0.16240337961989182,0.16190213321697797,0.9999999999999999,432,True,7.68198895896785
dinner,modal_freevib,impulse,32,8,0.7,0.22977680085804578,True,0.5341833893618548,0.42592983089493447,0.4347905923112633,0.22977680085804578,0.17545313856573694,0.9999999999999999,864,True,19.060652790940367
