solver,scene,relax,iters,substeps,injects_off,ratio_off,ratio_on,passive_off,passive_on,holds_off,holds_on,cum_gain_off,cum_gain_on,cum_loss_off,cum_loss_on,max_net_excess_on,e_modal_peak_off,e_imp_peak_off,n_clamped_on,n_steps_on,finite_off,finite_on,wall_off_s,wall_on_s
xpbd,shelf,0.7,4,1,True,6333.221296009669,1.1968564004605384,True,True,True,True,0.0,32.85052166259677,0.0,32.8505216625967,7.105427357601002e-14,173830.06290356058,27.44733758365345,107,108,True,True,0.21908049995545298,0.24393208394758403
xpbd,shelf,0.7,8,2,True,53.73070660394743,1.0106758619142793,True,True,True,True,0.0,31.023751930670365,0.0,31.023751930670358,2.7755575615628914e-17,1555.5590344086288,28.95102507909968,162,216,True,True,0.5461803339421749,0.71177599998191
xpbd,shelf,0.7,16,4,False,0.4365817490775668,0.4365817490775668,True,True,True,True,0.0,26.32591627120917,0.0,38.94113171148657,-0.002297302734375,12.63948916662184,28.95102507909968,0,432,True,True,2.2045216659316793,2.1787384999915957
xpbd,shelf,0.7,32,8,False,0.4694092144237924,0.4694092144237924,True,True,True,True,0.0,17.441980866228295,0.0,40.939924222685235,-0.00057432568359375,13.589877939143692,28.95102507909968,0,864,True,True,7.5363868329441175,7.715058709029108
xpbd,shelf,1.0,4,1,True,10962.069581259255,1.2212861781434106,True,True,True,True,0.0,33.52105401775216,0.0,33.521054017752014,9.947598300641403e-14,300879.62441232137,27.44733758365345,107,108,True,True,0.1817158330231905,0.2439687920268625
xpbd,shelf,1.0,8,2,True,123.65613735990345,1.0024541533952553,True,True,True,True,0.0,31.614239205751534,0.0,31.61423920575153,1.0658141036401503e-14,3579.9719338911596,28.95102507909968,170,216,True,True,0.5655137080466375,0.7151673339540139
xpbd,shelf,1.0,16,4,False,0.6786529426082029,0.6786529426082029,True,True,True,True,0.0,38.60984957617442,0.0,38.609849576174426,-0.002297302734375,19.647698361454875,28.95102507909968,26,432,True,True,2.1919644159497693,2.168607500032522
xpbd,shelf,1.0,32,8,False,0.6979610081110307,0.6979610081110307,True,True,True,True,0.0,26.88301133080548,0.0,43.54204660584984,-0.00057432568359375,20.206686650056145,28.95102507909968,0,864,True,True,9.031212790985592,9.107006084057502
xpbd,ledge,0.7,4,1,True,56266.17194865355,1.0673167005035578,True,True,True,True,0.0,418.5405721614747,0.0,418.5405721614746,5.684341886080802e-14,20817245.79178724,369.97800047218954,98,108,True,True,0.2664205419132486,0.342803290928714
xpbd,ledge,0.7,8,2,True,47.45301737077002,1.0151256605134884,True,True,True,True,0.0,398.88279362546297,0.0,398.8827936254629,-0.04719912890625,18266.77353083404,384.94440486488344,96,216,True,True,0.9720641250023618,1.0424568749731407
xpbd,ledge,0.7,16,4,False,0.2199407333866165,0.2199407333866165,True,True,True,True,0.0,147.62096032239722,0.0,418.6108191412432,-0.0117997822265625,84.66495471905708,384.94440486488344,0,432,True,True,3.2680148750077933,3.263227790943347
xpbd,ledge,0.7,32,8,False,0.23900324488681501,0.23900324488681501,True,True,True,True,0.0,141.76395130323598,0.0,465.61547553262454,-0.0029499455566406245,92.002961863731,384.94440486488344,0,864,True,True,10.718763249926269,12.029102207976393
xpbd,ledge,1.0,4,1,True,119533.8648400968,1.0658707614032321,True,True,True,True,0.0,425.771751684416,0.0,425.77175168441573,1.1368683772161603e-13,44355665.41430452,371.071959177762,101,108,True,True,0.281821999931708,0.3594275419600308
xpbd,ledge,1.0,8,2,True,167.72318234516007,1.01222717144518,True,True,True,True,0.0,400.18279199896165,0.0,400.1827919989615,2.7755575615628914e-17,64564.100609901965,384.94440486488344,98,216,True,True,0.9605688749579713,0.9999327500117943
xpbd,ledge,1.0,16,4,False,0.3202085554211415,0.3202085554211415,True,True,True,True,0.0,297.6285944064916,0.0,432.6754143031638,-0.0117997822265625,123.26249179923536,384.94440486488344,0,432,True,True,3.613130541983992,3.6368098329985514
xpbd,ledge,1.0,32,8,False,0.41105085693137294,0.41105085693137294,True,True,True,True,0.0,241.89198864608815,0.0,469.9171121302623,-0.0029499455566406245,158.2317274906477,384.94440486488344,0,864,True,True,9.622522666933946,9.594228625064716
xpbd,dinner,0.7,4,1,False,0.13472324006171416,0.13472324006171416,True,True,True,True,0.0,4.404030417109058,0.0,28.116073786156097,-0.039831052500000005,3.081495208614544,22.87278131971121,0,108,True,True,1.1492935420246795,1.1537800419609994
xpbd,dinner,0.7,8,2,False,0.09577408442628675,0.09577408442628675,True,True,True,True,0.0,3.8621544378077446,0.0,28.2620853063859,-0.009957763125000003,2.310631600127698,24.125854232583066,0,216,True,True,3.713143458007835,3.7242174160201102
xpbd,dinner,0.7,16,4,False,0.11319896573951982,0.11319896573951982,True,True,True,True,0.0,4.4139592387378475,0.0,28.358000844030585,-0.0024894407812499995,2.7310217467108195,24.125854232583066,0,432,True,True,12.808897332986817,12.999030916951597
xpbd,dinner,0.7,32,8,False,0.11641933721455615,0.11641933721455615,True,True,True,True,0.0,4.485046964196039,0.0,28.382397633514742,-0.0006223601953124998,2.808715959492315,24.125854232583066,0,864,True,True,47.70877849997487,47.84250287502073
xpbd,dinner,1.0,4,1,False,0.3721407008706691,0.3721407008706691,True,True,True,True,0.0,10.976026873663686,0.0,29.49457136974024,-0.039831052500000005,8.511892871178876,22.87278131971121,0,108,True,True,1.136990583036095,1.1548938329797238
xpbd,dinner,1.0,8,2,False,0.18624512463342682,0.18624512463342682,True,True,True,True,0.0,7.6362729193019705,0.0,29.697095534463934,-0.009957763125000003,4.493322728435321,24.125854232583066,0,216,True,True,3.680773542029783,3.676173874991946
xpbd,dinner,1.0,16,4,False,0.2120960236861659,0.2120960236861659,True,True,True,True,0.0,8.407068261068037,0.0,29.786410494137368,-0.0024894407812499995,5.116997750762923,24.125854232583066,0,432,True,True,12.624169666902162,12.514577417052351
xpbd,dinner,1.0,32,8,False,0.22550587267467298,0.22550587267467298,True,True,True,True,0.0,8.930397361313267,0.0,29.85263742486363,-0.0006223601953124998,5.440521812740597,24.125854232583066,0,864,True,True,46.108639375073835,46.623747208039276
avbd,shelf,0.7,4,1,False,0.5022392611128728,0.5022392611128728,,True,,True,,15.72816415627592,,24.218545635418533,-0.0020534795039182587,11.271225795569263,22.441944842373005,0,108,True,True,0.18042708293069154,0.11067379103042185
avbd,shelf,0.7,8,2,False,0.27124711524052814,0.26023240311766443,,True,,True,,7.886943355251347,,29.77092362350746,-4.336808689942018e-19,7.728478501950896,28.492389661352433,68,216,True,True,0.3592413340229541,0.37319737498182803
avbd,shelf,0.7,16,4,False,0.6173990035150052,0.6181763689245159,,True,,True,,20.377390331936535,,39.009185412069975,1.0842021724855044e-18,17.765054655465395,28.774025475137705,102,432,True,True,1.3516894169151783,1.3542232080362737
avbd,shelf,0.7,32,8,False,0.7242611547588103,0.7212080583118019,,True,,True,,27.472867815409803,,48.18399805237668,3.469446951953614e-18,20.847947432691296,28.785124392918704,152,864,True,True,4.907577333971858,4.784136875066906
avbd,shelf,1.0,4,1,False,0.8587018889879681,0.8586755938851545,,True,,True,,19.27035031546252,,28.42934278318455,2.6020852139652106e-18,19.270940428709487,22.441944842373005,12,108,True,True,0.09833816706668586,0.10719624999910593
avbd,shelf,1.0,8,2,False,0.3965717994508056,0.380147531262177,,True,,True,,14.13659774754784,,32.582564352259034,1.214306433183765e-17,11.299278238656065,28.492389661352433,70,216,True,True,0.3439555000513792,0.3645065410528332
avbd,shelf,1.0,16,4,False,0.6610646352229972,0.660836863820945,,True,,True,,22.456853683387614,,40.76840366328022,1.0842021724855044e-18,19.021490654619136,28.774025475137705,95,432,True,True,1.2737763329641894,1.3015393750974908
avbd,shelf,1.0,32,8,False,0.7228742698958187,0.7179010552892515,,True,,True,,27.043259204873912,,47.4493233229176,2.6020852139652106e-18,20.80802577939143,28.785124392918704,161,864,True,True,4.920044124941342,4.859836540999822
avbd,ledge,0.7,4,1,False,0.08010957298187897,0.08865952820663572,,True,,True,,34.67543095725226,,369.3484283793275,-0.005206471630257961,30.27362475794234,377.90271038881116,21,108,True,True,0.09835037495940924,0.10719862498808652
avbd,ledge,0.7,8,2,False,0.09139069135681713,0.09141888033656653,,True,,True,,37.04009361756206,,418.28951655552675,-0.003139400885687052,35.086133616313276,383.91364695257977,70,216,True,True,0.33116612501908094,0.3601277500856668
avbd,ledge,0.7,16,4,False,0.1742662221393417,0.1741507005769757,,True,,True,,73.63408877575121,,549.8107631328044,-0.002836423152062461,67.04050611487489,384.70166674795934,162,432,True,True,1.218608290888369,1.2159590410301462
avbd,ledge,0.7,32,8,False,0.2618889539738268,0.261838537388857,,True,,True,,101.22861324186066,,582.8166712216768,0.0,101.1278956763131,386.14799953120524,353,864,True,True,4.536162208998576,4.616149916080758
avbd,ledge,1.0,4,1,False,0.06857717143833243,0.08007149193817335,,True,,True,,31.81221849995397,,369.38035214504407,-0.00491120467708904,25.915498957343992,377.90271038881116,20,108,True,True,0.09908770897891372,0.10763774998486042
avbd,ledge,1.0,8,2,False,0.0905539751278164,0.09117965850629431,,True,,True,,36.47816524543239,,416.9643585243684,-0.002904657860030628,34.764906837373196,383.91364695257977,66,216,True,True,0.32709354208782315,0.34624870808329433
avbd,ledge,1.0,16,4,False,0.17413334350524887,0.17421411896780403,,True,,True,,73.61282855655628,,549.6197492846495,-0.0028353920231053605,66.98938748286417,384.70166674795934,162,432,True,True,1.2047382080927491,1.2568405420752242
avbd,ledge,1.0,32,8,False,0.2620415366633875,0.2619279882655093,,True,,True,,101.2499077193798,,582.8393442642023,4.336808689942018e-19,101.18681517665006,386.14799953120524,353,864,True,True,4.578199583105743,4.738983957911842
avbd,dinner,0.7,4,1,True,1.1789056847360675,0.8715169021750266,,True,,True,,15.762409545974162,,16.729496590731127,-0.0006015286734769032,20.521135282611503,17.40693555753424,27,108,True,True,0.24362674995791167,0.2514092919882387
avbd,dinner,0.7,8,2,False,0.2310533122167059,0.2904711226883867,,True,,True,,7.027164880891024,,23.74935480976063,1.734723475976807e-18,5.397006744722254,23.35827473297755,45,216,True,True,0.9327904169913381,0.9042896250030026
avbd,dinner,0.7,16,4,False,0.2075845345799095,0.21354430590045015,,True,,True,,5.954058895880326,,25.191625796917105,6.505213034913027e-19,4.97072094613125,23.94552636683912,144,432,True,True,3.621711832936853,3.5604512919671834
avbd,dinner,0.7,32,8,False,0.28272205178676285,0.28431804588455023,,True,,True,,8.851031469619524,,26.89462409453963,3.469446951953614e-18,6.779820226161618,23.98051437202767,264,864,True,True,13.974024082999676,13.860492457984947
avbd,dinner,1.0,4,1,True,1.7003248508483917,0.8610076622135895,,True,,True,,16.15106761243525,,17.03297310419531,0.0,29.597445105591973,17.40693555753424,25,108,True,True,0.23524841701146215,0.2435363329714164
avbd,dinner,1.0,8,2,False,0.2617892400971109,0.2587237350129,,True,,True,,6.180233926643018,,23.838183259789293,1.734723475976807e-18,6.114944992325738,23.35827473297755,42,216,True,True,0.8937852919334546,0.8879648750880733
avbd,dinner,1.0,16,4,False,0.20804204784735808,0.2141266556534359,,True,,True,,6.1742036158396365,,25.49335594865622,4.7704895589362195e-18,4.981676342140118,23.94552636683912,144,432,True,True,3.5756655000150204,3.4157469579949975
avbd,dinner,1.0,32,8,False,0.2827343102395453,0.2843849752198164,,True,,True,,8.898734897793299,,26.90856626506966,2.42861286636753e-17,6.780114190164746,23.98051437202767,263,864,True,True,13.843130875029601,13.783801584038883
impulse,shelf,0.7,4,1,False,0.2734963360323582,0.2734963360323582,True,True,True,True,8.404602646263456,8.404602646263456,31.64151826535863,31.64151826535863,-0.03675684374999809,7.91799974049979,28.951026749999997,0,108,True,True,0.25856116600334644,0.2551987499464303
impulse,shelf,0.7,8,2,False,0.4734561413827708,0.4734561413827708,True,True,True,True,15.458974554416187,15.458974554416187,35.07479047202649,35.07479047202649,-0.009189210937499439,13.707041414124433,28.95102675000011,0,216,True,True,0.47469445795286447,0.4785583330085501
impulse,shelf,0.7,16,4,False,0.46918144535818657,0.46918144535818657,True,True,True,True,16.15654563471012,16.15654563471012,36.15346779513558,36.15346779513558,-0.0022973027343731406,13.583284575168515,28.951026749999983,0,432,True,True,1.092790958005935,1.0936320410110056
impulse,shelf,0.7,32,8,False,0.5314210974838222,0.5314210974838222,True,True,True,True,19.54524747084462,19.54524747084462,38.35581404298237,38.35581404298237,-0.0005743256835932852,15.385186408768405,28.951026749999833,0,864,True,True,2.7130649999016896,2.6861893329769373
impulse,shelf,1.0,4,1,False,0.2734963360323582,0.2734963360323582,True,True,True,True,8.404602646263456,8.404602646263456,31.64151826535863,31.64151826535863,-0.03675684374999809,7.91799974049979,28.951026749999997,0,108,True,True,0.25445549993310124,0.2555495409760624
impulse,shelf,1.0,8,2,False,0.4734561413827708,0.4734561413827708,True,True,True,True,15.458974554416187,15.458974554416187,35.07479047202649,35.07479047202649,-0.009189210937499439,13.707041414124433,28.95102675000011,0,216,True,True,0.4806063340511173,0.47499129199422896
impulse,shelf,1.0,16,4,False,0.46918144535818657,0.46918144535818657,True,True,True,True,16.15654563471012,16.15654563471012,36.15346779513558,36.15346779513558,-0.0022973027343731406,13.583284575168515,28.951026749999983,0,432,True,True,1.0864782080752775,1.0820067499298602
impulse,shelf,1.0,32,8,False,0.5314210974838222,0.5314210974838222,True,True,True,True,19.54524747084462,19.54524747084462,38.35581404298237,38.35581404298237,-0.0005743256835932852,15.385186408768405,28.951026749999833,0,864,True,True,2.6446845829486847,2.662793584051542
impulse,ledge,0.7,4,1,False,0.030151432709171505,0.030151432709171505,True,True,True,True,11.614275456968299,11.614275456968299,394.30981391218154,394.30981391218154,-0.18064451886735416,11.6066251733724,384.94440000000003,0,108,True,True,0.3827220000093803,0.38029574998654425
impulse,ledge,0.7,8,2,False,0.11263165234656994,0.11263165234656994,True,True,True,True,43.599381889619444,43.599381889619444,398.81502739170514,398.81502739170514,-0.04719912890624605,43.356923833559186,384.944400000002,0,216,True,True,0.7408965419745073,0.7393359589623287
impulse,ledge,0.7,16,4,False,0.17839412529890805,0.17839412529890805,True,True,True,True,91.72457667676237,91.72457667676237,416.8280084814682,416.8280084814682,-0.011799782226547728,68.6718195267128,384.94439999999895,0,432,True,True,1.4654355000238866,1.452365459059365
impulse,ledge,0.7,32,8,False,0.14506797962072715,0.14506797962072715,True,True,True,True,111.7919336108234,111.7919336108234,421.9062522538241,421.9062522538241,-0.0029499455566371698,55.84310637431267,384.9443999999974,0,864,True,True,3.0561736669624224,3.0448779170401394
impulse,ledge,1.0,4,1,False,0.030151432709171505,0.030151432709171505,True,True,True,True,11.614275456968299,11.614275456968299,394.30981391218154,394.30981391218154,-0.18064451886735416,11.6066251733724,384.94440000000003,0,108,True,True,0.37513241707347333,0.3745803330093622
impulse,ledge,1.0,8,2,False,0.11263165234656994,0.11263165234656994,True,True,True,True,43.599381889619444,43.599381889619444,398.81502739170514,398.81502739170514,-0.04719912890624605,43.356923833559186,384.944400000002,0,216,True,True,0.7402409580536187,0.7410623750183731
impulse,ledge,1.0,16,4,False,0.17839412529890805,0.17839412529890805,True,True,True,True,91.72457667676237,91.72457667676237,416.8280084814682,416.8280084814682,-0.011799782226547728,68.6718195267128,384.94439999999895,0,432,True,True,1.467931207967922,1.4607289999257773
impulse,ledge,1.0,32,8,False,0.14506797962072715,0.14506797962072715,True,True,True,True,111.7919336108234,111.7919336108234,421.9062522538241,421.9062522538241,-0.0029499455566371698,55.84310637431267,384.9443999999974,0,864,True,True,3.0483944580191746,3.2584992080228403
impulse,dinner,0.7,4,1,False,0.12579060217042193,0.12579060217042193,True,True,True,True,4.320446169728897,4.320446169728897,27.3929516613937,27.3929516613937,-0.03863071960375754,3.034805906945411,24.125855625,0,108,True,True,1.6410181249957532,1.6372810419416055
impulse,dinner,0.7,8,2,False,0.1823704043523023,0.1823704043523023,True,True,True,True,6.414477346839417,6.414477346839417,28.392969670287144,28.392969670287144,-0.009957763124999606,4.399842045676534,24.125855625000092,0,216,True,True,3.436050874995999,3.3030989170074463
impulse,dinner,0.7,16,4,False,0.15005317468838075,0.15005317468838075,True,True,True,True,6.532079490544464,6.532079490544464,28.985275000620902,28.985275000620902,-0.002489440781248394,3.620161228604776,24.125855624999986,0,432,True,True,7.4239169580396265,7.632248666952364
impulse,dinner,0.7,32,8,False,0.1812418599835171,0.1812418599835171,True,True,True,True,7.796398924196528,7.796398924196528,29.427054280436053,29.427054280436053,-0.0006223601953122073,4.372614947168773,24.12585562499986,0,864,True,True,19.330253833089955,19.204914583009668
impulse,dinner,1.0,4,1,False,0.12579060217042193,0.12579060217042193,True,True,True,True,4.320446169728897,4.320446169728897,27.3929516613937,27.3929516613937,-0.03863071960375754,3.034805906945411,24.125855625,0,108,True,True,1.5304890420520678,1.5478078330634162
impulse,dinner,1.0,8,2,False,0.1823704043523023,0.1823704043523023,True,True,True,True,6.414477346839417,6.414477346839417,28.392969670287144,28.392969670287144,-0.009957763124999606,4.399842045676534,24.125855625000092,0,216,True,True,3.311867291922681,3.432215334032662
impulse,dinner,1.0,16,4,False,0.15005317468838075,0.15005317468838075,True,True,True,True,6.532079490544464,6.532079490544464,28.985275000620902,28.985275000620902,-0.002489440781248394,3.620161228604776,24.125855624999986,0,432,True,True,7.628307583043352,7.742151208920404
impulse,dinner,1.0,32,8,False,0.1812418599835171,0.1812418599835171,True,True,True,True,7.796398924196528,7.796398924196528,29.427054280436053,29.427054280436053,-0.0006223601953122073,4.372614947168773,24.12585562499986,0,864,True,True,18.8981362079503,18.884644750040025
