solver,scene,relax,iters,substeps,ratio_off,e_modal_peak,e_imp_peak,u_max,peak_net_J,u_final,eq2_violates,margin_J,margin_allow_J,eq2_violates_allow,max_deposit,excess_max,gross_supply,return_channel,return_frac,cum_modal_gain,cum_rigid_loss,max_net_excess,ledger_holds,ledger_passive,n_clamped,n_steps,n_commits,finite,wall_s
xpbd,shelf,0.7,4,1,6333.221296009669,173830.06290356058,27.44733758365345,4567.550419496815,173830.06290356058,196.78788452274034,True,173799.74647536603,173781.23470765157,True,18.5117677144686,173799.74647536603,38.05761227321287,8.668219152017315,0.22776571188409803,412404.13741176133,38.05761227321287,173799.74647536603,False,False,0,108,108,True,0.21419237495865673
xpbd,shelf,0.7,4,2,213.940082153431,6193.784683848627,28.95102507909968,378.84115194668163,14319.578191403307,11.827117731846329,True,14288.944641402579,14272.215090934364,True,16.729550468214462,14288.944641402579,37.79837041942754,10.746181356427114,0.28430276853691583,59984.97006267548,37.79837041942754,14288.944641402579,False,False,0,216,216,True,0.3221666249446571
xpbd,shelf,0.7,4,4,68.04825543955694,1970.066749819594,28.95102507909968,51.06321631270095,1970.066749819594,1.2192273759381786,True,1943.7597680833178,1929.8794267122034,True,13.880341371114431,1943.7597680833178,38.58093735724162,10.250224135181215,0.26568105487611365,8482.883765985047,38.58093735724162,1943.7597680833178,False,False,0,432,432,True,0.6390832080505788
xpbd,shelf,0.7,4,8,3.1291420717041065,90.59187059397152,28.95102507909968,12.473158143385094,511.5523647220697,0.06782773201817141,True,480.8592951048209,464.2965278394216,True,16.562767265399277,480.8592951048209,41.012256787056124,12.767069798618252,0.311298884743345,2539.1581515505595,41.012256787056124,480.8592951048209,False,False,0,864,864,True,1.2385514170164242
xpbd,shelf,1.0,4,1,10962.069581259255,300879.62441232137,27.44733758365345,7533.102651671455,300879.62441232137,1177.6770152081378,True,300848.89248810644,300830.994082285,True,17.898405821466763,300848.89248810644,39.94099620367735,10.292683516299578,0.2576972157582773,1097544.8020695166,39.94099620367735,300848.89248810644,False,False,0,108,108,True,0.1767323330277577
xpbd,shelf,1.0,4,2,1430.6998213575466,41420.22640878576,28.95102507909968,1055.7798364141458,41420.22640878576,36.45843444733497,True,41389.196262384394,41375.007355856695,True,14.188906527700272,41389.196262384394,39.23187863623685,12.222803083168486,0.3115528368269062,148055.31319273598,39.23187863623685,41389.196262384394,False,False,0,216,216,True,0.37056916602887213
xpbd,shelf,1.0,4,4,244.65874373753115,7083.121425766286,28.95102507909968,171.15197835406863,7083.121425766286,6.847579213445553,True,7059.313328448618,7043.96653417164,True,15.34679427697888,7059.313328448618,41.38498131241675,13.305555868922818,0.32150687150197527,30353.06556881583,41.38498131241675,7059.313328448618,False,False,0,432,432,True,0.6325485409470275
xpbd,shelf,1.0,4,8,29.18916404198103,845.0562202173473,28.95102507909968,19.253553902366015,845.0562202173473,0.7216288058063907,True,812.9987429243278,803.9658224739318,True,9.032920450395958,812.9987429243278,43.89092135938087,14.66961866082021,0.3342289978536724,3753.1465642931853,43.89092135938087,812.9987429243278,False,False,0,864,864,True,1.2658361250068992
avbd,shelf,0.7,4,1,0.5022392611128728,11.271225795569263,22.441944842373005,0.4653964761238843,11.271225795569263,0.18398305799975584,False,-0.0020534795039182587,-13.35506279854974,False,13.353009319045823,-0.0020534795039182587,24.218545635418533,28.618547391391,1.1816790249178986,15.72816415627592,24.218545635418533,-0.0020534795039182587,True,True,0,108,108,True,0.18669316603336483
avbd,shelf,0.7,4,2,0.20564773609723203,5.722707814770331,27.82772095319632,0.1963794334406023,5.722707814770331,0.0026941346824916786,True,0.0033288731687676023,-15.864041892820552,False,15.86737076598932,0.0033288731687676023,29.141075083614822,30.32945266760544,1.040780155865245,6.435680207429406,29.141075083614822,0.0033288731687676023,True,True,0,216,216,True,0.23383120796643198
avbd,shelf,0.7,4,4,0.20880477583496676,5.928039425804042,28.39034405271167,0.19952627761962968,6.081462280352021,0.0024474331264505043,True,0.011506664696763676,-16.836876721489492,False,16.848383386186256,0.011506664696763676,30.479505521300407,31.067388439923562,1.0192878102373517,6.374187610350794,30.479505521300407,0.011506664696763676,True,True,0,432,432,True,0.44485283293761313
avbd,shelf,0.7,4,8,0.3739091157902045,10.753876590353652,28.760669735550152,0.3209491797629451,11.35709025284208,0.0023788764923470635,True,0.008149712695583889,-11.289570134728711,False,11.297719847424295,0.008149712695583889,35.38594571648537,35.802371021342424,1.0117680987868316,12.681274241337505,35.38594571648537,0.008149712695583889,True,True,0,864,864,True,0.9145047090714797
avbd,shelf,1.0,4,1,0.8587018889879681,19.270940428709487,22.441944842373005,0.6778776931965534,19.270940428709487,0.021827442908281442,True,0.0013698929615668124,-11.828971996353324,False,11.83034188931489,0.0013698929615668124,28.428344260506297,32.09981306924306,1.1291481760278703,19.270940428709487,28.428344260506297,0.0013698929615668124,True,True,0,108,108,True,0.10993429098743945
avbd,shelf,1.0,4,2,0.5886033995196014,16.379491153934197,27.82772095319632,0.468746915282001,16.6885777890787,0.007194178302888455,True,0.008949737126857123,-13.908732585702118,False,13.917682322828975,0.008949737126857123,35.602533574090295,39.47177903902838,1.1086789359214009,29.625715887677533,35.602533574090295,0.008949737126857123,True,True,0,216,216,True,0.219463707995601
avbd,shelf,1.0,4,4,0.326199344076673,9.260911608105621,28.39034405271167,0.26212438568011165,9.322737312921284,0.0006010393199356612,True,0.022508906446972066,-14.648882700217221,False,14.671391606664194,0.022508906446972066,35.566081685732435,36.76591454705133,1.0337353119728174,11.906929638262266,35.566081685732435,0.022508906446972066,True,True,0,432,432,True,0.4487935409415513
avbd,shelf,1.0,4,8,0.5853585298024206,16.835303352534613,28.760669735550152,0.3820166814883092,16.98105892414287,0.0034440069788109068,True,0.015620340826586082,-10.533422947250044,False,10.54904328807663,0.015620340826586082,44.451092706176865,45.562727853958535,1.0250080499737007,22.594990755518033,44.451092706176865,0.015620340826586082,True,True,0,864,864,True,0.8856187920318916
impulse,shelf,0.7,4,1,0.2734963360323582,7.91799974049979,28.951026749999997,0.2502408283349815,7.91799974049979,0.003039932238758402,False,-0.03675684374999809,-25.211793454948342,False,25.175036611198344,-0.03675684374999809,31.64151826535863,1.9666445196925377,0.06215392394256994,8.404602646263456,31.64151826535863,-0.03675684374999809,True,True,0,108,108,True,0.26394500001333654
impulse,shelf,0.7,4,2,0.472113965409439,13.668184041617296,28.95102675000011,0.38913472177828595,13.668184041617296,0.002507832897448812,False,-0.009189210937499439,-22.35532355802452,False,22.34613434708702,-0.009189210937499439,35.12455526753252,7.034991696438558,0.20028699702687403,15.388050310691767,35.12455526753252,-0.009189210937499439,True,True,0,216,216,True,0.4668148340424523
impulse,shelf,0.7,4,4,0.46919649643947864,13.583720319425618,28.951026749999983,0.3760563694534576,13.601169222466,0.0012749770326100712,False,-0.0022973027343731406,-15.54419957212897,False,15.541902269394598,-0.0022973027343731406,36.16790015346181,8.088798280397885,0.22364578109530273,16.10461438131324,36.16790015346181,-0.0022973027343731406,True,True,0,432,432,True,0.8485007920535281
impulse,shelf,0.7,4,8,0.5319863558126051,15.401551217765661,28.951026749999833,0.40992984594955484,15.686392306728555,0.001082996821549366,False,-0.0005743256835932852,-7.264913071901643,False,7.2643387462180495,-0.0005743256835932852,38.266041035369966,10.312179820895997,0.2694864569701441,19.532486663364708,38.266041035369966,-0.0005743256835932852,True,True,0,864,864,True,1.5567653750767931
impulse,shelf,1.0,4,1,0.2734963360323582,7.91799974049979,28.951026749999997,0.2502408283349815,7.91799974049979,0.003039932238758402,False,-0.03675684374999809,-25.211793454948342,False,25.175036611198344,-0.03675684374999809,31.64151826535863,1.9666445196925377,0.06215392394256994,8.404602646263456,31.64151826535863,-0.03675684374999809,True,True,0,108,108,True,0.2580270420294255
impulse,shelf,1.0,4,2,0.472113965409439,13.668184041617296,28.95102675000011,0.38913472177828595,13.668184041617296,0.002507832897448812,False,-0.009189210937499439,-22.35532355802452,False,22.34613434708702,-0.009189210937499439,35.12455526753252,7.034991696438558,0.20028699702687403,15.388050310691767,35.12455526753252,-0.009189210937499439,True,True,0,216,216,True,0.47304191708099097
impulse,shelf,1.0,4,4,0.46919649643947864,13.583720319425618,28.951026749999983,0.3760563694534576,13.601169222466,0.0012749770326100712,False,-0.0022973027343731406,-15.54419957212897,False,15.541902269394598,-0.0022973027343731406,36.16790015346181,8.088798280397885,0.22364578109530273,16.10461438131324,36.16790015346181,-0.0022973027343731406,True,True,0,432,432,True,0.8572708329884335
impulse,shelf,1.0,4,8,0.5319863558126051,15.401551217765661,28.951026749999833,0.40992984594955484,15.686392306728555,0.001082996821549366,False,-0.0005743256835932852,-7.264913071901643,False,7.2643387462180495,-0.0005743256835932852,38.266041035369966,10.312179820895997,0.2694864569701441,19.532486663364708,38.266041035369966,-0.0005743256835932852,True,True,0,864,864,True,1.5621632499387488
