t,com_y:support,com_y:plate_0,com_y:fork_0,com_y:knife_0,com_y:plate_1,com_y:fork_1,com_y:knife_1,com_y:plate_2,com_y:fork_2,com_y:knife_2,com_y:plate_3,com_y:fork_3,com_y:knife_3,com_y:plate_4,com_y:fork_4,com_y:knife_4,com_y:plate_5,com_y:fork_5,com_y:knife_5,com_y:cup_0,com_y:cup_1,com_y:cup_2,com_y:cup_3,com_y:candle_0,com_y:candle_1,com_y:pot,E_el:support,E_el:plate_0,E_el:fork_0,E_el:knife_0,E_el:plate_1,E_el:fork_1,E_el:knife_1,E_el:plate_2,E_el:fork_2,E_el:knife_2,E_el:plate_3,E_el:fork_3,E_el:knife_3,E_el:plate_4,E_el:fork_4,E_el:knife_4,E_el:plate_5,E_el:fork_5,E_el:knife_5,E_el:cup_0,E_el:cup_1,E_el:cup_2,E_el:cup_3,E_el:candle_0,E_el:candle_1,E_el:pot,F:candle_0->support,F:candle_1->support,F:cup_0->support,F:cup_1->support,F:cup_2->support,F:cup_3->support,F:fork_0->support,F:fork_1->support,F:fork_2->support,F:fork_3->support,F:fork_4->support,F:fork_5->support,F:knife_0->support,F:knife_1->support,F:knife_2->support,F:knife_3->support,F:knife_4->support,F:knife_5->support,F:plate_0->support,F:plate_1->support,F:plate_2->support,F:plate_3->support,F:plate_4->support,F:plate_5->support,F:pot->support,support_mid_uy
0.150100,0.009089356,0.039671206,0.034683948,0.035008606,0.045659471,0.038727563,0.040719439,0.040343311,0.035143629,0.034818058,0.039674595,0.035197218,0.034697162,0.045593779,0.040781999,0.039133945,0.040383695,0.034718847,0.035059182,0.060788595,0.059989764,0.060953666,0.060040112,0.119900501,0.119357212,0.594999980,4.086811e-01,5.670532e-04,1.587196e-05,2.137566e-05,3.175992e-03,1.605809e-05,3.477426e-05,1.906639e-04,6.936954e-05,3.150820e-05,5.170530e-04,1.565361e-05,6.299091e-05,3.312975e-03,1.048359e-05,9.693763e-06,1.954716e-04,9.297310e-05,3.111484e-05,1.743457e-04,9.975635e-05,1.712302e-04,1.033817e-04,2.793542e-03,6.131605e-04,2.788840e-15,0.000000,0.000000,0.000000,0.000000,0.000000,0.279831,0.950009,0.000000,0.000000,0.331038,0.000000,0.098519,0.000000,0.000000,0.241448,0.820777,0.000000,0.111563,0.278655,0.000000,0.000000,2.051749,0.000000,0.000000,0.000000,-1.512796225e-03
0.155100,0.008880651,0.039032755,0.034795262,0.034468860,0.045479172,0.038316114,0.040615667,0.040050437,0.034785382,0.034693731,0.038988751,0.034751433,0.034677719,0.045403668,0.040560967,0.038784398,0.040115555,0.034850715,0.034756045,0.059840737,0.059622042,0.060028743,0.059684728,0.118962832,0.118398773,0.594872450,6.140755e-01,5.349892e-04,1.688660e-05,6.211766e-05,7.600547e-04,1.057910e-04,1.188811e-05,4.542205e-04,4.459085e-05,7.595538e-05,9.233594e-04,2.129047e-05,5.629432e-05,6.689677e-04,1.388259e-05,9.233533e-05,3.767532e-04,5.848518e-05,4.709902e-05,2.607389e-04,9.056836e-04,1.732314e-04,7.560189e-04,2.097864e-03,4.870667e-03,1.479607e-15,0.000000,6.884702,0.246421,2.704281,0.000000,2.166271,0.414565,0.000000,0.003645,0.144077,0.000000,0.002936,0.241290,0.000000,0.338486,0.319817,0.000000,0.404533,5.845791,0.000000,0.000000,7.465773,0.000000,0.000000,0.000000,-1.835302807e-03
0.160100,0.008763240,0.039145708,0.034741251,0.033978849,0.045053622,0.037659415,0.040266646,0.039524391,0.034339312,0.034588493,0.039136654,0.034111644,0.034550675,0.044968306,0.040186036,0.038189601,0.039610390,0.034842288,0.034310750,0.058856269,0.059419117,0.058950046,0.059424524,0.118023755,0.117633243,0.594499670,7.499825e-01,9.334083e-04,8.929986e-06,7.988053e-05,2.714527e-03,1.264096e-04,4.320239e-05,2.127511e-04,4.673105e-05,1.092376e-05,1.655131e-04,8.320215e-05,2.955357e-05,2.889335e-03,1.411806e-04,5.328380e-05,3.961148e-04,6.822068e-05,5.933878e-05,3.059868e-03,8.800497e-04,2.578192e-03,9.533010e-04,9.351953e-03,1.480431e-02,1.563199e-15,17.000472,19.218037,8.626073,9.353627,5.209958,8.296710,0.111974,0.000000,0.763249,0.373606,0.586011,0.756329,0.913372,0.000000,0.526864,0.452310,0.000000,0.045645,25.070648,0.000000,0.959706,27.020442,0.000000,0.792680,0.000000,-2.037153838e-03
0.165100,0.008734914,0.039545873,0.034479289,0.033674311,0.044382822,0.036899758,0.039672374,0.038913035,0.033871205,0.034446432,0.039626536,0.033615407,0.034462351,0.044287695,0.039786903,0.037349554,0.039000451,0.034817571,0.033686463,0.058440526,0.059394170,0.058377498,0.059360567,0.117462038,0.117466257,0.593881640,7.842310e-01,6.263194e-04,1.834460e-06,3.450240e-05,5.572614e-04,1.302714e-04,3.955474e-05,7.281411e-04,5.034510e-05,4.379441e-05,5.863144e-04,2.549760e-05,2.935278e-05,4.938876e-04,3.269602e-04,9.050171e-06,4.151176e-04,7.293265e-05,2.958945e-05,4.315823e-04,3.036078e-04,1.273736e-03,3.680329e-04,2.260308e-02,1.949129e-02,1.270174e-15,30.642179,34.095016,14.219697,3.504472,17.120573,4.730149,0.041731,0.911845,0.537088,1.538033,0.204883,0.048048,2.230637,0.000000,1.037427,0.599892,0.000000,0.542289,1.603819,0.000000,7.667601,0.525110,0.000000,4.851707,0.000000,-2.086249676e-03
0.170100,0.008794597,0.039810271,0.034226727,0.034025173,0.043466773,0.036196092,0.038935667,0.039166887,0.033768922,0.034587936,0.039879179,0.033967617,0.034468904,0.043361833,0.039208958,0.036264257,0.039053128,0.034548890,0.033862743,0.058691454,0.059479941,0.058640834,0.059446479,0.117635953,0.117987201,0.593018360,7.120963e-01,5.304726e-04,1.973627e-05,5.921296e-05,1.896990e-03,2.813071e-04,1.070123e-04,2.529342e-04,3.922475e-05,3.225867e-05,3.101220e-04,1.314555e-05,5.434280e-06,2.117107e-03,1.649938e-04,9.021369e-05,3.589896e-04,1.165518e-05,5.589376e-05,4.432082e-03,1.276736e-03,4.034566e-03,1.360434e-03,1.931757e-02,6.912767e-03,6.481500e-16,27.721270,23.220534,17.799005,9.523053,17.851161,9.721429,2.227784,0.175844,2.774941,2.425657,0.375429,0.000000,1.167462,0.704426,0.985950,1.217175,0.000000,3.666973,2.222307,0.000000,27.956989,0.176755,0.000000,31.139096,0.000000,-1.975590432e-03
0.175100,0.008946273,0.039878755,0.034713137,0.034578230,0.042305473,0.035256847,0.038216630,0.039753210,0.034352345,0.034706078,0.039960144,0.034527479,0.034603867,0.042190722,0.038567285,0.034933711,0.039687057,0.034335862,0.034520542,0.059717818,0.059847350,0.059689770,0.059828299,0.118384385,0.118769951,0.591909830,5.455590e-01,5.385671e-04,6.296826e-06,1.365037e-04,8.881989e-04,1.889221e-04,3.280182e-04,3.603927e-04,8.394849e-05,5.603124e-05,7.579616e-04,1.125249e-04,5.165561e-05,8.567369e-04,5.453582e-05,5.421437e-05,5.170320e-04,1.220895e-05,3.591500e-05,3.866682e-04,1.310833e-04,3.527788e-04,1.681282e-04,4.922167e-03,3.782024e-03,-3.634762e-18,22.165952,10.347612,9.508818,4.676234,11.029352,4.826386,0.885286,0.000000,0.765357,0.849281,0.236729,2.374144,0.658491,0.206899,0.446982,0.842414,0.000000,0.225052,0.099277,0.000000,2.196192,3.465841,0.000000,2.448852,0.000000,-1.738558052e-03
0.180100,0.009154075,0.039702348,0.035022612,0.034967267,0.040898924,0.034091225,0.037266327,0.040223576,0.034801668,0.034802875,0.039937384,0.035080392,0.034799907,0.040774360,0.037705290,0.033446344,0.040236314,0.034864881,0.035003234,0.060693454,0.060063815,0.060754158,0.060065572,0.119321989,0.119451608,0.590556050,3.509757e-01,5.508833e-04,7.745272e-06,4.165103e-05,1.623631e-03,6.880382e-05,1.184724e-04,4.860107e-04,1.527698e-04,1.188709e-04,3.311899e-04,8.116932e-05,6.169207e-05,1.811571e-03,6.241929e-05,8.541321e-05,3.716282e-04,3.821816e-05,1.532554e-05,1.365321e-04,1.819933e-04,2.753540e-04,1.331946e-04,3.379555e-03,1.084457e-03,-8.862411e-16,2.622958,0.213280,0.012470,0.005435,0.263715,0.034279,0.079775,0.224809,0.196720,0.141666,0.021586,0.924467,0.000000,0.000000,0.478821,0.329313,1.477272,0.349783,0.000000,0.000000,1.266983,0.826650,0.000000,2.313053,0.000000,-1.401222739e-03
0.185100,0.009379429,0.039381256,0.035175415,0.035111346,0.039371198,0.033868673,0.036153848,0.040461585,0.035236703,0.034844352,0.039712421,0.035399490,0.034889255,0.039323917,0.036641497,0.034380542,0.040573943,0.035234872,0.035358126,0.061423865,0.060036140,0.061574907,0.060065418,0.120042595,0.119888364,0.588957020,1.892597e-01,5.502983e-04,6.937327e-06,3.314051e-05,1.478169e-03,3.559080e-04,6.963340e-05,5.306411e-04,1.921287e-04,1.185195e-04,5.320368e-04,3.843545e-06,2.949832e-05,1.427018e-03,9.695623e-05,2.149632e-05,5.090356e-04,5.100076e-05,5.476402e-05,2.907070e-04,1.935105e-04,3.437648e-04,3.523396e-04,4.587298e-03,2.514635e-03,-3.897354e-15,0.000000,0.000000,0.000000,0.201868,0.000000,0.697854,0.242169,6.701533,0.541457,0.000000,0.120336,0.000000,0.017938,0.521190,0.411971,0.380246,8.594746,0.070244,8.365963,9.265543,0.014652,2.931413,11.757380,0.000000,0.000000,-1.014116917e-03
0.190100,0.009542343,0.039738953,0.035123199,0.035126335,0.038896045,0.035614807,0.034979658,0.040544611,0.035490277,0.034883041,0.039536386,0.035486931,0.035008298,0.038971554,0.035350210,0.036510919,0.040678554,0.035414079,0.035471538,0.061909026,0.059903855,0.062150406,0.060003682,0.120517952,0.120084036,0.587112740,1.035327e-01,5.895003e-04,1.942383e-05,7.115517e-05,7.133489e-03,1.575098e-04,5.692366e-05,4.531928e-04,3.009786e-05,1.096166e-05,6.249231e-04,8.918235e-05,4.265991e-05,6.316433e-03,4.402927e-05,1.111675e-04,3.830207e-04,7.730785e-06,5.704929e-05,3.645317e-04,1.023532e-03,2.756393e-04,9.640919e-04,3.295237e-03,3.079135e-03,-4.028171e-15,0.000000,1.404501,0.000000,5.797058,0.000000,5.863433,0.000121,1.524243,0.072838,0.134351,0.097630,0.449536,0.595767,0.386279,0.889826,0.695005,0.000000,0.000000,19.432505,54.387263,4.075615,11.488782,53.767577,1.442857,0.000000,-7.610537752e-04
0.195100,0.009569501,0.040224356,0.034834265,0.035067164,0.040636957,0.037218218,0.034475672,0.040512077,0.035638239,0.035000280,0.039877846,0.035388897,0.034981919,0.040713942,0.034308741,0.038396046,0.040672437,0.035508017,0.035339700,0.062148937,0.059971763,0.062480655,0.060063435,0.120748058,0.120094647,0.585023210,9.313419e-02,7.529327e-04,6.663654e-06,9.346927e-05,5.102802e-03,1.815523e-04,2.213593e-04,4.215158e-04,1.212458e-05,5.574191e-05,5.485690e-04,4.529742e-05,3.178150e-05,4.577244e-03,4.402456e-04,1.885853e-04,1.759648e-04,2.013619e-05,6.692138e-06,2.458209e-04,1.271187e-04,1.461430e-04,1.340792e-04,2.916963e-03,5.949373e-04,-8.893614e-15,0.000000,1.816519,0.000000,5.403317,0.000000,3.615971,0.117837,0.070088,0.373201,0.047597,3.450622,0.072294,0.112811,4.751112,0.536645,0.021427,0.000000,0.000000,0.323403,16.623542,0.350665,9.899107,14.631110,2.038812,0.000000,-6.953387468e-04
0.200100,0.009516113,0.040530471,0.034706929,0.034835389,0.042263225,0.038731373,0.035473596,0.040236374,0.035584598,0.035013166,0.040163218,0.035048056,0.034945213,0.042326168,0.035052088,0.040035924,0.040448400,0.035359686,0.035052489,0.062143598,0.059923899,0.062565654,0.059958189,0.120732915,0.119896310,0.582688430,1.153747e-01,3.013911e-04,9.101468e-06,1.590388e-04,6.569606e-03,1.663306e-04,4.815901e-04,2.754599e-04,3.301689e-05,7.036799e-05,5.594613e-04,1.328689e-05,4.411617e-05,4.520164e-03,7.446024e-05,2.171032e-05,3.564728e-04,1.195651e-05,1.178715e-05,1.198972e-04,1.245951e-04,2.426133e-04,1.141319e-04,3.642112e-03,2.666198e-03,-1.617231e-14,0.000000,0.000000,0.000000,0.185584,0.000000,0.093431,2.157135,0.500269,0.000000,0.000000,3.447608,0.000000,0.277251,2.525249,0.199607,1.269823,0.000000,0.506418,1.850851,0.000000,0.000000,3.096489,0.098301,0.000000,0.000000,-7.880925975e-04
0.205100,0.009390384,0.040626449,0.034954773,0.034603469,0.043644243,0.040079353,0.036726207,0.039745739,0.035285708,0.034991824,0.040319637,0.034595397,0.034973484,0.043696275,0.036136714,0.041430551,0.039981273,0.034969608,0.034692292,0.061893053,0.059784525,0.062405404,0.059760213,0.120472521,0.119512463,0.580108400,1.824208e-01,8.927432e-04,2.216288e-05,3.267035e-05,3.410128e-03,1.028724e-05,3.755406e-04,4.847856e-04,1.634244e-05,8.105801e-05,5.846151e-04,5.321803e-05,3.414457e-05,3.326672e-03,2.820066e-04,1.062765e-04,2.255251e-04,5.598523e-06,5.549450e-05,2.260251e-04,1.074766e-03,2.394254e-04,1.436066e-03,2.467900e-03,5.859738e-03,-2.628552e-14,0.000000,6.860666,0.030007,6.345862,0.000000,6.373436,0.233751,0.000000,0.000000,0.957050,1.296919,0.100912,1.047250,0.049064,0.730078,0.038356,0.000000,0.223897,0.000000,0.000000,1.876628,0.667686,0.000000,0.411206,0.000000,-1.007005378e-03
0.210100,0.009214501,0.040477178,0.034969566,0.034400581,0.044780011,0.041182083,0.037734776,0.039347989,0.034746905,0.034882326,0.040245332,0.034268896,0.034821528,0.044821132,0.037337563,0.042579928,0.039382133,0.034645079,0.034212891,0.061447699,0.059854559,0.061999903,0.059796814,0.119966878,0.119213375,0.577283120,3.038303e-01,3.944727e-04,1.771122e-05,1.318845e-04,6.070820e-03,1.352897e-04,5.802569e-04,1.031267e-03,1.752770e-05,6.845376e-05,5.221727e-04,4.488226e-05,1.318495e-05,4.565405e-03,9.803511e-05,1.843293e-04,1.393586e-04,5.487269e-06,5.727271e-05,1.050400e-03,1.172491e-04,1.820644e-04,1.793083e-04,2.669223e-03,5.924536e-03,-3.418596e-14,0.000000,9.474689,2.002005,5.222775,0.000000,5.942678,0.044591,0.000000,0.122997,0.630109,0.052502,1.108697,0.265200,0.000000,0.026553,0.668087,0.000000,1.011942,0.000000,0.000000,12.948266,0.577761,0.000000,4.272612,0.000000,-1.277960094e-03
0.215100,0.009051353,0.040082668,0.034868719,0.034267326,0.045670528,0.042039563,0.038498096,0.039424960,0.034254117,0.034597606,0.040014933,0.034291731,0.034717498,0.045700745,0.038294470,0.043484055,0.039227650,0.034588306,0.034122056,0.060978878,0.059804715,0.061349152,0.059733256,0.119272153,0.118891065,0.574212590,4.436693e-01,8.614276e-04,1.338271e-05,2.088544e-04,9.908298e-04,1.604597e-04,4.133552e-04,3.207521e-04,1.524946e-04,2.192125e-05,4.570285e-04,4.880980e-05,9.267078e-05,1.389236e-03,2.387107e-04,2.378380e-05,6.443310e-04,1.646343e-05,6.096746e-05,1.565805e-03,7.567594e-05,8.739006e-05,1.360202e-04,6.744778e-03,5.387665e-03,-4.464075e-14,5.648547,8.294850,5.019101,0.053292,0.000000,0.089398,0.544038,0.000000,1.289679,1.482886,0.000000,1.753699,0.948893,0.000000,0.664870,0.317337,0.000000,1.311293,0.020346,0.000000,11.509613,2.728257,0.021449,23.314952,0.000000,-1.566827844e-03
0.220100,0.008912430,0.039493621,0.034640330,0.034114893,0.046315796,0.042651793,0.039016165,0.039563407,0.034071341,0.034439969,0.039624597,0.034313174,0.034569622,0.046453967,0.039006128,0.044142932,0.039495852,0.034738943,0.034282642,0.060579434,0.059543257,0.060458825,0.059533947,0.118691428,0.118759700,0.570896810,5.794324e-01,2.609045e-04,1.194515e-05,1.024455e-04,6.555627e-03,1.676345e-05,4.027066e-04,5.793249e-04,8.836697e-05,8.032269e-05,5.381714e-04,1.136791e-04,2.173291e-05,2.006779e-03,2.979321e-04,1.036128e-04,4.148318e-04,1.323908e-05,3.869780e-05,3.182772e-04,6.614959e-04,4.272479e-04,1.030672e-03,1.261723e-02,5.315729e-03,-6.991992e-14,14.480074,16.944173,4.080469,2.272666,0.614175,4.730446,0.013853,0.000000,1.168780,0.542927,0.000000,0.287996,0.459868,0.000000,1.270227,0.599152,0.000000,0.767306,1.962322,0.000000,2.502032,0.432941,4.855714,3.224455,0.000000,-1.793260367e-03
0.225100,0.008849454,0.038843450,0.034355560,0.034126245,0.046715814,0.043018773,0.039288985,0.039511004,0.034025914,0.034638422,0.039009438,0.034393791,0.034471408,0.047101571,0.039472535,0.044556560,0.039681209,0.034828491,0.034271328,0.060062421,0.059414632,0.059543885,0.059537782,0.118362109,0.118783807,0.567335780,6.497686e-01,1.077816e-03,1.213529e-05,2.869977e-05,1.213035e-03,1.236683e-04,6.088584e-04,4.355276e-04,1.013271e-04,2.728603e-05,2.743278e-04,2.125391e-05,1.784668e-05,4.433695e-03,8.944751e-05,1.805874e-04,2.133399e-04,2.262090e-05,6.209923e-05,2.361444e-04,7.224461e-04,3.262186e-03,3.216859e-04,1.481542e-02,4.572497e-03,-7.661570e-14,19.893605,7.275368,0.434323,9.256291,8.010678,7.499800,1.382382,0.000000,1.249672,0.551646,0.000000,0.428945,0.997736,0.000000,0.921895,0.919999,0.000000,0.000000,13.678506,0.000000,1.294802,3.095351,0.321797,1.917271,0.000000,-1.891878218e-03
0.230100,0.008869471,0.039326122,0.034519567,0.034081400,0.046870582,0.043140504,0.039316554,0.039416098,0.034216708,0.034774711,0.039101774,0.034337338,0.034484093,0.047505376,0.039693692,0.044724937,0.039642697,0.034814703,0.034031043,0.059355491,0.059484840,0.059066305,0.059545058,0.118439417,0.118750610,0.563529500,6.293950e-01,3.264210e-04,2.016860e-05,3.100598e-05,7.117448e-03,1.582360e-04,3.466013e-04,8.321279e-04,1.977202e-04,9.608665e-05,1.155835e-03,5.160656e-05,5.084970e-05,3.804571e-03,2.037272e-04,2.581097e-05,5.673594e-04,2.976500e-05,5.406785e-05,1.020764e-03,2.623029e-04,6.577632e-04,1.755288e-04,1.605406e-02,4.949530e-03,-1.381351e-13,18.201934,8.729624,2.569699,3.564376,10.861959,1.160773,1.502077,0.000000,0.457210,0.058775,0.000000,0.440051,0.379635,0.000000,0.095210,1.013894,0.000000,0.329887,23.864664,0.000000,4.326110,29.166978,0.000000,0.000000,0.000000,-1.864229668e-03
0.235100,0.008959757,0.039934062,0.034803434,0.034165134,0.046894808,0.043016984,0.039130073,0.039220686,0.034358432,0.034680224,0.039696548,0.034120415,0.034702179,0.047668356,0.039669600,0.044648064,0.039386236,0.034725399,0.033939456,0.058879234,0.059586661,0.058761883,0.059507819,0.118718043,0.118804261,0.559477970,5.303053e-01,2.567073e-04,1.383837e-05,8.064597e-05,5.225877e-03,2.513708e-05,4.098843e-04,6.624260e-04,3.131080e-04,4.494409e-05,4.825199e-04,3.083167e-05,5.174268e-05,3.375562e-03,3.166632e-04,1.020943e-04,2.895760e-04,1.761308e-05,5.018917e-05,4.510442e-03,8.369043e-04,3.218247e-03,1.021553e-03,7.277299e-03,3.136850e-03,-1.579033e-13,11.970310,8.426925,14.211890,6.874021,6.390795,6.795634,0.123388,0.000000,0.767263,0.665725,0.000000,0.273887,1.016484,0.496052,0.100274,0.645849,0.000000,1.226253,0.161420,7.309619,4.617910,2.580202,0.764993,2.421932,0.000000,-1.710211845e-03
0.240100,0.009102853,0.040297662,0.034856397,0.034307520,0.047108921,0.042648214,0.039139266,0.039257240,0.034570556,0.034503827,0.040109754,0.034112178,0.034750081,0.047724619,0.039400257,0.044325941,0.039195639,0.034639452,0.034235255,0.059228725,0.059842401,0.059237143,0.059697752,0.119109068,0.118717764,0.555181190,3.956290e-01,2.293810e-04,7.369419e-06,9.268185e-05,2.336482e-03,1.133426e-04,4.545932e-04,7.285624e-04,2.826233e-05,5.647465e-06,4.600495e-04,1.028673e-04,2.522805e-05,2.200508e-03,1.030775e-04,1.768780e-04,5.284703e-04,3.148740e-05,5.124857e-05,1.973953e-03,1.364409e-04,3.363126e-03,1.792745e-04,4.195917e-03,1.450621e-03,-1.586008e-13,11.237251,2.979626,15.827193,4.056554,23.811358,5.487985,0.122159,0.000000,0.723733,1.744102,0.000000,0.940477,1.034030,0.848584,0.862806,0.014963,0.000000,1.468329,0.000220,5.503053,14.751347,1.540053,3.656261,10.766861,0.000000,-1.476182968e-03
0.245100,0.009257662,0.040417509,0.034843525,0.034597678,0.047168573,0.042034194,0.038991351,0.039641499,0.034760092,0.034684537,0.040323397,0.034603307,0.034726735,0.047613736,0.038885664,0.043758569,0.039548920,0.034711880,0.034557766,0.059993667,0.059954722,0.060398177,0.059780257,0.119525218,0.118752973,0.550639160,2.703151e-01,2.458670e-04,1.368915e-05,6.145450e-05,1.517602e-03,1.509314e-04,9.203716e-05,1.530070e-03,9.709337e-05,1.010432e-05,2.441025e-04,1.674497e-05,2.295516e-06,4.863218e-03,1.569028e-04,2.678585e-05,7.344745e-04,2.502625e-05,3.327457e-05,1.446120e-03,1.046118e-04,6.071123e-04,1.684637e-04,5.165167e-03,2.811221e-03,-2.389150e-13,4.102518,16.343600,6.786354,0.129317,3.409908,0.242672,0.656575,0.000000,0.112448,0.841261,0.000000,1.366444,0.581606,0.000000,1.678560,0.666385,0.000000,0.388490,0.345355,0.000000,5.475330,0.169987,0.000000,15.042768,0.000000,-1.217137661e-03
0.250100,0.009398086,0.040397147,0.034769057,0.034869438,0.046982974,0.041503039,0.038598186,0.039947088,0.034759314,0.035015908,0.040295388,0.034924583,0.034712607,0.047257604,0.038125822,0.042946099,0.039957817,0.035053783,0.034887135,0.060890907,0.059825735,0.061349356,0.059736734,0.119730519,0.118945770,0.545851880,1.784039e-01,4.001100e-04,2.249090e-05,4.312344e-05,2.578270e-03,5.453193e-04,4.583082e-04,5.649559e-04,2.065827e-04,3.864385e-05,4.841921e-04,2.274827e-04,1.002410e-04,2.047303e-03,3.295148e-04,1.026294e-04,7.286349e-04,2.706852e-05,6.784199e-06,7.082470e-04,1.854099e-04,4.310905e-04,9.059725e-04,2.339016e-03,5.135995e-03,-2.224831e-13,0.000000,9.037185,5.188272,0.415985,0.000000,5.273783,0.301413,1.443910,0.472126,0.016210,0.000000,0.446708,0.296010,0.000000,0.216895,1.068789,0.020325,0.496929,3.255212,0.000000,2.638622,0.455500,0.000000,1.874093,0.000000,-9.849219715e-04
0.255100,0.009493679,0.040209979,0.034810697,0.034959771,0.046552125,0.041000148,0.037959770,0.040090422,0.034764900,0.035145583,0.040149135,0.035056054,0.034953420,0.046656222,0.037120729,0.042167906,0.040256060,0.035186825,0.035033441,0.061770281,0.059652442,0.062055285,0.059880556,0.119690571,0.119146150,0.540819350,1.264058e-01,2.624907e-04,2.136617e-05,9.310290e-05,1.692359e-03,6.885022e-04,5.087979e-04,9.806762e-04,4.767867e-05,9.471225e-05,7.313006e-04,1.135458e-04,3.003333e-06,3.023956e-03,1.248448e-04,1.781931e-04,7.038186e-04,9.184677e-06,2.235000e-05,8.160048e-04,9.353116e-04,3.586543e-04,1.443334e-04,2.886220e-03,4.863712e-03,-2.837505e-13,0.000000,12.525160,1.912312,7.273514,0.000000,5.858065,1.146041,0.000000,0.330935,0.188993,0.000000,0.033948,0.365146,0.000000,0.225206,0.695313,1.278263,0.000000,0.411952,0.000000,1.036954,4.102741,0.000000,1.379893,0.000000,-8.293136512e-04
0.260100,0.009516282,0.039911802,0.034961480,0.035040783,0.045876027,0.040303772,0.037076714,0.040029875,0.034681460,0.035135059,0.039882713,0.034973423,0.035063358,0.045835466,0.035924904,0.041424553,0.040320499,0.035245979,0.034934497,0.062488655,0.059732614,0.062515963,0.059933356,0.119475335,0.119532534,0.535541570,1.163876e-01,4.450427e-04,2.047312e-05,1.448438e-04,3.637236e-03,3.538038e-04,1.335256e-04,5.231361e-04,1.435805e-04,9.245217e-05,4.383283e-04,2.732518e-05,7.672512e-05,2.436425e-03,1.554088e-04,5.241240e-04,4.328342e-04,3.995671e-05,3.390710e-05,6.610833e-04,1.216809e-04,3.276509e-04,1.014345e-04,7.156566e-03,4.344390e-03,-3.811886e-13,7.877757,8.628187,1.283046,5.537743,0.000000,0.130559,0.863210,0.524080,0.909461,0.003385,0.679656,0.598763,0.368282,0.032501,0.140517,0.073486,0.221492,0.000000,4.417740,0.000000,0.221845,0.627181,0.773498,0.083099,0.000000,-7.853378470e-04
0.265100,0.009462365,0.039595511,0.035080068,0.034912199,0.044954678,0.039615867,0.036188237,0.039751035,0.034727960,0.034942921,0.039495446,0.034674569,0.034990238,0.044782259,0.035107567,0.040758468,0.040212909,0.035160956,0.034624099,0.063027703,0.059813610,0.062734079,0.059823554,0.119357228,0.119771926,0.530018540,1.428188e-01,8.031596e-04,3.804227e-05,1.018696e-05,3.476750e-03,2.569904e-04,6.202955e-04,9.466739e-04,1.492802e-04,9.594112e-06,7.081202e-04,2.070940e-04,6.424571e-05,3.445851e-03,6.820713e-05,2.785811e-04,3.254976e-04,5.687310e-05,2.405347e-05,3.742883e-04,6.492796e-04,5.146838e-04,7.877379e-04,5.902505e-03,1.529930e-03,-3.376253e-13,9.854944,0.782633,0.522416,4.809230,0.245753,3.798242,0.032924,0.247317,0.587653,0.366941,1.419560,0.096616,0.000000,1.367625,0.135756,0.192615,1.019954,0.474205,8.228823,0.000000,2.923542,10.131463,0.000000,2.495742,0.000000,-8.778431963e-04
0.270100,0.009339607,0.039652660,0.034954427,0.034609541,0.043840004,0.038698642,0.035551482,0.039510558,0.034835020,0.034673807,0.039558217,0.034418397,0.034699984,0.043483806,0.034385586,0.040186795,0.039921986,0.034939424,0.034442159,0.063336175,0.059971237,0.062762114,0.059837764,0.119207735,0.119899494,0.524250260,2.158824e-01,9.154544e-04,1.933452e-05,8.524907e-05,5.420934e-03,1.696230e-04,1.284401e-03,7.652728e-04,4.672109e-05,7.515071e-06,9.741437e-04,6.302131e-05,1.904441e-05,3.781654e-03,4.496459e-04,1.978244e-05,7.920152e-04,2.573698e-05,1.039830e-05,2.481361e-04,1.146798e-04,1.070370e-03,2.277393e-04,8.490776e-03,1.610291e-03,-5.649899e-13,6.240973,7.668854,0.157920,3.854737,1.925414,6.082800,0.000000,0.000000,0.682464,0.777639,1.774254,0.386687,0.595919,0.649696,0.906204,0.076835,0.733953,0.717877,9.659896,3.882067,7.519075,11.486457,0.019262,0.533932,0.000000,-1.085326267e-03
0.275100,0.009179430,0.039722652,0.034654105,0.034354783,0.042736082,0.037536166,0.035072222,0.039573470,0.034802347,0.034719985,0.039766835,0.034303453,0.034578372,0.042222364,0.034720101,0.039512081,0.039417565,0.034600133,0.034384212,0.063404833,0.059990206,0.062738511,0.059797827,0.119137301,0.119907596,0.518236730,3.304322e-01,6.701827e-04,2.400591e-05,1.102868e-04,6.508226e-03,3.744277e-04,7.239002e-04,2.523817e-04,6.974530e-05,5.786269e-05,3.944190e-04,7.614474e-05,8.883709e-06,2.238074e-03,6.710007e-04,3.399602e-04,6.655470e-04,2.706816e-05,1.149005e-05,3.135034e-04,1.232680e-04,1.667077e-03,9.847070e-05,8.551471e-03,2.665259e-03,-4.875838e-13,13.011412,0.541816,0.136918,0.160551,4.119415,0.437715,0.750830,0.000000,0.005157,1.446474,2.224674,0.541473,0.514865,1.454471,1.410299,1.994639,0.000000,1.140050,4.980615,2.993222,10.287058,4.189499,12.433172,0.964142,0.000000,-1.345666597e-03
0.280100,0.009020860,0.039731805,0.034540481,0.034292720,0.041562158,0.036128440,0.034693039,0.039591000,0.034567614,0.034816672,0.039827204,0.034347243,0.034775077,0.041120836,0.035030183,0.038592119,0.039109136,0.034497575,0.034276107,0.063271124,0.059765104,0.062743519,0.059550949,0.119207154,0.119698063,0.511977950,4.706374e-01,5.823516e-04,3.136502e-05,1.340164e-04,9.749170e-03,2.252091e-04,7.221389e-04,4.198285e-04,1.843531e-04,5.765961e-05,3.362121e-04,1.048944e-04,2.962656e-05,2.826785e-03,2.962685e-04,2.875613e-04,5.795303e-04,5.164323e-05,1.547556e-05,6.338563e-04,4.634108e-05,8.082874e-04,6.417653e-04,7.234349e-03,1.753767e-03,-9.763048e-13,9.683398,1.830196,1.200260,0.000000,3.791248,2.454703,1.045273,0.000000,0.465756,0.187486,0.042114,1.592727,1.388412,0.224014,0.129696,0.495142,0.000000,0.009392,0.997996,11.046516,0.619585,0.389306,1.480838,21.693267,0.000000,-1.613992897e-03
0.285100,0.008907296,0.039535393,0.034676978,0.034258710,0.040817167,0.034545403,0.034617878,0.039452386,0.034367852,0.034679774,0.039666973,0.034271204,0.034814772,0.039783292,0.035412721,0.037426908,0.039418935,0.034738741,0.034054529,0.062973768,0.059342723,0.062641091,0.059442207,0.119319584,0.119359018,0.505473920,5.849354e-01,1.191832e-03,2.198415e-05,7.372946e-05,1.167631e-02,4.407281e-04,1.573381e-03,4.032361e-04,2.265916e-04,3.075277e-05,2.438849e-04,1.403906e-04,6.840450e-05,1.441697e-03,4.109523e-05,2.374600e-05,5.449339e-04,1.868986e-05,3.980025e-05,5.615133e-04,8.553164e-04,2.599619e-04,5.462172e-04,5.180407e-03,2.261480e-03,-1.168244e-12,12.016693,5.206393,1.643421,3.376975,0.734865,8.672322,0.758974,1.050182,0.827435,0.328251,1.296918,0.918247,0.109137,1.655642,0.047974,0.000000,0.000000,0.769317,2.091788,7.390707,4.308019,0.513477,0.000000,5.147465,0.000000,-1.805170093e-03
0.290100,0.008867887,0.039303501,0.034656381,0.034027088,0.039945670,0.034029332,0.034524336,0.039278206,0.034230938,0.034509721,0.039325060,0.034110480,0.034612997,0.038607917,0.035789702,0.036077629,0.039593655,0.034910067,0.033878234,0.062554392,0.059290403,0.062306314,0.059478024,0.119547821,0.118920754,0.498724640,6.295090e-01,1.201745e-03,8.514977e-06,9.415553e-05,4.473632e-03,5.963201e-04,1.785057e-04,5.939583e-04,3.166312e-05,1.918839e-05,5.978532e-04,6.796881e-05,3.906211e-05,1.067192e-02,7.733538e-04,6.039339e-04,1.910095e-04,1.584511e-06,4.558320e-05,7.700792e-04,4.814679e-04,3.158856e-04,1.778484e-04,3.475476e-03,5.510552e-03,-6.862064e-13,6.651419,4.863793,1.974645,15.065574,0.000000,2.817912,0.237667,4.018517,0.498783,0.764283,0.000000,0.051128,0.527827,0.265528,0.727545,0.095349,1.077724,0.674216,5.020857,1.251537,2.371451,3.802278,26.617760,2.097618,0.000000,-1.867092862e-03
0.295100,0.008894194,0.039154407,0.034641414,0.034003311,0.039233650,0.034636763,0.034762237,0.039109238,0.034078515,0.034464698,0.039111892,0.034097943,0.034437513,0.038678707,0.035921433,0.035802318,0.039641889,0.034839076,0.033985179,0.062012438,0.059657437,0.061744642,0.059521518,0.119587641,0.118571879,0.491730110,6.000470e-01,1.113118e-03,9.585353e-06,8.157585e-05,8.612903e-03,1.854218e-04,1.286432e-04,3.134564e-04,6.924781e-05,2.619045e-05,7.460108e-04,3.756976e-06,2.298173e-05,1.821146e-02,8.794256e-04,8.938958e-04,2.822130e-04,1.798137e-05,2.691496e-05,4.863122e-04,2.623221e-04,8.819146e-04,8.381017e-04,2.872641e-03,9.916090e-03,-1.197173e-12,0.000000,16.735360,2.007208,4.272266,1.208534,6.949993,0.667453,2.740022,0.979899,0.560806,0.000000,0.013538,1.196967,2.152502,1.559471,1.076082,3.651440,1.152717,9.857123,18.986585,12.217944,12.085611,22.462433,1.232898,0.000000,-1.826980944e-03
0.300100,0.008976261,0.039363199,0.034518189,0.034265054,0.039123156,0.035879711,0.035171510,0.039298913,0.034144787,0.034633481,0.039416248,0.034193928,0.034617716,0.039520759,0.035807914,0.035920652,0.039463165,0.034560459,0.034152031,0.061332966,0.059909113,0.061129049,0.059722450,0.119408182,0.118550498,0.484490330,5.147111e-01,6.587054e-04,3.262726e-05,1.404514e-04,1.955815e-02,5.059917e-04,1.144540e-03,7.350923e-04,2.243582e-04,3.869689e-05,6.470697e-04,5.148683e-05,1.624784e-05,1.011543e-02,2.656198e-05,2.102991e-04,2.998235e-04,1.368533e-05,2.258644e-05,2.888488e-04,2.195870e-04,1.892244e-03,8.581271e-05,2.912139e-03,1.107230e-02,-1.401130e-12,2.923566,17.514348,1.213035,1.194361,4.978043,3.919286,0.515595,1.715525,0.841415,1.540973,0.000000,0.279443,1.473280,0.013563,0.342940,1.640886,0.217215,0.905547,10.508707,11.784958,8.081818,12.907019,20.253982,0.832659,0.000000,-1.686962457e-03
0.305100,0.009102511,0.039666303,0.034596645,0.034603632,0.039715881,0.037214169,0.035337071,0.039589276,0.034416287,0.034725196,0.039724679,0.034460286,0.034851771,0.040761378,0.035449145,0.036580252,0.039218553,0.034450491,0.034296739,0.060466017,0.059994448,0.060603183,0.059767062,0.119186958,0.118769068,0.477005300,3.954843e-01,4.234539e-04,2.416818e-05,7.368076e-05,2.887330e-03,4.163726e-04,1.710254e-03,4.640026e-04,8.958094e-05,4.839912e-05,5.596867e-04,1.722986e-04,2.045759e-05,9.070260e-03,7.612822e-04,8.743573e-04,2.532648e-04,3.092174e-05,5.327771e-05,1.369265e-04,2.494839e-04,8.956941e-04,5.993853e-05,6.044897e-03,7.164978e-03,-2.101056e-12,7.757261,15.096028,0.693615,1.316719,4.677058,0.028894,0.958857,0.000000,1.286239,0.325933,0.000000,2.178793,0.057365,0.000000,0.523715,0.050903,3.113788,0.074755,4.651102,19.330156,4.141260,0.474180,2.015198,8.483205,0.000000,-1.476305890e-03
0.310100,0.009242529,0.039875259,0.034795094,0.034811921,0.040586763,0.038303379,0.035307739,0.039703923,0.034842354,0.034705657,0.039928949,0.034590761,0.034962830,0.041765053,0.034854367,0.037609515,0.039525436,0.034897558,0.034339480,0.059418611,0.059932940,0.060013695,0.059604372,0.118961368,0.119168378,0.469275020,2.820762e-01,4.908108e-04,3.067871e-05,2.214917e-05,1.513266e-02,2.310250e-04,1.405478e-04,4.513863e-04,2.017617e-05,5.593006e-05,3.675779e-04,1.028768e-04,3.494851e-05,1.354136e-02,8.461357e-04,1.752870e-03,1.518132e-04,2.650742e-05,1.814121e-05,1.722985e-03,1.899410e-04,3.130747e-04,6.461570e-04,5.798316e-03,2.281251e-03,-2.540860e-12,9.515790,9.886377,3.129074,1.829928,1.097885,2.555715,0.977839,0.000000,0.782803,0.198921,0.179743,0.632036,0.542223,0.515470,0.189884,0.662243,0.301025,0.666010,3.731338,6.938837,0.418695,4.982281,0.000000,16.073604,0.000000,-1.245167020e-03
0.315100,0.009369276,0.040028665,0.034927555,0.035022622,0.041393144,0.039147339,0.035478300,0.039661179,0.035216241,0.034758666,0.040055846,0.034647081,0.035039990,0.042524664,0.034170807,0.038456633,0.039875776,0.035178033,0.034448932,0.058876578,0.059716354,0.059303339,0.059597396,0.118948641,0.119473989,0.461299490,1.960395e-01,5.415517e-04,7.268649e-06,4.565369e-05,2.016858e-03,5.425694e-04,4.846927e-04,3.773851e-04,4.860614e-05,3.067907e-05,3.934130e-04,1.844921e-05,6.667406e-05,1.361144e-02,7.114519e-05,1.615609e-03,1.982980e-04,2.413843e-05,5.585301e-05,6.935075e-03,1.345249e-04,5.278082e-03,3.333227e-04,6.941617e-03,1.046787e-03,-1.077807e-12,17.489334,1.152423,24.391204,1.061309,7.747684,9.062166,0.004555,0.000000,0.002024,0.454463,0.356410,0.232447,0.427496,1.480369,1.070236,0.108663,0.000000,0.804190,1.601660,0.000000,2.414695,0.898647,0.492601,0.353094,0.000000,-1.027042728e-03
0.320100,0.009441154,0.040008917,0.034873437,0.035043576,0.041955662,0.039862849,0.035812748,0.039538845,0.035344905,0.034898208,0.039956859,0.034572328,0.034877363,0.043183274,0.034352614,0.039058557,0.040078271,0.035275867,0.034607988,0.059780626,0.059494034,0.059530826,0.059738565,0.119081962,0.119544824,0.453078710,1.545066e-01,2.638355e-04,7.682947e-06,1.441291e-04,1.720276e-02,5.741947e-04,1.784774e-03,5.670642e-04,1.688775e-05,8.814218e-06,3.430661e-04,5.556438e-05,2.304716e-05,9.971588e-03,1.964483e-04,1.347563e-03,3.607037e-04,9.560723e-06,7.058979e-05,1.551849e-03,1.202490e-03,3.171009e-03,4.056823e-04,7.836949e-03,2.407615e-03,-1.677715e-12,7.582671,0.609102,19.613070,9.390191,24.982298,3.399002,0.506902,0.666641,0.000000,0.489563,5.094288,0.016670,0.000000,0.199648,0.555029,0.014052,0.012629,0.549122,2.074126,0.262864,7.093627,1.531461,4.311872,2.681618,0.000000,-9.125483390e-04
0.325100,0.009443721,0.039834535,0.034822878,0.034819280,0.042393833,0.040536589,0.035912095,0.039647454,0.035254482,0.034988195,0.039806184,0.034576909,0.034673072,0.043766828,0.035484193,0.039739258,0.040089078,0.035193803,0.034675226,0.060981061,0.059787427,0.060408571,0.059896260,0.119121102,0.119384217,0.444612680,1.533143e-01,5.968302e-04,2.919930e-05,5.308515e-05,2.786044e-03,2.130137e-05,8.992930e-04,4.045495e-04,4.371204e-05,1.926984e-05,8.334376e-04,1.009703e-04,4.975683e-06,9.260695e-03,2.388592e-04,7.853578e-04,5.614445e-04,3.882599e-05,3.790091e-05,1.091995e-03,8.572266e-05,9.789704e-04,3.500864e-04,2.667673e-03,1.254634e-03,-1.877975e-12,7.518677,0.000000,2.183350,9.399820,2.564899,4.790545,0.347386,0.126271,0.336686,0.858664,0.355710,0.439682,0.000000,0.000000,0.378481,1.055139,1.358975,0.157430,3.396838,3.696174,9.249362,4.257727,1.820565,0.200699,0.000000,-9.097893517e-04
0.330100,0.009387267,0.039653163,0.034693442,0.034485696,0.042703682,0.040992042,0.035889993,0.039808445,0.035115390,0.034899790,0.039642444,0.034586387,0.034762190,0.044139362,0.036393403,0.040422128,0.039949138,0.035045518,0.034604521,0.062002714,0.060043869,0.061078626,0.060019743,0.119210866,0.119138677,0.435901400,1.840888e-01,5.266876e-04,2.595982e-05,1.870234e-05,2.029958e-02,7.124028e-04,3.229666e-04,4.226030e-04,1.853041e-04,2.722672e-05,9.978631e-04,1.321695e-04,3.936568e-06,7.451194e-03,7.385373e-04,8.472408e-04,2.155122e-04,4.353850e-06,1.458714e-05,1.297679e-03,1.497813e-04,1.736839e-03,1.092876e-04,7.723232e-03,6.237050e-03,-2.154366e-12,5.525384,11.465117,0.298568,0.040261,0.850617,1.585020,0.909674,0.061488,0.234175,0.621553,0.000000,0.187937,1.043797,1.211733,0.167751,1.384894,0.000000,0.524918,3.190167,2.556605,1.696306,6.183974,0.501771,3.071584,0.000000,-1.004366338e-03
0.335100,0.009282978,0.039498959,0.034726357,0.034413854,0.042897557,0.041220881,0.036168018,0.039738087,0.034798655,0.034809503,0.039561291,0.034650627,0.034906896,0.044273127,0.037057364,0.040859747,0.039632220,0.034707317,0.034487437,0.062782460,0.060055519,0.061644479,0.059930074,0.119113198,0.119078270,0.426944870,2.524576e-01,4.191217e-04,2.489299e-05,3.982090e-05,6.441451e-03,4.894686e-04,7.043845e-04,3.206665e-04,1.372542e-04,8.462512e-06,3.057871e-04,2.183311e-05,6.489409e-05,1.002810e-02,2.749717e-04,2.821814e-03,4.480512e-04,3.119521e-05,1.778796e-05,1.184183e-03,1.096416e-04,2.466680e-03,1.028766e-04,3.711808e-03,7.493211e-03,-4.123849e-12,0.226099,13.589645,0.000000,0.047423,3.413188,0.000762,0.745596,0.213544,0.447752,0.315240,0.000000,0.361862,1.103105,0.462316,0.686808,0.060753,0.000000,0.212077,9.300963,1.158699,0.000000,7.829709,0.000000,0.011132,0.000000,-1.172956077e-03
0.340100,0.009159865,0.039510887,0.034791306,0.034556381,0.042900098,0.041479482,0.036229135,0.039507069,0.034464074,0.034615030,0.039545620,0.034499707,0.034901499,0.044185883,0.037476074,0.041052117,0.039254612,0.034561982,0.034193208,0.063316957,0.059859182,0.062213713,0.059595395,0.118988087,0.119137573,0.417743090,3.463302e-01,1.017875e-03,3.123908e-05,4.685728e-05,1.856704e-02,1.729622e-04,9.522441e-04,2.115451e-04,2.861422e-05,2.309768e-05,7.240647e-04,5.519297e-05,3.097696e-05,3.784603e-03,1.881278e-04,1.005821e-03,5.524292e-04,4.436895e-05,3.646298e-05,8.541969e-04,4.361032e-04,1.189846e-03,6.935243e-05,5.937747e-03,6.041102e-03,-2.170956e-12,13.522129,11.112090,0.000000,1.831915,4.370412,0.115187,0.389071,0.669084,0.379484,0.142374,0.000000,1.660753,0.726951,0.000000,0.525021,0.414187,0.000000,0.554273,6.039046,3.659063,4.862376,4.776679,0.898290,11.248505,0.000000,-1.380760962e-03
0.345100,0.009043081,0.039560305,0.034666365,0.034548523,0.042893061,0.041655719,0.036045002,0.039255436,0.034088720,0.034585116,0.039505295,0.034312337,0.034733164,0.043874062,0.037649534,0.040999237,0.039396570,0.034786252,0.034070082,0.063606204,0.059648796,0.062724585,0.059291866,0.119035192,0.119296244,0.408296060,4.493230e-01,9.112007e-04,1.046396e-05,1.539703e-04,8.745427e-03,5.510678e-04,2.194252e-04,4.499444e-04,4.639503e-05,3.822345e-05,7.662743e-04,1.176907e-04,7.513869e-05,2.980131e-03,6.873477e-04,5.067045e-04,2.730926e-04,5.026992e-05,3.031689e-05,6.187069e-04,3.802811e-04,5.537087e-04,1.011210e-03,8.187111e-03,4.494034e-03,-4.799846e-12,11.462762,9.471583,0.000000,4.957793,1.283768,11.409018,0.088235,0.330146,1.047390,0.645708,0.000000,0.930615,0.000000,0.000000,0.871900,0.015338,0.000000,1.132940,5.379639,2.180810,4.455709,3.327510,0.000000,12.286639,0.000000,-1.577373890e-03
0.350100,0.008965412,0.039501044,0.034561492,0.034330078,0.042658402,0.041644251,0.035732307,0.039288680,0.034147771,0.034677655,0.039464274,0.034048679,0.034463824,0.043316992,0.037577744,0.040701106,0.039574392,0.034909128,0.034137262,0.063655821,0.059442261,0.063021410,0.059533908,0.119133634,0.119383043,0.398603780,5.247801e-01,3.299568e-04,9.191687e-06,3.755625e-05,2.164703e-02,5.584022e-04,9.167458e-04,4.739651e-04,6.156920e-05,1.363693e-05,5.168691e-04,1.068997e-04,2.039408e-05,3.372457e-03,3.393797e-04,2.787375e-03,7.950310e-04,5.002237e-05,5.199939e-05,9.630769e-04,1.296932e-04,6.944197e-04,1.174043e-04,3.696047e-03,1.811586e-03,-4.487271e-12,8.892387,3.340843,0.716404,2.384432,0.025178,8.024040,1.024268,0.000000,1.484213,0.475866,0.000000,0.008266,0.306572,1.356074,0.930935,0.927527,0.000000,0.635794,0.359579,0.000000,11.324511,4.527582,0.000000,1.643419,0.000000,-1.698863663e-03
0.355100,0.008953489,0.039276867,0.034519260,0.034054220,0.042178493,0.041387533,0.035895493,0.039344578,0.034348393,0.034692108,0.039366281,0.034030779,0.034582431,0.042643743,0.037260705,0.040157726,0.039535623,0.034802653,0.034045438,0.063684932,0.059330017,0.063073634,0.059701742,0.119250878,0.119408806,0.388666250,5.367729e-01,7.636992e-04,2.104515e-05,6.554095e-05,1.372982e-02,1.965038e-04,2.204163e-04,5.681553e-04,2.401288e-05,1.857527e-05,8.891568e-04,3.728496e-05,1.068372e-05,6.326082e-03,1.688913e-04,1.283714e-03,1.934456e-04,4.073559e-05,2.737686e-05,2.251464e-03,1.159959e-03,6.203673e-04,1.152669e-04,5.301835e-03,4.094887e-03,-4.712128e-12,7.109532,9.865162,6.868534,10.766696,0.082308,0.691063,0.946803,0.000000,0.625190,1.649885,0.000000,0.119625,0.626055,0.771413,0.170516,1.597933,0.000000,0.229853,4.350621,0.000000,5.211019,4.360558,7.311005,0.000000,0.000000,-1.730063316e-03
0.360100,0.008997632,0.039157208,0.034622716,0.034094723,0.041453335,0.040976755,0.035862063,0.039421131,0.034572560,0.034618107,0.039352428,0.034270650,0.034805799,0.042096158,0.036781478,0.039369095,0.039265122,0.034495760,0.033969425,0.063938811,0.059630115,0.062938847,0.059688191,0.119234139,0.119498683,0.378483470,4.924538e-01,1.088601e-03,3.098505e-05,4.018670e-05,1.857507e-02,3.433086e-04,7.870436e-04,6.476040e-04,1.632537e-05,1.310046e-05,8.792782e-04,1.286370e-05,7.059010e-05,4.278923e-03,5.977927e-04,2.455541e-04,7.441130e-04,5.280392e-05,1.365747e-05,6.584600e-04,1.558639e-04,1.482430e-03,1.969076e-04,4.642477e-03,2.346125e-03,-6.368846e-12,2.520826,6.834244,6.218241,5.810284,2.556629,1.623834,0.371165,0.543515,0.721267,0.676830,0.720509,0.199090,2.039899,0.000000,0.498731,0.284202,0.000000,0.851109,10.481048,0.000000,2.375993,8.419396,4.039072,1.685531,0.000000,-1.648884345e-03
0.365100,0.009095087,0.039387572,0.034649420,0.034402356,0.040488487,0.040457794,0.035586220,0.039330742,0.034692372,0.034555966,0.039406496,0.034406893,0.034868855,0.041370841,0.036375680,0.038335220,0.039249944,0.034501834,0.034180698,0.064118627,0.059790775,0.062842065,0.059578211,0.119186389,0.119459113,0.368055440,4.020103e-01,5.355205e-04,5.417781e-05,1.265854e-04,1.648235e-02,6.211296e-04,7.555998e-04,3.514921e-04,6.192624e-05,5.081687e-05,6.224706e-04,1.491193e-04,9.178112e-05,2.715716e-03,6.104794e-05,2.636989e-03,6.456450e-04,2.885491e-05,1.028883e-05,7.731483e-04,2.427342e-04,2.129997e-03,1.679780e-04,6.392320e-03,3.384200e-03,-7.670270e-12,12.017177,3.313648,0.169679,0.761619,5.591872,3.000727,0.812520,0.004446,0.000000,0.189150,0.289236,2.425462,0.157309,0.083601,1.091318,0.110524,0.002526,1.354531,8.993390,0.192128,3.273178,5.299144,0.000000,18.886148,0.000000,-1.482907594e-03
0.370100,0.009214463,0.039663277,0.034752291,0.034558499,0.039377398,0.039718624,0.035396042,0.039392405,0.034616044,0.034714401,0.039559461,0.034367128,0.034769323,0.040400308,0.035755873,0.037177601,0.039659468,0.034893697,0.034389149,0.064054928,0.059857807,0.062792814,0.059464387,0.119331963,0.119354917,0.357382160,3.034946e-01,3.457635e-04,3.618023e-05,1.498089e-04,1.350608e-02,4.270542e-04,6.302881e-04,4.588896e-04,4.275838e-05,2.299008e-05,7.532920e-04,1.428830e-04,3.032769e-05,3.290266e-03,7.075310e-04,1.854697e-03,6.585699e-04,9.099086e-05,2.369736e-05,6.602066e-04,5.877785e-04,7.040614e-04,4.654180e-04,5.444858e-03,3.553641e-03,-8.046117e-12,12.353995,6.867611,0.000000,4.136422,3.452786,5.852641,0.445873,0.286373,0.509923,0.101710,0.231299,0.325740,0.415073,1.993077,0.506150,0.540709,0.894159,0.335137,3.482981,6.687580,9.667863,6.906796,0.041407,3.732194,0.000000,-1.297808324e-03
0.375100,0.009319757,0.039765364,0.034722326,0.034603423,0.038967323,0.039079395,0.035699700,0.039596280,0.034654742,0.034881845,0.039721841,0.034334480,0.034709950,0.039274169,0.035140777,0.036388727,0.039862317,0.035070250,0.034515849,0.063745978,0.059947736,0.062607653,0.059620831,0.119508748,0.119197964,0.346463630,2.273659e-01,6.576443e-04,1.217895e-05,1.258296e-05,1.065252e-02,2.935601e-05,5.830893e-05,3.803464e-04,3.354410e-06,6.204369e-06,4.945368e-04,8.899896e-05,1.548469e-05,5.663971e-03,7.895553e-04,4.160222e-04,7.612974e-04,3.753994e-05,6.410634e-05,3.820016e-04,1.960010e-04,4.283825e-04,2.748970e-04,6.030878e-03,4.756854e-03,-5.720717e-12,6.814988,6.196465,0.000000,3.437964,0.250669,8.774867,0.403551,0.929516,0.651551,1.036529,0.664520,0.025413,0.173748,0.587178,0.698475,0.568829,1.194510,0.195305,1.678211,31.622230,5.612912,4.710552,7.135656,0.591775,0.000000,-1.117277640e-03
0.380100,0.009375343,0.039758833,0.034781734,0.034478969,0.039919674,0.038343489,0.035795210,0.039720796,0.034585197,0.034893519,0.039880275,0.034561554,0.034813798,0.039033754,0.034684443,0.035490428,0.039848129,0.035070189,0.034443266,0.063191779,0.059897930,0.062179239,0.059845307,0.119605369,0.119107946,0.335299850,1.914417e-01,3.418268e-04,2.175005e-05,8.410611e-05,2.337931e-02,5.084936e-04,1.066019e-03,4.944950e-04,3.817219e-05,5.234034e-05,5.998116e-04,6.917087e-05,2.270676e-05,1.304441e-02,2.895715e-04,7.729426e-04,4.516257e-04,1.170652e-05,3.203421e-05,5.391332e-04,1.048878e-04,3.917079e-04,8.107737e-05,3.525138e-03,5.942374e-03,-8.889614e-12,2.994183,14.706233,0.000000,0.235290,0.000000,1.023043,0.699380,0.112440,0.799527,0.968958,1.652771,0.196243,0.409953,0.000000,0.000729,1.144780,0.000000,0.333218,2.799246,19.871623,2.960291,3.366123,35.477411,0.156371,0.000000,-1.026568651e-03
0.385100,0.009372935,0.039648098,0.034800190,0.034382082,0.040901699,0.037399901,0.035694849,0.039713062,0.034805474,0.034774435,0.039857372,0.034660641,0.034893354,0.039964912,0.034867224,0.034974955,0.039653812,0.034872865,0.034383120,0.062392329,0.059642650,0.061505576,0.059839934,0.119489213,0.119212602,0.323890820,1.932429e-01,9.789143e-05,2.347603e-05,9.960885e-05,1.843370e-02,7.171328e-04,8.923046e-04,2.781068e-04,4.119960e-05,7.178456e-05,5.892056e-04,5.492178e-05,7.686449e-05,5.502588e-03,2.505003e-05,1.960225e-03,5.434054e-04,8.388644e-05,3.109811e-05,6.821773e-04,6.233490e-04,4.985121e-04,1.767193e-04,2.004663e-03,1.872500e-03,-1.078144e-11,0.518264,9.299551,0.000000,2.844924,0.000000,0.393993,0.923707,0.007172,0.800689,0.037841,1.899941,0.322145,1.213254,0.815868,0.685696,0.428835,4.370840,0.854059,1.935481,0.590761,1.964957,0.356600,16.317738,3.093208,0.000000,-1.033800051e-03
0.390100,0.009325705,0.039501259,0.034894353,0.034562924,0.041723416,0.036211209,0.036140595,0.039615589,0.034851696,0.034704868,0.039702044,0.034545410,0.034956354,0.041111955,0.035357567,0.035642087,0.039443835,0.034649349,0.034456381,0.061364300,0.059575381,0.060588753,0.059698025,0.119233432,0.119186620,0.312236540,2.238916e-01,5.271073e-04,2.475036e-05,1.374467e-04,1.430280e-02,3.516767e-05,4.268335e-04,3.710422e-04,4.237712e-05,1.403329e-05,9.105626e-04,1.628471e-04,7.807227e-05,6.310943e-03,9.725107e-04,1.465061e-03,9.764167e-04,9.146038e-05,1.326985e-05,1.006951e-03,3.681660e-04,6.972961e-04,4.386461e-04,6.565118e-03,2.844268e-03,-7.014880e-12,7.049216,1.051195,1.165813,9.687771,0.244118,3.630328,0.135876,0.000000,0.057636,0.323921,1.059322,0.726123,0.668035,1.601511,0.433720,0.372774,0.639626,0.515521,8.510996,3.641956,2.988626,4.535561,3.718580,7.861706,0.000000,-1.097969686e-03
0.395100,0.009247050,0.039533700,0.034748812,0.034651713,0.042417510,0.034785749,0.036507597,0.039463085,0.034856519,0.034645527,0.039547283,0.034438668,0.034864765,0.042049678,0.035989882,0.036365235,0.039520374,0.034655637,0.034376773,0.060276094,0.059676579,0.059580839,0.059588902,0.118962884,0.119013405,0.300337010,2.782074e-01,2.738931e-04,1.299795e-06,1.316442e-04,9.528350e-03,4.828319e-04,2.175490e-04,2.349906e-04,1.064282e-05,2.960268e-05,1.158816e-03,7.167195e-05,2.761163e-05,2.988262e-03,3.846352e-04,3.017659e-04,5.118601e-04,5.297314e-05,2.685914e-05,1.257635e-03,3.062386e-04,4.018186e-03,1.403496e-04,1.232955e-03,5.495359e-04,-9.944939e-12,4.686992,5.298536,4.750804,2.621959,6.913485,4.162184,0.007838,0.253105,0.945825,0.699756,0.920128,1.378887,0.133509,0.000000,0.919355,0.220561,1.601888,0.316803,7.890159,0.119676,6.180005,3.517018,0.000000,8.231489,0.000000,-1.237601789e-03
0.400100,0.009151830,0.039644166,0.034530877,0.034505858,0.042866649,0.034248354,0.036629348,0.039401818,0.034903333,0.034683008,0.039273336,0.034276419,0.034749730,0.042742152,0.036571427,0.037617221,0.039584112,0.034768740,0.034185940,0.059265190,0.059732412,0.059145484,0.059492284,0.118725941,0.118745776,0.288192230,3.535570e-01,2.266664e-04,1.854688e-05,1.475003e-05,7.542037e-03,3.124268e-04,1.083815e-03,5.076403e-04,2.575852e-05,1.982187e-05,6.284342e-04,3.221393e-05,3.714639e-06,1.035866e-02,6.351069e-04,8.045565e-04,4.822856e-04,1.555060e-04,3.475248e-05,5.685684e-04,6.410372e-04,3.204412e-03,6.574768e-04,5.654548e-03,5.239312e-03,-9.919090e-12,14.137562,3.889158,3.939631,4.667147,16.992230,5.709653,0.930659,4.835968,0.272578,0.455138,0.017086,0.188095,0.000000,0.000000,0.736849,0.711565,1.342203,0.483485,3.135283,0.000000,7.538385,6.407714,0.000000,4.016087,0.000000,-1.393943808e-03
0.405100,0.009062944,0.039552553,0.034594585,0.034197766,0.043112725,0.034597995,0.036505849,0.039432212,0.034743533,0.034804960,0.039314877,0.034232668,0.034585412,0.043189375,0.036908059,0.038807071,0.039537355,0.034699154,0.034100326,0.058461857,0.059806466,0.059288278,0.059600281,0.118576616,0.118480780,0.275802200,4.307913e-01,2.067666e-04,1.131289e-05,1.230575e-04,4.587678e-03,4.607739e-04,6.049514e-04,3.021939e-04,6.190717e-06,7.527665e-06,3.730980e-04,1.797639e-04,4.540964e-05,8.683389e-03,8.063888e-04,2.134660e-03,7.498327e-04,4.598652e-05,2.445753e-05,1.029428e-02,1.693273e-04,2.238038e-03,1.569399e-04,6.483811e-03,9.109003e-03,-1.188850e-11,7.999136,13.780795,19.422133,2.811307,8.994323,6.088654,1.359810,1.636967,0.000000,0.829726,0.000000,0.545965,0.841621,0.000000,0.640676,0.609225,0.000000,1.096147,0.091323,2.061133,3.676774,10.433164,0.000000,1.925352,0.000000,-1.537498337e-03
0.410100,0.008998237,0.039322950,0.034686358,0.034047439,0.043352501,0.035705193,0.036284910,0.039362403,0.034355514,0.034769968,0.039462801,0.034177832,0.034565049,0.043391348,0.036999441,0.039751671,0.039335059,0.034764896,0.034113278,0.059210827,0.059706721,0.059792000,0.059623549,0.118452087,0.118499784,0.263166920,4.914704e-01,3.566737e-04,1.006668e-05,9.743751e-05,4.016710e-03,4.601480e-04,1.911769e-05,2.278889e-04,2.826657e-05,9.849992e-06,1.772863e-04,5.254257e-05,4.547463e-05,9.898105e-03,3.069100e-04,6.250786e-04,4.816539e-04,3.280744e-06,4.255157e-05,5.924013e-04,1.273821e-04,2.587647e-03,1.335723e-04,8.348317e-03,8.176765e-03,-1.561112e-11,11.011140,16.671206,23.478777,0.097970,10.808304,0.207707,0.063275,1.423557,0.245400,0.365316,0.000000,0.598493,0.764689,0.693905,0.002713,0.939613,0.000000,0.429848,5.091378,5.321622,3.559526,4.483299,0.000000,0.757242,0.000000,-1.652030606e-03
0.415100,0.008977475,0.039160241,0.034581863,0.034238605,0.043435028,0.036685916,0.035960038,0.039207439,0.034079183,0.034528506,0.039532269,0.034054177,0.034719650,0.043348071,0.036884422,0.040451021,0.039118674,0.034661812,0.034020040,0.060237972,0.059395863,0.060604838,0.059458148,0.118528233,0.118737184,0.250286390,5.123227e-01,3.650498e-04,1.217327e-05,1.085690e-04,6.172290e-03,1.256862e-03,1.292214e-03,4.410396e-04,5.053358e-05,1.131197e-05,1.833783e-04,2.548999e-05,8.136851e-05,7.625173e-03,5.085880e-04,4.468296e-04,4.003667e-04,6.227271e-05,4.004562e-05,8.627876e-04,6.603410e-04,9.506899e-04,4.700918e-04,7.937486e-03,5.834472e-03,-1.671918e-11,11.654748,14.588665,0.012964,2.490775,5.391980,2.836871,0.367040,0.000000,1.252010,1.055186,0.296119,0.262806,1.343833,0.000000,0.461190,0.834404,0.000000,0.489993,9.552246,0.000000,3.506599,2.211421,0.000000,12.999201,0.000000,-1.682158981e-03
0.420100,0.009009605,0.039362386,0.034455510,0.034377110,0.043272305,0.037421390,0.035429107,0.039216069,0.034092842,0.034432884,0.039397940,0.034104920,0.034754210,0.043060217,0.036635740,0.040905120,0.039373752,0.034554816,0.034020737,0.061019905,0.059335950,0.061319427,0.059415131,0.118594956,0.119159052,0.237160610,4.805211e-01,1.800056e-04,1.466104e-05,2.656448e-05,4.758926e-03,4.810091e-04,1.267935e-03,2.091511e-04,2.362167e-05,1.816557e-05,1.688996e-04,3.270008e-05,4.810702e-05,1.181076e-02,6.864252e-04,2.013548e-03,5.961949e-04,2.994129e-05,1.685969e-05,9.515409e-04,6.069288e-04,6.266634e-04,1.793732e-04,6.707966e-03,2.176281e-03,-9.557552e-12,8.348089,11.540171,0.000000,12.749701,0.444256,7.651098,0.590533,0.000000,1.856568,0.695505,0.258642,0.558473,0.146678,0.523335,1.480004,0.011076,0.000000,0.778111,7.792950,0.000000,11.784049,1.245034,0.350892,9.586013,0.000000,-1.628606095e-03
0.425100,0.009089919,0.039563009,0.034573257,0.034376001,0.042864332,0.038126762,0.035041570,0.039456553,0.034448801,0.034693181,0.039264282,0.034360546,0.034597735,0.042792016,0.036270566,0.041113970,0.039593308,0.034599611,0.034173021,0.061556589,0.059655309,0.061795557,0.059523113,0.118798807,0.119529465,0.223789580,4.058006e-01,4.712770e-04,6.159370e-06,3.443834e-05,1.054084e-02,1.065512e-04,4.908290e-04,1.937537e-04,1.011238e-05,2.491280e-06,3.500619e-04,4.320434e-05,1.588276e-05,1.333143e-02,6.323551e-04,9.699963e-04,4.791219e-04,2.497216e-05,3.475516e-05,6.625252e-04,2.160122e-04,6.954148e-04,4.246985e-04,5.828888e-03,7.901104e-04,-1.906110e-11,16.056693,1.247816,0.000000,5.273204,0.000000,5.517422,1.345745,1.381081,0.380398,0.976221,0.320960,1.547976,0.527727,0.636549,0.658935,0.586994,0.000000,0.961705,5.345172,0.000000,5.378101,8.353836,7.658494,0.343150,0.000000,-1.499955260e-03
0.430100,0.009194852,0.039645088,0.034790123,0.034325033,0.042211109,0.039012880,0.034498406,0.039559245,0.034788216,0.034901084,0.039444482,0.034533567,0.034629318,0.042447042,0.036029077,0.041077570,0.039588959,0.034798555,0.034312843,0.061914172,0.059918430,0.062026437,0.059734531,0.119140276,0.119673217,0.210173300,3.177899e-01,2.733210e-04,3.244747e-06,1.094991e-04,9.540952e-03,5.371805e-05,1.829061e-04,2.328037e-04,8.220305e-05,2.661419e-06,4.408497e-04,2.119283e-05,7.976786e-06,1.269162e-02,5.555108e-04,2.088792e-04,4.398170e-04,3.861094e-05,3.375403e-06,1.493173e-03,1.565946e-04,7.039712e-04,1.465931e-04,2.822946e-03,1.065502e-03,-1.507739e-11,5.210115,1.466774,3.223550,1.733912,0.000000,4.703375,0.523696,0.175495,0.721705,0.160275,1.060488,0.420657,0.439254,0.288345,0.630432,0.948939,0.000000,0.314218,0.141704,0.000000,1.251623,12.960793,1.854638,1.681679,0.000000,-1.321433334e-03
0.435100,0.009307373,0.039532905,0.034849273,0.034353304,0.041312635,0.039661177,0.034310369,0.039526118,0.035034443,0.034992179,0.039704825,0.034511538,0.034872999,0.041946191,0.035700963,0.040795920,0.039438259,0.034954508,0.034354614,0.062397103,0.060016199,0.062012066,0.059855544,0.119318148,0.119632111,0.196311770,2.352388e-01,2.802700e-04,1.118319e-05,1.357159e-04,1.674717e-02,2.566802e-05,8.223452e-04,3.144105e-04,1.173927e-04,1.245983e-05,4.095731e-04,9.199609e-05,2.950372e-05,9.068768e-03,2.862362e-04,1.768484e-03,5.056397e-04,2.288601e-05,8.948473e-06,1.316538e-03,1.396687e-04,4.816369e-04,5.661171e-05,5.365901e-03,1.963592e-03,-1.604377e-11,4.450190,1.567259,7.296582,0.986531,0.000000,0.528509,0.012924,0.000000,0.057456,0.114316,0.000000,0.451067,1.298035,3.135754,0.016885,1.140578,0.000000,0.480456,3.248864,0.000000,2.614445,0.483007,1.504990,3.362160,0.000000,-1.138080066e-03
0.440100,0.009392615,0.039496667,0.034670660,0.034659377,0.040210164,0.040064224,0.035011015,0.039459200,0.035038534,0.034842996,0.039819673,0.034393359,0.035042259,0.041354161,0.035127599,0.040269019,0.039525835,0.034953752,0.034409884,0.062980032,0.059930444,0.061752726,0.059737732,0.119378046,0.119439641,0.182204990,1.814019e-01,4.817001e-04,7.668512e-06,6.356693e-05,1.308807e-02,3.366170e-05,9.501051e-04,2.750645e-04,7.590758e-06,8.733602e-06,7.294037e-04,7.116703e-05,6.293319e-05,6.382070e-03,1.184362e-03,1.305231e-03,4.191648e-04,7.980684e-05,3.548343e-05,7.868534e-04,1.731664e-04,2.522106e-04,8.016279e-05,2.056352e-03,1.486294e-03,-1.839953e-11,1.067381,5.668611,2.630641,1.129817,0.132732,0.124779,0.141551,0.000000,0.000000,0.533042,0.000000,0.056191,0.756490,1.750785,0.055070,0.000000,0.000000,0.939968,11.574266,5.293697,9.066053,3.438132,4.765855,12.833026,0.000000,-9.931298158e-04
0.445100,0.009420748,0.039738858,0.034711850,0.034946934,0.039505329,0.040222021,0.036076061,0.039638592,0.034806823,0.034595274,0.039812519,0.034517245,0.034979888,0.040722612,0.034702185,0.039583237,0.039762121,0.034843587,0.034575844,0.063357638,0.059685355,0.061402702,0.059541867,0.119198375,0.119227768,0.167852960,1.648817e-01,2.263964e-04,5.549763e-06,2.352485e-05,9.540991e-03,5.319679e-05,3.514184e-04,2.661192e-04,7.507230e-05,1.008650e-05,5.464165e-04,3.669680e-05,1.765403e-05,6.830632e-03,1.508190e-04,1.419539e-04,2.271727e-04,4.131693e-05,1.042918e-05,5.615070e-04,1.653482e-04,1.785750e-03,6.616465e-04,2.554227e-03,3.026824e-03,-1.773486e-11,0.000000,7.400233,0.000000,1.787137,5.774123,6.984554,1.827294,0.000000,0.209356,1.615185,2.060975,0.529621,0.316234,0.698856,1.100128,0.184906,1.129169,0.483085,3.875611,14.440946,5.604796,1.649730,1.806288,3.207533,0.000000,-9.479300878e-04
0.450100,0.009386778,0.039822772,0.034864247,0.035029646,0.039605455,0.040134568,0.036965116,0.039742118,0.034549180,0.034837991,0.039622213,0.034751079,0.034841898,0.039888049,0.034727528,0.039319354,0.039825033,0.034686398,0.034578766,0.063489995,0.059513606,0.061259384,0.059672631,0.118991941,0.118986038,0.153255680,1.849614e-01,3.531422e-04,1.446560e-05,6.647550e-05,1.212335e-02,1.716079e-05,3.243600e-04,3.960669e-04,5.913957e-06,1.268617e-05,3.467211e-04,3.371027e-05,4.431808e-05,4.353868e-03,1.028791e-03,1.338648e-03,4.969147e-04,3.150792e-05,3.806541e-05,5.451899e-04,9.157467e-04,8.952893e-04,1.583319e-04,5.817424e-03,4.890535e-03,-1.940764e-11,13.999659,8.059714,0.000000,9.929353,6.643647,8.056775,0.020873,0.000000,0.641911,0.260313,1.207617,0.922659,0.000000,0.000000,1.342125,0.357813,0.787784,0.074859,2.278455,33.898044,2.090242,0.952348,5.083604,0.345203,0.000000,-1.011470977e-03
0.455100,0.009288530,0.039732080,0.034784434,0.034867725,0.040491889,0.039801865,0.037608921,0.039643993,0.034414035,0.034993965,0.039405677,0.034798354,0.034664941,0.039591548,0.035063787,0.038855434,0.039651190,0.034780272,0.034449987,0.063377101,0.059751934,0.061095720,0.059837770,0.118909941,0.118824452,0.138413150,2.492431e-01,3.863332e-04,7.017098e-06,1.230442e-04,1.140264e-02,3.129838e-05,1.256296e-03,1.928298e-04,1.259613e-04,9.413502e-06,6.039075e-04,3.349698e-05,1.234506e-05,9.332556e-03,8.083736e-04,1.787640e-03,2.504537e-04,4.178370e-05,2.471635e-06,7.641629e-04,1.344840e-04,5.135367e-04,9.001695e-05,3.806037e-03,2.358330e-03,-1.948511e-11,8.061507,11.611644,0.000000,7.007041,0.956608,2.024677,0.134483,0.000000,1.376029,0.023287,1.222665,0.750083,0.021675,0.000000,0.025304,0.823559,0.000000,0.305908,0.084813,1.924516,0.553039,8.959639,18.516202,0.196932,0.000000,-1.162550567e-03
0.460100,0.009167903,0.039404222,0.034602146,0.034598178,0.041145026,0.039227004,0.038007476,0.039353493,0.034455415,0.034953611,0.039429975,0.034615966,0.034674693,0.039711426,0.035380781,0.038146265,0.039343634,0.034866328,0.034164406,0.063018957,0.059895489,0.060699294,0.059849669,0.118780120,0.118720130,0.123325370,3.397040e-01,3.639024e-04,2.041185e-06,8.351548e-06,1.394807e-02,6.787567e-05,4.889940e-04,2.317819e-04,3.992745e-05,6.786138e-06,7.051152e-04,1.125466e-05,2.568156e-05,9.374320e-03,8.426939e-04,7.007070e-05,2.192750e-04,9.952208e-05,2.959966e-05,4.167775e-04,1.520587e-04,3.743113e-04,8.749222e-05,5.344667e-03,2.311717e-03,-2.648528e-11,10.634068,7.332274,0.000000,0.028431,0.000000,1.148156,0.385360,0.111717,0.269375,0.118348,0.000000,0.509324,0.561213,0.000000,0.314233,1.189648,0.000000,0.523135,1.342135,0.000000,1.566631,8.231889,12.399947,5.773272,0.000000,-1.372001150e-03
0.465100,0.009051374,0.039242386,0.034499301,0.034204408,0.041552913,0.038828325,0.038160781,0.039201276,0.034299961,0.034835338,0.039447231,0.034245439,0.034749271,0.040117880,0.035617099,0.037427177,0.039275671,0.034808286,0.034034483,0.062415564,0.059793952,0.060057618,0.059681483,0.118806428,0.118633396,0.107992340,4.408846e-01,2.678572e-04,9.887481e-06,1.161060e-04,1.706604e-02,1.608919e-04,1.584547e-04,3.556841e-04,2.516172e-04,9.862829e-07,6.428794e-04,6.324849e-05,5.786722e-05,3.455084e-03,8.477368e-04,4.096141e-04,3.413759e-04,3.096530e-05,1.904245e-05,3.083082e-04,1.131041e-04,2.646018e-04,9.969657e-05,2.116484e-03,2.145882e-03,-2.969490e-11,9.312443,10.449574,0.000000,0.035557,0.000000,1.172341,1.411732,1.991128,0.280632,0.211548,0.939699,0.132093,0.268403,0.000000,0.282789,0.327909,1.257887,1.159985,15.847098,0.000000,15.310731,2.634041,9.748103,13.714895,0.000000,-1.560029501e-03
0.470100,0.008968094,0.039413999,0.034599725,0.033944541,0.041715550,0.038793171,0.038068835,0.039335673,0.034105443,0.034529662,0.039315824,0.034010307,0.034734748,0.040781764,0.035849898,0.036831026,0.039399196,0.034666871,0.034077919,0.061566920,0.059520853,0.059212707,0.059385099,0.118757592,0.118594830,0.092418518,5.231312e-01,3.561745e-04,5.847285e-06,5.730864e-05,1.609033e-02,2.770082e-04,1.199854e-03,2.321527e-04,6.840058e-05,9.164259e-06,6.605695e-04,8.012841e-05,6.721751e-05,1.242409e-03,2.818404e-04,5.524013e-04,1.104644e-04,2.889943e-05,9.674246e-06,4.371313e-04,5.752461e-04,2.642509e-03,2.065013e-04,2.551856e-03,3.112420e-03,6.803597e-04,2.794520,7.017684,0.000000,3.403678,3.596902,3.386970,0.539620,0.479899,0.386190,1.509445,0.037610,0.503197,1.711419,0.000000,0.178428,0.423709,0.887199,0.555871,3.372713,0.000000,2.864272,0.986882,5.594263,1.304324,80.049453,-1.706217074e-03
0.475100,0.008239690,0.039372223,0.034582791,0.034180992,0.041632937,0.038555611,0.037731640,0.039334992,0.033997388,0.034495046,0.039193327,0.034035124,0.034664646,0.041259651,0.035838354,0.036470771,0.039362134,0.034407423,0.034080139,0.060484535,0.059327857,0.058810519,0.059234216,0.118516530,0.118450397,0.085343304,2.371642e+00,1.192828e-04,3.624600e-06,1.145059e-04,2.158533e-02,2.623470e-05,6.424425e-04,1.551789e-04,9.218781e-05,1.113305e-05,6.367039e-04,4.490544e-05,3.827488e-05,3.645911e-03,7.402897e-04,1.615887e-03,8.501309e-05,4.642231e-05,1.444915e-05,5.052770e-04,1.627950e-04,7.330623e-04,2.847985e-04,3.197202e-03,3.479541e-04,1.182818e+01,0.336517,1.383697,0.562999,4.459541,14.754112,7.270944,0.084822,0.000000,1.135108,0.889409,0.000000,0.368521,1.032484,0.000000,1.938204,0.307302,0.536920,0.565142,0.053935,0.000000,2.453313,8.289868,0.000000,3.097165,3430.727779,-3.372233779e-03
0.480100,0.006563813,0.039086356,0.034329276,0.034290201,0.041305074,0.038072802,0.037149195,0.039137185,0.033830563,0.034561496,0.039014865,0.033994053,0.034378092,0.041492288,0.035581559,0.035898103,0.039161198,0.034015358,0.033932810,0.059185668,0.058984192,0.058596653,0.059079429,0.118030694,0.118064765,0.091330318,5.830628e+00,3.871969e-04,1.095403e-05,9.921776e-05,1.342982e-02,1.422636e-04,5.926957e-05,5.003436e-04,1.270419e-04,1.303567e-05,6.925618e-04,1.096963e-05,1.000330e-05,2.769656e-03,8.785508e-04,1.632537e-03,2.213991e-04,5.006837e-05,3.589428e-06,3.991895e-04,1.792573e-04,7.256205e-04,6.542160e-05,1.735907e-03,2.922941e-03,3.595308e+00,0.000000,0.000000,0.089252,0.000000,0.283475,0.780463,0.000000,0.000000,0.000000,0.000000,0.000000,0.005235,0.000000,0.000000,0.000000,0.000000,0.000000,0.000000,0.000000,0.000000,0.000000,0.000000,0.000000,0.000000,1182.458515,-5.627146755e-03
0.485100,0.005503080,0.038555239,0.033830510,0.034154160,0.040731961,0.037344743,0.036321500,0.038694128,0.033418487,0.034416848,0.038591152,0.033707732,0.033846288,0.041479675,0.035079515,0.035080186,0.038715012,0.033410595,0.033540232,0.057642040,0.058403639,0.058138633,0.058688129,0.117299608,0.117433883,0.098482467,9.924969e+00,2.664769e-04,6.115112e-06,1.282638e-05,1.915057e-02,2.783076e-04,1.080031e-03,1.884500e-04,2.760934e-04,3.107463e-05,6.269695e-04,2.629790e-05,5.989809e-05,4.160057e-03,3.456575e-04,4.321055e-04,1.702065e-04,7.162792e-06,1.437926e-05,3.304991e-04,4.473555e-04,6.786187e-04,1.135777e-04,3.336497e-03,2.190170e-03,3.705535e+00,0.000000,0.000000,0.000000,1.159290,0.000000,0.000000,0.000000,0.000000,0.000000,0.000000,0.000000,0.269773,0.000000,0.000000,0.288454,0.000000,0.000000,0.000000,0.000000,0.000000,0.000000,0.000000,0.000000,0.000000,0.000000,-7.393441154e-03
0.490100,0.005470798,0.037778957,0.033095110,0.033772869,0.039913598,0.036371433,0.035248555,0.038005820,0.032761161,0.034239049,0.037946307,0.033176161,0.033110748,0.041221812,0.034332220,0.034099289,0.038023576,0.032877428,0.032902404,0.055874242,0.057942258,0.057435363,0.058070413,0.116323272,0.116557750,0.105389366,1.032774e+01,3.224910e-04,1.246513e-05,9.575609e-05,8.361114e-03,4.370651e-05,7.939232e-04,4.302566e-04,7.882803e-05,1.221016e-04,1.274523e-03,3.990119e-05,4.250707e-05,4.961158e-03,6.063443e-04,1.870440e-03,2.654780e-04,1.209675e-04,1.415460e-05,2.059590e-03,2.920402e-03,6.204234e-04,7.082993e-04,2.589312e-03,6.573320e-04,3.926865e+00,0.000000,0.000000,1.752449,12.007506,0.000000,1.664557,0.261578,0.000000,0.000000,0.000000,0.000000,1.723725,0.000000,0.000000,0.517473,0.708174,1.133482,0.000000,0.064176,0.000000,0.000000,2.022724,0.000000,0.000000,0.000000,-7.703465089e-03
0.495100,0.006298686,0.036974410,0.032818030,0.033190763,0.038849985,0.035152874,0.033930629,0.037089692,0.031873919,0.033907979,0.037369660,0.032399340,0.032883573,0.040718699,0.033630803,0.033923081,0.037089169,0.033101966,0.032019326,0.054757415,0.058071081,0.056531531,0.057713678,0.115123070,0.115510122,0.112051015,6.763708e+00,2.152267e-03,9.267326e-05,2.060290e-04,1.447366e-02,1.151930e-04,1.744313e-05,8.616547e-04,1.915972e-04,2.909133e-04,4.489522e-03,8.433806e-06,2.026085e-04,7.599213e-03,6.581984e-04,4.727199e-04,3.238506e-04,1.008665e-04,3.284822e-06,1.953438e-02,4.873779e-04,4.963970e-03,2.525284e-03,5.030567e-03,1.853389e-02,6.429028e+00,8.253196,9.661985,39.825695,9.975052,4.067137,18.006910,4.008117,0.000000,0.414987,0.000000,2.131214,2.574966,0.589332,0.028245,0.009479,3.422933,2.342859,0.000000,15.091936,0.000000,4.267267,11.530862,0.000000,0.882320,0.000000,-5.986651019e-03
0.500100,0.007843282,0.038373449,0.034269748,0.033087012,0.038453693,0.034335453,0.032885034,0.038271435,0.032563172,0.033929322,0.038071044,0.032150677,0.034371655,0.040202572,0.033519913,0.033817889,0.038258094,0.034174856,0.032358750,0.057501001,0.058735251,0.056728369,0.058717318,0.114692182,0.115165487,0.118467413,2.286855e+00,3.178134e-03,7.576104e-06,3.710230e-04,3.913108e-02,3.241173e-03,2.304913e-03,5.038857e-03,4.943866e-04,2.261552e-04,3.125554e-03,2.424622e-04,1.193628e-05,1.325382e-02,1.771694e-03,4.168215e-03,5.984637e-03,6.078833e-05,2.964711e-04,7.389772e-03,6.175967e-03,1.688734e-02,2.741449e-03,1.111054e-01,1.050876e-01,6.190207e+00,60.916330,53.445077,68.224600,21.167027,45.158305,27.641482,2.783694,3.752270,9.462649,7.901925,1.134632,1.981945,2.376547,3.843750,3.379712,3.388105,0.000000,10.577953,74.489147,42.562879,84.917999,60.837869,21.700307,90.856573,0.000000,-3.526255648e-03
0.505100,0.009587142,0.041353929,0.035770018,0.034744115,0.039579680,0.035331184,0.034520108,0.041475077,0.036357824,0.035253528,0.040812052,0.035781158,0.035991856,0.040723221,0.034283727,0.034304405,0.041541167,0.035621524,0.036292510,0.062075661,0.060452228,0.059894779,0.060561902,0.116522601,0.116706378,0.124638562,1.590428e-01,1.800875e-03,8.239359e-05,1.396519e-04,2.548144e-02,5.873819e-03,3.115329e-03,2.488435e-03,1.746259e-04,4.148258e-05,3.432100e-03,6.808466e-05,5.814671e-05,5.352693e-02,1.246495e-03,1.800042e-03,1.907341e-03,5.314200e-04,1.212532e-05,2.480465e-03,8.228115e-04,7.447785e-03,3.680848e-04,1.704603e-01,1.706949e-01,6.012769e+00,89.278934,81.628593,4.443587,11.583766,41.280592,5.291328,0.446547,4.674909,3.193055,4.952015,6.833508,1.198045,8.599676,9.398603,4.041599,0.000000,6.372753,2.552230,0.214275,22.023634,3.709651,9.924186,13.631292,2.677829,0.000000,-8.124111627e-04
0.510100,0.011055019,0.044089539,0.037193797,0.038385010,0.043082375,0.038055492,0.039518904,0.044450516,0.040165619,0.037309090,0.043377871,0.039624396,0.037407112,0.041788232,0.038747444,0.038394706,0.044589567,0.036987495,0.040144592,0.066446179,0.062130354,0.064222720,0.062232119,0.120632042,0.120433624,0.130564461,6.587190e-01,1.576199e-03,2.324593e-05,3.717271e-04,2.042117e-02,1.954695e-03,1.451638e-03,4.501898e-03,4.541190e-04,2.880313e-04,2.368940e-03,1.181707e-04,4.953072e-05,4.345588e-03,7.485165e-04,2.368027e-03,5.688934e-03,2.706950e-04,1.522777e-04,3.500588e-03,5.367239e-04,3.225971e-03,5.742532e-04,1.579529e-02,3.087307e-02,4.800810e+00,65.515640,65.671317,0.000000,0.000000,7.862235,0.000000,0.061645,6.679100,0.000000,0.000000,6.431121,0.000455,0.670036,6.264985,0.071876,0.152462,7.766370,0.000000,0.000000,72.425479,0.000000,0.000000,24.726114,0.000000,0.000000,1.895257720e-03
0.515100,0.012052657,0.046579898,0.038374190,0.042153765,0.047888362,0.043134640,0.045359535,0.047180705,0.043728165,0.039120704,0.045720427,0.043222383,0.038600338,0.044857541,0.043937463,0.043786902,0.047392718,0.038150695,0.043751423,0.070571447,0.063563229,0.068441217,0.063657086,0.125621494,0.125113310,0.136245110,2.066990e+00,1.802332e-03,1.068013e-04,5.140284e-05,4.417198e-02,1.800619e-04,1.623324e-03,1.060954e-03,2.120698e-04,3.588812e-04,2.600850e-03,3.028623e-04,1.148450e-05,1.774414e-02,1.241884e-03,1.048740e-03,7.020035e-04,1.750130e-04,1.471744e-04,3.154842e-03,4.121484e-04,2.204449e-03,6.877427e-04,3.002814e-02,2.783126e-02,3.592596e+00,6.811971,8.474165,0.000000,0.000000,0.000000,0.000000,0.000000,2.721365,0.000000,0.000000,1.694054,0.404980,0.986851,0.000000,0.000000,0.000000,1.023368,0.000000,0.000000,0.000000,0.000000,2.293246,45.333090,0.000000,0.000000,3.388300386e-03
0.520100,0.012269334,0.048825008,0.039309332,0.045810325,0.052449098,0.048118016,0.050954916,0.049665644,0.047045461,0.040687068,0.047946958,0.046575120,0.039548315,0.048397718,0.049335306,0.049018414,0.049950618,0.039278231,0.047113005,0.074451465,0.064750855,0.072414463,0.064836803,0.130385411,0.129605713,0.141680508,2.580027e+00,2.777862e-03,8.165117e-05,5.523794e-04,1.095196e-02,2.669085e-03,1.206445e-03,5.093992e-03,1.741359e-04,1.891265e-05,1.534268e-03,8.348934e-05,7.595296e-05,3.393009e-02,9.352905e-04,2.467771e-03,5.163316e-03,9.913220e-05,4.323955e-06,2.161696e-03,4.884074e-04,2.096688e-03,4.597990e-04,1.020494e-02,1.177364e-02,3.230469e+00,0.000000,0.000000,0.000000,0.000000,0.000000,0.000000,0.000000,0.000000,0.000000,0.000000,0.058410,0.245278,0.000000,0.000000,0.000000,0.000000,0.000000,0.000000,0.000000,0.000000,0.000000,0.826853,0.000000,0.000000,0.000000,3.727187688e-03
0.525100,0.011705097,0.050824867,0.039999225,0.049221635,0.056958749,0.052856142,0.056305047,0.051905332,0.050117506,0.042008182,0.049933032,0.049682607,0.040251041,0.051692645,0.054489153,0.054004677,0.052263268,0.040179400,0.050229336,0.078086233,0.065693230,0.076142460,0.065771270,0.134904077,0.133852866,0.146870657,1.541962e+00,1.548547e-03,1.794809e-05,4.893950e-04,2.528293e-02,2.091920e-03,1.217304e-03,6.986864e-04,4.048113e-04,2.773910e-04,1.922414e-03,9.816178e-05,5.360187e-05,1.663227e-02,1.367782e-03,2.797460e-03,6.440964e-04,8.287020e-05,1.421623e-04,1.933593e-03,4.921252e-04,2.219528e-03,4.116082e-04,1.177587e-02,1.767438e-02,2.737985e+00,0.000000,0.000000,0.000000,0.000000,0.000000,0.000000,0.000000,0.000000,0.000000,0.000000,0.000000,0.000000,0.000000,0.000000,0.000000,0.000000,0.000000,0.000000,0.000000,6.633651,0.000000,0.000000,0.000000,0.000000,0.000000,2.967243431e-03
0.530100,0.010563389,0.052579477,0.040443868,0.052387694,0.061360668,0.057349018,0.061409928,0.053899771,0.052944302,0.043084046,0.051673856,0.052544844,0.040708518,0.054742322,0.059397750,0.058745689,0.054330668,0.040835318,0.053100418,0.081475751,0.066390355,0.079625206,0.066460487,0.139177493,0.137854770,0.151815556,1.720213e-01,1.716958e-03,1.020434e-04,4.433206e-05,1.149525e-02,4.820808e-05,1.837626e-03,5.540247e-03,2.398829e-04,3.583358e-04,1.005549e-03,2.934041e-04,1.019135e-05,2.565229e-02,1.269925e-03,1.331193e-03,5.339534e-03,1.318506e-04,1.490655e-04,8.836891e-04,3.841754e-04,2.409431e-03,3.371086e-04,2.346092e-02,2.261050e-02,4.566653e+00,0.000000,0.000000,0.000000,0.000000,0.000000,0.000000,0.000000,0.000000,0.000000,0.000000,0.000000,0.000000,0.000000,0.000000,0.000000,0.000000,0.000000,0.000000,0.000000,0.000000,0.000000,0.000000,0.000000,0.000000,0.000000,8.741562162e-04
0.535100,0.009035222,0.054088836,0.040643261,0.055308504,0.065517337,0.061596644,0.066269559,0.055648960,0.055525847,0.043914660,0.053169431,0.055161832,0.040920744,0.057546749,0.064061097,0.063241452,0.056152818,0.041245987,0.055726249,0.084620019,0.066842231,0.082862703,0.066904454,0.143205659,0.141611423,0.156515205,4.839454e-01,1.754872e-03,9.219595e-05,5.449330e-04,3.018863e-02,2.512296e-03,1.182598e-03,9.945679e-04,1.661056e-04,2.712929e-05,2.247631e-03,1.071138e-04,6.519772e-05,1.327870e-02,7.520924e-04,1.919382e-03,1.919183e-03,8.842693e-05,5.413393e-06,1.068658e-03,2.010973e-04,1.488293e-03,1.942020e-04,3.254598e-03,9.924379e-03,5.448808e+00,0.000000,0.000000,0.000000,0.000000,0.000000,0.000000,0.000000,0.000000,0.000000,0.000000,0.000000,0.000000,0.000000,0.000000,0.000000,0.000000,0.000000,0.000000,0.000000,0.000000,0.000000,0.000000,0.000000,0.000000,0.000000,-1.599882752e-03
0.540100,0.007623798,0.055352946,0.040597403,0.057984063,0.069428756,0.065599020,0.070883940,0.057152898,0.057862143,0.044500024,0.054419755,0.057533569,0.040887721,0.060105927,0.068479194,0.067491964,0.057729718,0.041411406,0.058106830,0.087519037,0.067048856,0.085854949,0.067103171,0.146988575,0.145122826,0.160969603,2.822637e+00,1.995659e-03,8.197837e-06,4.833607e-04,1.532333e-02,2.159693e-03,9.476866e-04,5.568818e-03,3.625049e-04,2.581239e-04,2.177881e-03,7.473432e-05,6.008955e-05,1.965405e-02,1.327711e-03,2.810860e-03,5.062319e-03,9.462406e-05,1.336656e-04,1.515219e-03,3.175040e-04,1.300108e-03,2.862883e-04,1.672805e-02,1.972504e-02,6.355517e+00,0.000000,0.000000,0.000000,0.000000,0.000000,0.000000,0.000000,0.000000,0.000000,0.000000,0.000000,0.000000,0.000000,0.000000,0.000000,0.000000,0.000000,0.000000,0.000000,0.000000,0.000000,0.000000,0.000000,0.000000,0.000000,-3.869729072e-03
0.545100,0.006638159,0.056371805,0.040306296,0.060414373,0.073094925,0.069356146,0.075253071,0.058411587,0.059953189,0.044840137,0.055424830,0.059660056,0.040609447,0.062419854,0.072652041,0.071497227,0.059061369,0.041331574,0.060242162,0.090172804,0.067010232,0.088601946,0.067056638,0.150526241,0.148388980,0.165178752,5.606240e+00,7.910274e-04,9.721778e-05,4.277567e-05,3.511424e-02,5.620935e-05,1.992444e-03,1.282018e-03,2.708810e-04,3.607410e-04,2.135066e-03,2.853854e-04,7.189315e-06,2.125907e-02,1.425115e-03,1.733754e-03,2.672284e-03,1.269964e-04,1.493786e-04,1.954615e-03,3.220734e-04,1.490263e-03,3.906657e-04,1.618731e-02,2.004062e-02,3.933137e+00,0.000000,0.000000,0.000000,0.000000,0.000000,0.000000,0.000000,0.000000,0.000000,0.000000,0.000000,0.000000,0.000000,0.000000,0.000000,0.000000,0.000000,0.000000,0.000000,0.000000,0.000000,0.000000,0.000000,0.000000,0.000000,-5.656876668e-03
