step,t_s,KE_rigid_J,PE_rigid_J,KE_modal_J,PE_modal_J,P_damp_W,cum_damp_E_J,E_total_J,q_norm_m,qdot_norm,q_acc_norm,max_deflection_m,contact_lambda_max,min_S_h,max_S_h,postkick_calls,gain,damping_scale,eta,alpha_cap,cap_engagements,dE_modal,dE_rigid_loss,jump_gain,jump_max_height,last_max_v_lift,last_max_v_hp,jump_engagements,impactor_y_m,impactor_vy_mps,probe0_uy_m,probe1_uy_m,probe0_vy_mps,probe1_vy_mps
0,0.0,0.29265617909154634,-0.05662765966524367,3.309712068267709e-10,3.5742948241224637e-10,2.0439957668435164e-09,1.7033298057029304e-11,0.23602852013173664,1.382903329996294e-07,2.5728241557742374e-05,0.0,1.4767097041202943e-07,0.0,8.019347126790347e-11,1.355220557600453e-07,0,1.0,1.0,nan,1.0,0,9.17068131166919e-11,0.0,1.0,0.01,0.0,0.0,0,0.14130380749702454,-1.0819530487060547,0.007565387990325689,0.007565387990325689,-0.01076280977576971,-0.01076280977576971
1,0.008333333333333333,0.33866151166601105,-0.10263822491516822,2.4571642672694457e-10,2.3395897723588674e-09,7.193796263278422e-09,7.698160025101616e-11,0.2360232894131306,2.99270729537901e-07,2.2168284855935272e-05,0.0,3.0966642883545767e-07,0.013364128768444061,8.019347126790347e-11,1.355220557600453e-07,0,1.0,1.0,nan,1.0,0,3.835004348741992e-10,0.0,1.0,0.01,0.0,0.0,0,0.13192477822303772,-1.1638926267623901,0.007499877829104662,0.007499875500798225,-3.8444992242148146e-05,-3.9339061913779005e-05
2,0.016666666666666666,0.3879799917434405,-0.15199109684451015,6.166496199812242e-10,1.2347574460526335e-09,1.590152249118769e-08,2.0949428767758026e-10,0.2359888969598317,2.0671557893701465e-07,3.5118360439554246e-05,0.0,2.0798223273854937e-07,0.011670220643281937,8.019347126790347e-11,1.355220557600453e-07,0,1.0,1.0,nan,1.0,0,-1.332140323066239e-10,0.0,1.0,0.01,0.0,0.0,0,0.12186302989721298,-1.2457607984542847,0.007499913219362497,0.007499913685023785,2.0563600628520362e-05,1.9669530956889503e-05
3,0.025,0.4405452214224845,-0.20468590349269564,2.8856993979540805e-10,4.216795437972361e-11,9.000535936988681e-09,2.844987538191526e-10,0.2358593185450255,1.3502394621843454e-08,2.4023735754266364e-05,0.0,1.9350647921580667e-08,0.01219196617603302,8.019347126790347e-11,1.355220557600453e-07,0,1.0,1.0,nan,1.0,0,-2.926544313478049e-10,0.0,1.0,0.01,0.0,0.0,0,0.11111994832754135,-1.3274716138839722,0.007499999366700649,0.007499999832361937,3.30805778503418e-05,3.30805778503418e-05
4,0.03333333333333333,0.49644877977192997,-0.2607206508678244,4.5482061557079985e-10,2.6857416461041714e-10,3.400489307900402e-09,3.128361647183226e-10,0.2357281299403365,1.0129691505220577e-07,3.016025913584961e-05,0.0,1.1900960189200067e-07,0.012544086202979088,8.019347126790347e-11,1.355220557600453e-07,0,1.0,1.0,nan,1.0,0,7.155566728234055e-11,0.0,1.0,0.01,0.0,0.0,0,0.09969594329595566,-1.4091824293136597,0.007499971892684698,0.007499972358345985,-8.046627044677734e-06,-8.046627044677734e-06
5,0.041666666666666664,0.5556906668077017,-0.3200953332140436,2.901470727719986e-10,1.746900292314127e-09,7.342417016077011e-09,3.7402297318563106e-10,0.23559533600472848,2.962564352526367e-07,2.408929524797264e-05,0.0,3.1140307811893633e-07,0.012259996496140957,8.019347126790347e-11,1.355220557600453e-07,0,1.0,1.0,nan,1.0,0,2.1858225947140245e-10,0.0,1.0,0.01,0.0,0.0,0,0.0875910148024559,-1.4908932447433472,0.007499889470636845,0.007499889936298132,-2.145767030015122e-05,-2.145767030015122e-05
6,0.05,0.618270882518679,-0.38280993483980186,3.8118243226365227e-10,1.2558378765766296e-09,1.1227053073268483e-09,3.8337885074668815e-10,0.2354609496992763,2.123931059462433e-07,2.7610955516376185e-05,0.0,2.1303322110915436e-07,0.011968979611992836,8.019347126790347e-11,1.355220557600453e-07,0,1.0,1.0,nan,1.0,0,-4.775443520010716e-11,0.0,1.0,0.01,0.0,0.0,0,0.07480516284704208,-1.5726040601730347,0.007499912288039923,0.007499912288039923,9.834765478444751e-06,9.834765478444751e-06
7,0.058333333333333334,0.6841894269132038,-0.4488644604274397,2.7341196319042863e-10,2.4598411411543708e-11,6.1912318567298944e-09,4.349724495527706e-10,0.23532496721874693,1.5297707833017475e-08,2.338426664192951e-05,0.0,1.5992138899254513e-08,0.01227642223238945,8.019347126790347e-11,1.355220557600453e-07,0,1.0,1.0,nan,1.0,0,-1.9199671794307849e-10,0.0,1.0,0.01,0.0,0.0,0,0.0613383874297142,-1.6543148756027222,0.00749999238178134,0.007499991916120052,2.41398793150438e-05,2.503394898667466e-05
8,0.06666666666666667,0.7534462999811561,-0.5182589253258985,3.4520746552996926e-10,2.3644181203651377e-10,3.0448347115669097e-10,4.375098118124097e-10,0.23518737567441672,9.561300365072856e-08,2.6275747963853256e-05,0.0,1.1243523158284545e-07,0.012922176159918308,8.019347126790347e-11,1.355220557600453e-07,0,1.0,1.0,nan,1.0,0,2.7043032338663443e-11,0.0,1.0,0.01,0.0,0.0,0,0.04719068855047226,-1.7360256910324097,0.007499972824007273,0.007499972824007273,-1.788139229574881e-06,-1.788139229574881e-06
9,0.075,0.8260415017325133,-0.5909933254695358,2.4407619824300487e-10,1.5689682512345245e-09,5.11771055673553e-09,4.801573997852058e-10,0.23504817855617943,2.9327827816771347e-07,2.2094171097509172e-05,0.0,3.145046328652437e-07,0.012321953661739826,8.019347126790347e-11,1.355220557600453e-07,0,1.0,1.0,nan,1.0,0,1.6016053209302263e-10,0.0,1.0,0.01,0.0,0.0,0,0.032362066209316254,-1.8177365064620972,0.007499895989894867,0.00749989552423358,-1.609325408935547e-05,-1.5199183508229908e-05
10,0.08333333333333333,1.1719026642636577e-05,-0.6520583710290352,0.017282967816627696,0.004948373369999682,0.44135244417432207,0.003677937514943417,-0.6261373733008218,0.00022713198750641265,0.18591916424418273,0.0,0.00029866033763125305,0.0,8.019347126790347e-11,1.355220557600453e-07,0,1.0,1.0,nan,1.0,0,-6.848638096665707e-05,0.0,1.0,0.01,0.0,0.0,0,0.01991165056824684,0.0043773651123046875,0.00754314661026001,0.00754315173253417,0.03701537474989891,0.037018951028585434
11,0.09166666666666666,0.001484515473205073,-0.653614494961719,0.0050785243462685295,0.015313240612626866,0.1326055777227055,0.004782983995965963,-0.6269552305336525,0.0008370251354838386,0.10078218440050334,0.0,0.0008735217899441842,0.0,8.019347126790347e-11,1.355220557600453e-07,0,1.0,1.0,nan,1.0,0,-0.00013520331262313265,0.0,1.0,0.01,0.0,0.0,0,0.01958903856575489,-0.07697581499814987,0.0078111025504767895,0.0078111374750733376,0.024974046275019646,0.02497762255370617
12,0.1,0.00741589051203281,-0.6498083158738074,0.0110050014727367,0.00326961740806562,0.06259077961123519,0.00530457382605959,-0.6228132326549125,9.238443029279916e-05,0.14835768583215836,0.0,0.00013608260913562984,0.0,8.019347126790347e-11,1.355220557600453e-07,0,1.0,1.0,nan,1.0,0,-1.3684572258485309e-05,0.0,1.0,0.01,0.0,0.0,0,0.020363667979836464,0.17222283780574799,0.007878636941313744,0.007878604345023632,-0.011360048316419125,-0.011381505988538265
13,0.10833333333333334,0.0020679186555286953,-0.6445358340113517,0.00315268222438283,0.010507238148388076,0.0925721054071603,0.006076008037785925,-0.6227319869452662,0.0007517008095454111,0.07940632499219227,0.0,0.0007996708677801786,0.0,8.019347126790347e-11,1.355220557600453e-07,0,1.0,1.0,nan,1.0,0,-5.574699400679069e-05,0.0,1.0,0.01,0.0,0.0,0,0.02143728733062744,0.09053706377744675,0.007943914271891117,0.007943376898765564,0.03131747245788574,0.03120124153792858
14,0.11666666666666667,3.624329943754879e-05,-0.6425751733873598,0.010229918671511035,0.002991655037869292,0.014224870066827044,0.006194548621676151,-0.6231228077568659,7.888979915124213e-05,0.14303788778859283,0.0,0.00011831428648164523,0.0,8.019347126790347e-11,1.355220557600453e-07,0,1.0,1.0,nan,1.0,0,-6.679347866035343e-06,0.0,1.0,0.01,0.0,0.0,0,0.021829919889569283,0.00879049301147461,0.008302305825054646,0.0082944231107831,0.049400921911001205,0.04779517278075218
15,0.125,0.0013404290026875119,-0.6439596160792374,0.0027736582185776955,0.010050601404104301,0.07912042354787625,0.00685388548457512,-0.6229410419692928,0.0007520097998402018,0.0744803090565244,0.0,0.0008096475219432155,0.0,8.019347126790347e-11,1.355220557600453e-07,0,1.0,1.0,nan,1.0,0,-3.818341879159755e-05,0.0,1.0,0.01,0.0,0.0,0,0.021541180089116096,-0.07297753542661667,0.008633420802652836,0.008612156845629215,0.02867281250655651,0.027067063376307487
16,0.13333333333333333,0.005991932202616129,-0.6487098257359676,0.00995401498323525,0.0025357472627414966,0.004666543265410666,0.006892773345120209,-0.6233353579422545,6.451360110340383e-05,0.14109581838761381,0.0,9.848183898031344e-05,0.0,8.019347126790347e-11,1.355220557600453e-07,0,1.0,1.0,nan,1.0,0,-7.630197254355e-06,0.0,1.0,0.01,0.0,0.0,0,0.020571039989590645,-0.15474556386470795,0.008724999614059925,0.00869035441428423,-0.006557106506079435,-0.008162856101989746
17,0.14166666666666666,0.0029348244733184404,-0.6458184908399451,0.0018691159967477674,0.006569427687598765,0.04856648416690926,0.0072974940465111195,-0.6271476286357691,0.000605445935683973,0.06114108269809699,0.0,0.0006716174402659556,0.0,8.019347126790347e-11,1.355220557600453e-07,0,1.0,1.0,nan,1.0,0,-1.6033028115737535e-05,0.0,1.0,0.01,0.0,0.0,0,0.02115027792751789,0.10797857493162155,0.009190843440592289,0.009247401729226112,0.05514084920287132,0.06021380051970482
18,0.15,0.0001791240503940512,-0.6431452375361323,0.006650216562473434,0.0015627951272078524,0.00848002390622418,0.007368160912396321,-0.6273849408836607,0.00010237357929483009,0.11532750376621731,0.0,0.00013989278443581098,0.0,8.019347126790347e-11,1.355220557600453e-07,0,1.0,1.0,nan,1.0,0,-1.373843138119911e-05,0.0,1.0,0.01,0.0,0.0,0,0.021688612177968025,0.026324985548853874,0.009505113586783409,0.009600283578038216,0.02037048153579235,0.024651287123560905
19,0.15833333333333333,0.0007714560164139497,-0.6438433208071254,0.0012910157005126869,0.006743674798348351,0.03283239435693574,0.007641764198704119,-0.6273954100931463,0.0006068385040926796,0.05081369304651428,0.0,0.0006772248074714929,0.0,8.019347126790347e-11,1.355220557600453e-07,0,1.0,1.0,nan,1.0,0,-8.485080451963584e-06,0.0,1.0,0.01,0.0,0.0,0,0.0215464998036623,-0.0553286038339138,0.009478242136538029,0.00960631761699915,-0.025536416098475456,-0.02186715416610241
20,0.16666666666666666,0.004725035214633483,-0.6479206142028887,0.006815678107329978,0.0010359726378046767,0.012332285638567345,0.00774453324569218,-0.6275993949974285,8.851173770192592e-05,0.11675339915676955,0.0,0.00011982015144807804,0.0,8.019347126790347e-11,1.355220557600453e-07,0,1.0,1.0,nan,1.0,0,-1.4110103722077272e-05,0.0,1.0,0.01,0.0,0.0,0,0.020723940804600716,-0.13698220252990723,0.009029283188283443,0.009185928851366043,-0.07994233816862106,-0.07670759409666061
21,0.175,0.0018591561372135975,-0.6468080412288756,0.000576525168920731,0.004586227441301463,0.00733850767589471,0.0078056874763246355,-0.6319804450051153,0.0004891455158622946,0.033956594909405474,0.0,0.0005501052373503962,0.0,8.019347126790347e-11,1.355220557600453e-07,0,1.0,1.0,nan,1.0,0,-1.9716503393291812e-06,0.0,1.0,0.01,0.0,0.0,0,0.020969640463590622,0.08361338824033737,0.008072669617831707,0.008255002088844776,-0.14844773709774017,-0.145522341132164
22,0.18333333333333332,1.4819766816776801e-06,-0.6452198291014508,0.004604792974764475,0.0004820311432719568,0.012829570460555953,0.007912600563495934,-0.6322189224432367,0.00014378062114337424,0.09596658767263193,0.0,0.00016707583317616517,0.0,8.019347126790347e-11,1.355220557600453e-07,0,1.0,1.0,nan,1.0,0,-8.070893479609521e-06,0.0,1.0,0.01,0.0,0.0,0,0.02130468375980854,0.0018811224726960063,0.007629643194377422,0.007573151029646397,0.009528993628919125,0.0061744446866214275
23,0.19166666666666665,0.0015960155609739196,-0.646917282177913,0.00041015320340469366,0.004616478942046784,0.002724078764516874,0.007935301219866908,-0.6323593332516209,0.0004919349302376772,0.028640991721820445,0.0,0.0005537647722829961,0.0,8.019347126790347e-11,1.355220557600453e-07,0,1.0,1.0,nan,1.0,0,-6.653185635136297e-07,0.0,1.0,0.01,0.0,0.0,0,0.020958365872502327,-0.07988690584897995,0.0076380036771297455,0.007589992601424456,-0.009132026694715023,-0.004588365089148283
24,0.2,0.002935454555158278,-0.6509896965747094,0.0025361583933532763,0.0002827962793520123,0.006120360601118844,0.007986304224876232,-0.6372489831219695,0.00012145075291013074,0.07122019928859054,0.0,0.00012914000633588914,37.86901092529297,8.019347126790347e-11,1.355220557600453e-07,0,1.0,1.0,nan,1.0,0,-0.0011159789515028991,0.0,1.0,0.01,0.0,0.0,0,0.020128056406974792,0.108275406062603,0.0076245879754424095,0.0076085771434009075,0.021547971293330193,0.0037175414618104696
25,0.20833333333333334,0.0002665975376355931,-0.6480984490671521,0.0002606919424795163,0.0024647847273512103,0.0008695207851475121,0.007993550231419127,-0.6371128246282667,0.00036754057069279426,0.02283383202528723,0.0,0.00040988225197962215,0.0,8.019347126790347e-11,1.355220557600453e-07,0,1.0,1.0,nan,1.0,0,-1.1216229201293018e-06,0.0,1.0,0.01,0.0,0.0,0,0.020714251324534416,0.03233671188354492,0.007851066999137402,0.007707509677857161,0.03409624099731445,0.01417457964271307
26,0.21666666666666667,0.0006107309827856725,-0.6485372450061003,0.0024594105140406113,0.000248454707296004,0.0031922545162898367,0.00802015235238821,-0.6371984964495899,0.00011447652649107843,0.07013430706923127,0.0,0.00012062764110169947,0.0,8.019347126790347e-11,1.355220557600453e-07,0,1.0,1.0,nan,1.0,0,-1.014809164504634e-06,0.0,1.0,0.01,0.0,0.0,0,0.020622236654162407,-0.049316879361867905,0.008074077777564526,0.00774007523432374,0.017589926719665527,-0.007639824878424406
27,0.225,0.004291738365011134,-0.6523348069655104,0.0002374764030702852,0.0024562654639774134,0.0008427661935178637,0.008027175404000858,-0.6373221513294507,0.0003695616319954603,0.021793411989419427,0.0,0.0004101398924721961,0.0,8.019347126790347e-11,1.355220557600453e-07,0,1.0,1.0,nan,1.0,0,-1.1457224733395395e-06,0.0,1.0,0.01,0.0,0.0,0,0.01984977535903454,-0.13097047805786133,0.008088173344731331,0.007549847010523081,-0.014401673339307308,-0.010864733718335629
28,0.23333333333333334,0.001115286512677925,-0.6515979736253712,0.0017164039546999123,5.05097789326928e-06,0.006722628626305372,0.00808319730922007,-0.64067803487088,1.5650370913135416e-06,0.05859016905078722,0.0,2.7339875516938494e-06,2.523588180541992,8.019347126790347e-11,1.355220557600453e-07,0,1.0,1.0,nan,1.0,0,-4.2498081251283884e-05,0.0,1.0,0.01,0.0,0.0,0,0.020001091063022614,0.06667256355285645,0.007997800596058369,0.007530735805630684,-0.001882910612039268,0.03368407487869263
29,0.24166666666666667,2.8004728857352092e-05,-0.6498906605444709,7.635700885009368e-06,0.0015751414801460418,0.0010774402463277482,0.008092175977939467,-0.640187702656643,0.00029817869433293557,0.003907864093084449,0.0,0.0003281740387026787,0.0,8.019347126790347e-11,1.355220557600453e-07,0,1.0,1.0,nan,1.0,0,-3.0188723643131965e-07,0.0,1.0,0.01,0.0,0.0,0,0.020347317680716515,0.010188817046582699,0.007961184717714787,0.007752296049147844,-0.0073188538663089275,0.017423629760742188
30,0.25,0.0012799604767701088,-0.6512526902192133,0.0015728115585206244,3.749267781173503e-06,0.0012062426400539044,0.008102227999939917,-0.6402939409162015,1.2689816611003742e-06,0.05608585487483675,0.0,1.9767683958420262e-06,0.0,8.019347126790347e-11,1.355220557600453e-07,0,1.0,1.0,nan,1.0,0,-3.4901952719926764e-07,0.0,1.0,0.01,0.0,0.0,0,0.020070737227797508,-0.07146476954221725,0.007813114672899246,0.0077902222983539104,-0.02946317009627819,-0.0004059076018165797
31,0.2583333333333333,5.14852051313709e-05,-0.6533824421329284,4.616372623830127e-05,0.00199080543875549,0.00021800161179211307,0.008104044680038185,-0.643189943082765,0.00033558257004522425,0.009608717525070792,0.0,0.00036942657482945184,3.0323328971862793,8.019347126790347e-11,1.355220557600453e-07,0,1.0,1.0,nan,1.0,0,1.396422698000336e-05,0.0,1.0,0.01,0.0,0.0,0,0.019640440121293068,-0.013107060454785824,0.007428865879774094,0.007784163113683462,-0.046477314084768295,-0.0006607174291275442
32,0.26666666666666666,0.0008983411655692894,-0.6521534283916326,0.0014896497542311662,0.0001862200716565473,0.0007053211657368201,0.008109922356419325,-0.6414692950437563,0.00010241172239569435,0.0545829598726776,0.0,0.00011288473659470969,2.153364896774292,8.019347126790347e-11,1.355220557600453e-07,0,1.0,1.0,nan,1.0,0,-4.383238316286249e-05,0.0,1.0,0.01,0.0,0.0,0,0.019890213385224342,0.05989551171660423,0.007468972820788622,0.007823075167834759,0.017585456371307373,0.008305907249450684
33,0.275,0.00014814167162634863,-0.6501796993548609,0.00015954446654334979,0.0013004085484655508,0.00012327799363229282,0.008110949673032927,-0.6404606549951927,0.000272046238389709,0.017863060574456427,0.0,0.00029803712711512026,0.14762915670871735,8.019347126790347e-11,1.355220557600453e-07,0,1.0,1.0,nan,1.0,0,-1.3396653727375338e-06,0.0,1.0,0.01,0.0,0.0,0,0.02029072307050228,0.02427220158278942,0.007622126489877701,0.007858077064156532,0.015212594531476498,0.0017273424891754985
34,0.2833333333333333,0.0008204752852967264,-0.6509563378668017,0.0012910591347059489,0.0001676280382428885,0.0005199890975727303,0.0081152829155127,-0.6405618924930435,9.720317784582419e-05,0.0508145478127268,0.0,0.00010723863799427815,0.0,8.019347126790347e-11,1.355220557600453e-07,0,1.0,1.0,nan,1.0,0,-1.339452161358643e-07,0.0,1.0,0.01,0.0,0.0,0,0.020132534205913544,-0.05725264176726341,0.007655208930373192,0.00781027227640152,-0.00836491584777832,-0.015014111064374447
35,0.2916666666666667,0.00023453322873566695,-0.6531819886396731,0.0003355984870172432,0.0015534887341228662,0.0001660856843129324,0.008116666962881975,-0.6429417012269154,0.00029749550686962076,0.0259074694641234,0.0,0.0003255570175537327,2.469043254852295,8.019347126790347e-11,1.355220557600453e-07,0,1.0,1.0,nan,1.0,0,2.4742916448935743e-05,0.0,1.0,0.01,0.0,0.0,0,0.019682755693793297,-0.030280349776148796,0.007513789460062981,0.007554399780929089,-0.015839338302612305,-0.035169124603271484
36,0.3,0.0005916929850915771,-0.6526306326802215,0.001086691219185712,0.0006358807171114432,0.00040271619646558594,0.008120022931185855,-0.642196344827647,0.0001902204547045777,0.04661954995891127,0.0,0.00020852326690619098,2.2481863498687744,8.019347126790347e-11,1.355220557600453e-07,0,1.0,1.0,nan,1.0,0,-3.63980885798817e-05,0.0,1.0,0.01,0.0,0.0,0,0.019796881824731827,0.04858016595244408,0.007439721375703812,0.007456547114998102,0.015642642974853516,0.018511710688471794
37,0.30833333333333335,0.0003591465376168368,-0.650469836688051,0.0005429762338793102,0.0008530769388025407,0.00020801759427803622,0.008121756411138173,-0.6405928805666141,0.00022055412988519798,0.032953792919156066,0.0,0.000240386849342658,0.42250683903694153,8.019347126790347e-11,1.355220557600453e-07,0,1.0,1.0,nan,1.0,0,-4.852395384686431e-06,0.0,1.0,0.01,0.0,0.0,0,0.020234515890479088,0.03783702477812767,0.007582971826195717,0.007602815516293049,0.015590786002576351,0.013954638503491879
38,0.31666666666666665,0.0004578488020135105,-0.650651504447856,0.0008408314116587927,0.000551447478994172,0.00030126546124193386,0.008124266956648522,-0.6406771097985411,0.00017728359386689045,0.041008082414538544,0.0,0.00019377405846522815,0.0,8.019347126790347e-11,1.355220557600453e-07,0,1.0,1.0,nan,1.0,0,-5.1803823387453277e-08,0.0,1.0,0.01,0.0,0.0,0,0.020196715369820595,-0.04277586564421654,0.007633689790964127,0.007628423627465963,-0.004841386806219816,-0.008971094153821468
39,0.325,0.00046447952562359295,-0.6528593239538698,0.0007668580483535842,0.000977865111692417,0.00027840115612757127,0.008126586966282918,-0.6425235343019173,0.0002361283680458795,0.03916268755725491,0.0,0.00025767429302598266,1.9492040872573853,8.019347126790347e-11,1.355220557600453e-07,0,1.0,1.0,nan,1.0,0,2.9406964339403303e-05,0.0,1.0,0.01,0.0,0.0,0,0.01974876970052719,-0.04305123910307884,0.007508422713726759,0.007536646910011768,-0.017017722129821777,-0.011537968181073666
40,0.3333333333333333,0.000307462554377647,-0.6529855861705123,0.0006034216313086122,0.001173466303723471,0.00021865476139220136,0.00812840908929452,-0.642772826591808,0.00025864332676895784,0.03473964971926494,0.0,0.00028256489202585126,2.205368995666504,8.019347126790347e-11,1.355220557600453e-07,0,1.0,1.0,nan,1.0,0,-2.686412719023483e-05,0.0,1.0,0.01,0.0,0.0,0,0.01972455531358719,0.035043954849243164,0.007415225729346275,0.007477129343897104,-0.0014787911204621196,-0.0023844835814088583
41,0.3416666666666667,0.0005876332342236182,-0.6508480705933739,0.0009800396857772885,0.00038961137234612577,0.0003474960882545034,0.008131304890029974,-0.6407594814109968,0.0001490133933290952,0.044272783643617634,0.0,0.00016214238614105744,0.6159040927886963,8.019347126790347e-11,1.355220557600453e-07,0,1.0,1.0,nan,1.0,0,-1.0268582348651198e-05,0.0,1.0,0.01,0.0,0.0,0,0.02015824429690838,0.048422809690237045,0.007551770191639662,0.0075499857775866985,0.015901029109954834,0.016713738441467285
42,0.35,0.00017178603793423363,-0.6503782951009087,0.0003822168510192884,0.0009629182119785141,0.00013810579285788115,0.008132455771637122,-0.6407289182283397,0.00023431347155429823,0.027648394203616544,0.0,0.0002553519120310916,0.0,8.019347126790347e-11,1.355220557600453e-07,0,1.0,1.0,nan,1.0,0,4.219033375484418e-09,0.0,1.0,0.01,0.0,0.0,0,0.020252538844943047,-0.026203392073512077,0.007610779721289873,0.007639003451913595,-0.0021448731422424316,0.002540051704272628
43,0.35833333333333334,0.0006728529589653519,-0.6524440919513907,0.001162899225807385,0.0004304609877202959,0.0004125932472134607,0.008135894048697235,-0.6420419847302006,0.00015661429125945646,0.04822653265179625,0.0,0.00017120799584494577,1.7015074491500854,8.019347126790347e-11,1.355220557600453e-07,0,1.0,1.0,nan,1.0,0,3.071090425561937e-05,0.0,1.0,0.01,0.0,0.0,0,0.019833140075206757,-0.05182742699980736,0.00753382220864296,0.00753969419747591,-0.013848244212567806,-0.01718670129776001
44,0.36666666666666664,9.497193072289068e-05,-0.6532149927002472,0.00019740745517335357,0.0016051748915243082,7.182983852937437e-05,0.00813649263068498,-0.6431809457921416,0.00030251206103737704,0.019869949933170622,0.0,0.00033031386085899595,2.3640544414520264,8.019347126790347e-11,1.355220557600453e-07,0,1.0,1.0,nan,1.0,0,-1.5684958432187748e-05,0.0,1.0,0.01,0.0,0.0,0,0.01967797428369522,0.019394157454371452,0.007459660992026329,0.0074138035997748375,-0.005067586433142424,-0.010841487906873226
45,0.375,0.0007577185789096633,-0.6512969079374895,0.0012977312176284373,7.038206674247161e-05,0.0004572632806325391,0.008140303158023585,-0.6410307729161853,6.325719076212017e-05,0.05094568122281686,0.0,6.885764389323944e-05,0.942314863204956,8.019347126790347e-11,1.355220557600453e-07,0,1.0,1.0,nan,1.0,0,-1.7950227931831696e-05,0.0,1.0,0.01,0.0,0.0,0,0.02006721682846546,0.05498528108000755,0.007533402647823095,0.007520491722971201,0.01959800533950329,0.017598867416381836
46,0.3833333333333333,2.162649888918377e-05,-0.6502287647346826,7.08146834742552e-05,0.0012292754889921056,2.7019345214452832e-05,0.008140528319233706,-0.6407665197440934,0.0002647403730503507,0.011900813709512069,0.0,0.000288627699000695,0.0,8.019347126790347e-11,1.355220557600453e-07,0,1.0,1.0,nan,1.0,0,1.4344196691768243e-08,0.0,1.0,0.01,0.0,0.0,0,0.020282777026295662,-0.009233950637280941,0.0076440442353487015,0.007630450185388327,0.005491375457495451,0.006313025485724211
47,0.39166666666666666,0.0007861668971493423,-0.6519710320596211,0.0013714250129386698,7.876524671754308e-05,0.00048337769636723336,0.008144556466703434,-0.6415901184361121,6.683475917642461e-05,0.052372225710555206,0.0,7.332493741812112e-05,1.3289790153503418,8.019347126790347e-11,1.355220557600453e-07,0,1.0,1.0,nan,1.0,0,2.4762868900798322e-05,0.0,1.0,0.01,0.0,0.0,0,0.01992860436439514,-0.05602240189909935,0.007603991311043501,0.0075675384141504765,-0.009355544112622738,-0.022205112501978874
48,0.4,1.5948502390047417e-06,-0.6532948527839127,6.567449578238894e-06,0.0017804870465881228,3.6030178801909053e-06,0.008144586491852434,-0.6433616169456549,0.00031856889899942024,0.0036242101424279727,0.0,0.00034811527388223023,2.45833683013916,8.019347126790347e-11,1.355220557600453e-07,0,1.0,1.0,nan,1.0,0,-1.0119595729646876e-06,0.0,1.0,0.01,0.0,0.0,0,0.019660668447613716,0.0018095968989655375,0.007544419728219509,0.007431492209434509,-0.0035798547323793173,-0.012711881659924984
49,0.4083333333333333,0.0007898857181176964,-0.6517764999228856,0.0013818987249624374,1.4511737626091338e-05,0.0004861035075194626,0.008148637354415096,-0.6414415663877643,2.839656427026479e-05,0.052571831335087374,0.0,3.127546604956809e-05,1.3665332794189453,8.019347126790347e-11,1.355220557600453e-07,0,1.0,1.0,nan,1.0,0,-2.6627960002128127e-05,0.0,1.0,0.01,0.0,0.0,0,0.019969601184129715,0.056172605603933334,0.007547653280198574,0.007490191143006086,0.002072453498840332,0.017641782760620117
50,0.4166666666666667,1.5322177484242916e-05,-0.6502271824918314,1.0699098073245065e-05,0.0012463228275969864,4.560840832262561e-06,0.008148675361422032,-0.6408061630272549,0.0002665637193143971,0.004625818429909472,0.0,0.00029073681899061723,0.016826635226607323,8.019347126790347e-11,1.355220557600453e-07,0,1.0,1.0,nan,1.0,0,-6.217916780591748e-08,0.0,1.0,0.01,0.0,0.0,0,0.020283665508031845,0.00768542243167758,0.007605536840856075,0.007612367160618305,0.009696184657514095,0.008815526962280273
51,0.425,0.0007349828508102672,-0.6514936021507345,0.0013237494429127257,1.0691241338502532e-05,0.00046585426763127573,0.00815255748031896,-0.6412716211353541,2.434015608859071e-05,0.05145385200182248,0.0,2.642147392811046e-05,0.9056656360626221,8.019347126790347e-11,1.355220557600453e-07,0,1.0,1.0,nan,1.0,0,1.6501520392653377e-05,0.0,1.0,0.01,0.0,0.0,0,0.02002577856183052,-0.054177042096853256,0.007609085645526648,0.007578559685498476,-0.010441838763654232,-0.017825067043304443
52,0.43333333333333335,6.0871202819714705e-05,-0.6532328477899404,7.927221830409528e-05,0.0016440908271839491,2.8688275780297433e-05,0.008152796549283796,-0.6432958169923488,0.0003061252818805705,0.012591442991499845,0.0,0.00033446014266016126,2.347128391265869,8.019347126790347e-11,1.355220557600453e-07,0,1.0,1.0,nan,1.0,0,1.3144572536938738e-05,0.0,1.0,0.01,0.0,0.0,0,0.019673964008688927,-0.015420912764966488,0.007443045265972614,0.0074674286879599094,-0.01667797565460205,-0.010235308669507504
53,0.44166666666666665,0.000670337634694035,-0.6522451296808525,0.0012076158007134428,0.00024065773420341605,0.000423898651815421,0.008156329038048924,-0.6419701894731925,0.00011700651056140824,0.04914500586455236,0.0,0.00012808843810814617,1.713316798210144,8.019347126790347e-11,1.355220557600453e-07,0,1.0,1.0,nan,1.0,0,-3.0877675989629625e-05,0.0,1.0,0.01,0.0,0.0,0,0.019875211641192436,0.0517272911965847,0.007461750879883766,0.007460924331098795,0.016027987003326416,0.016129910945892334
54,0.45,0.00014239440042819015,-0.6503661360672071,0.00020246292991098802,0.0010142716984011392,7.139593566529165e-05,0.008156924004179469,-0.6408500830342873,0.00024046077683362557,0.020122769685656496,0.0,0.0002621305811085386,0.17559944093227386,8.019347126790347e-11,1.355220557600453e-07,0,1.0,1.0,nan,1.0,0,-1.3888897397104638e-06,0.0,1.0,0.01,0.0,0.0,0,0.020255716517567635,0.023807285353541374,0.007589266169816256,0.007590640336275101,0.011440514586865902,0.011003314517438412
55,0.4583333333333333,0.00055748629605087,-0.6510562660057191,0.00104207264323309,0.00020566748511854137,0.0003656527162429075,0.00815997111014816,-0.6410910684711684,0.00010821021879024896,0.04565244009323248,0.0,0.0001178687156262688,0.5861002206802368,8.019347126790347e-11,1.355220557600453e-07,0,1.0,1.0,nan,1.0,0,9.078817682953285e-06,0.0,1.0,0.01,0.0,0.0,0,0.020115021616220474,-0.047196146100759506,0.0075926585122942924,0.007586810737848282,-0.011810659430921078,-0.009556709788739681
56,0.4666666666666667,0.00023210778977540838,-0.6530260127231804,0.0003668079053742806,0.0012524887434312774,0.0001287375236244138,0.00816104392284503,-0.6430135643617544,0.0002671877016076257,0.027085343098224936,0.0,0.00029186608672230376,2.1610372066497803,8.019347126790347e-11,1.355220557600453e-07,0,1.0,1.0,nan,1.0,0,2.324435732098439e-05,0.0,1.0,0.01,0.0,0.0,0,0.019715480506420135,-0.030426977202296257,0.007480008993297815,0.007495636120438576,-0.012232660315930843,-0.009572803042829037
57,0.475,0.0004552657272021303,-0.6526496196857979,0.0008457325832859975,0.0006621902889756519,0.00029667567271866657,0.008163516220117685,-0.6425229148662165,0.00019424152454010436,0.041127425965795564,0.0,0.0002122904649849813,1.9911248683929443,8.019347126790347e-11,1.355220557600453e-07,0,1.0,1.0,nan,1.0,0,-2.949367586046114e-05,0.0,1.0,0.01,0.0,0.0,0,0.019793087616562843,0.04263639077544212,0.007437305059283972,0.0074512893334031105,0.014119147323071957,-0.0017961858538910747
58,0.48333333333333334,0.00034835823634886344,-0.6506318049042347,0.000553308634676589,0.0006322015578092069,0.00019406442874949254,0.008165133423690598,-0.6409328030517094,0.00018982671579132368,0.03326585741196487,0.0,0.00020686767723601242,0.4039511978626251,8.019347126790347e-11,1.355220557600453e-07,0,1.0,1.0,nan,1.0,0,-5.1575083248520375e-06,0.0,1.0,0.01,0.0,0.0,0,0.020201826468110085,0.03726482018828392,0.007567650638520718,0.0075849746353924274,0.01407086756080389,0.015280543826520443
59,0.49166666666666664,0.0003252620891466155,-0.6506942592887068,0.0006355266275644076,0.0005496668248130262,0.00022289485955149182,0.008166990880853526,-0.6410168128663293,0.0001769978015052065,0.03565183382560868,0.0,0.0001928828136496573,0.32152462005615234,8.019347126790347e-11,1.355220557600453e-07,0,1.0,1.0,nan,1.0,0,3.71208196195405e-06,0.0,1.0,0.01,0.0,0.0,0,0.020188184455037117,-0.036056037992239,0.00760711170732975,0.007636434864252806,-0.006099342834204435,-0.004462301731109619
60,0.5,0.00044526592909771866,-0.6527026540916506,0.0007439186249260758,0.0007462456363810671,0.0002609272680595617,0.008169165274754022,-0.6425980586264918,0.0002062144595774746,0.03857249343576523,0.0,0.00022536104762575538,1.9121953248977661,8.019347126790347e-11,1.355220557600453e-07,0,1.0,1.0,nan,1.0,0,2.8095805408098404e-05,0.0,1.0,0.01,0.0,0.0,0,0.019780337810516357,-0.0421750508248806,0.007506914436817169,0.007575429044663906,-0.011592506431043148,-0.009341238997876644
61,0.5083333333333333,0.00022238812243157325,-0.6529523093007832,0.00043251804162301293,0.0011237522345039382,0.0001517619406624771,0.008170429957592876,-0.6430032209446318,0.0002530806174738903,0.029411495766894037,0.0,0.00027651126320803654,2.208861827850342,8.019347126790347e-11,1.355220557600453e-07,0,1.0,1.0,nan,1.0,0,-2.2756692120507035e-05,0.0,1.0,0.01,0.0,0.0,0,0.0197304654866457,0.029801128432154655,0.00744264991953969,0.0075371153652668,-0.003772079711779952,-0.0007170438184402883
62,0.5166666666666666,0.0005512723926144624,-0.6509983823623136,0.0009183410331524938,0.0002536475096134499,0.0003221786502190835,0.008173114779678036,-0.6411020066472551,0.00012020468691912564,0.0428565288643981,0.0,0.00013091329545965045,0.7097634673118591,8.019347126790347e-11,1.355220557600453e-07,0,1.0,1.0,nan,1.0,0,-1.1560559613647608e-05,0.0,1.0,0.01,0.0,0.0,0,0.02012774907052517,0.04691719636321068,0.007542037405073643,0.00754478108137846,0.01592963933944702,-0.00018507240747567266
63,0.525,0.00011842813761785958,-0.6504457984875748,0.0002542065396603875,0.0008846038583100672,8.93229060581052e-05,0.00817385913722852,-0.641014700814758,0.0002245714677137957,0.0225480171926663,0.0,0.0002448350932288373,0.13380485773086548,8.019347126790347e-11,1.355220557600453e-07,0,1.0,1.0,nan,1.0,0,9.041774316302913e-07,0.0,1.0,0.01,0.0,0.0,0,0.020238840952515602,-0.02174377255141735,0.007610749453306198,0.007632607128471136,-0.0012704728869721293,0.0055074687115848064
64,0.5333333333333333,0.0006164355429914476,-0.6523022633046471,0.0010598636307410797,0.0002953769584637977,0.0003719536236102318,0.008176958750758606,-0.6421536284216922,0.00012969847046616532,0.04604049588657967,0.0,0.00014184823287996637,1.5797919034957886,8.019347126790347e-11,1.355220557600453e-07,0,1.0,1.0,nan,1.0,0,2.6997244985086212e-05,0.0,1.0,0.01,0.0,0.0,0,0.019861770793795586,-0.04959225282073021,0.007530221249908209,0.007571734953671694,-0.011638103984296322,-0.021230576559901237
65,0.5416666666666666,5.320810902805751e-05,-0.6531416209017719,0.00011601025480122523,0.0014592924987386069,4.097546278597188e-05,0.008177300212948489,-0.6433358098262555,0.0002884166273011177,0.015232219457533116,0.0,0.00031510364572783764,2.325910806655884,8.019347126790347e-11,1.355220557600453e-07,0,1.0,1.0,nan,1.0,0,-1.1346918523478383e-05,0.0,1.0,0.01,0.0,0.0,0,0.019692836329340935,0.01443385984748602,0.00745788449421525,0.007425232790410519,-0.004775225650519133,-0.012533067725598812
66,0.55,0.0006727864089109715,-0.651426410927726,0.0011558218889094545,2.649350887384007e-05,0.00040583696715935393,0.008180682187674817,-0.6413906269333568,3.870530328444291e-05,0.04807955675564105,0.0,4.193694384323617e-05,1.0626775026321411,8.019347126790347e-11,1.355220557600453e-07,0,1.0,1.0,nan,1.0,0,-1.9187659028761404e-05,0.0,1.0,0.01,0.0,0.0,0,0.02004098705947399,0.051813121885061264,0.007524014916270971,0.007512632291764021,0.018804965540766716,0.01590549945831299
67,0.5583333333333333,8.33438109140675e-06,-0.6503289497856376,2.938927005491244e-05,0.0010701083932747118,1.0754538386788873e-05,0.00818077180882804,-0.6410403459323886,0.00024701427097991715,0.007666716383812882,0.0,0.0002693443152858556,0.06334656476974487,8.019347126790347e-11,1.355220557600453e-07,0,1.0,1.0,nan,1.0,0,1.1658252832341329e-07,0.0,1.0,0.01,0.0,0.0,0,0.020262740552425385,-0.0057041640393435955,0.007632468827068806,0.007603164296597242,0.004962086211889982,0.0034403798636049032
68,0.5666666666666667,0.0006767962348622572,-0.651859633693574,0.001196136577465067,3.622213270022549e-05,0.0004200573704102084,0.008184272286914792,-0.6417662064616316,4.53122323824969e-05,0.0489108694967707,0.0,4.9718542696507085e-05,1.2192038297653198,8.019347126790347e-11,1.355220557600453e-07,0,1.0,1.0,nan,1.0,0,2.158763243097282e-05,0.0,1.0,0.01,0.0,0.0,0,0.019951604306697845,-0.05200981721282005,0.0075950026512146,0.007547651417553425,-0.008777081966400146,-0.010974704287946224
69,0.575,1.0950636453166925e-06,-0.6531837509584939,1.0998139380164479e-07,0.0015535985585149008,6.203888521357121e-07,0.008184277456821893,-0.643444669898118,0.00029760152874199814,0.00046900190575656467,0.0,0.00032512153325847437,2.3283133506774902,8.019347126790347e-11,1.355220557600453e-07,0,1.0,1.0,nan,1.0,0,2.00566256771317e-06,0.0,1.0,0.01,0.0,0.0,0,0.01968306675553322,-0.0018596648005768657,0.007534225005656481,0.007466929033398628,-0.003747045760974288,-0.0064229960553348064
70,0.5833333333333334,0.000668431041832146,-0.6518721466665482,0.001179874207361317,3.813314305873254e-05,0.00041447320044585994,0.008187731400158943,-0.6417979768741371,4.65004358123822e-05,0.04857724173646167,0.0,5.105732203871159e-05,1.4055675268173218,8.019347126790347e-11,1.355220557600453e-07,0,1.0,1.0,nan,1.0,0,-2.542933706493498e-05,0.0,1.0,0.01,0.0,0.0,0,0.01995030976831913,0.05167364701628685,0.007532705552875996,0.00748429587110877,0.0019758939743041992,0.015765130519866943
71,0.5916666666666667,2.7536777181794223e-05,-0.6503525477090478,2.850461022878889e-05,0.001034877786399682,1.07098523494399e-05,0.00818782064892852,-0.6410738078863091,0.00024292133177017766,0.007550445050298544,0.0,0.0002648617159986596,0.11692400276660919,8.019347126790347e-11,1.355220557600453e-07,0,1.0,1.0,nan,1.0,0,-4.211927181283631e-07,0.0,1.0,0.01,0.0,0.0,0,0.02025837078690529,0.010403393767774105,0.00759565643966198,0.007595853880047798,0.010118185542523861,0.007868707180023193
72,0.6,0.0006083248802449821,-0.6514198595337197,0.0011062808180185403,2.622474373380357e-05,0.00038877398381597126,0.008191060432126987,-0.6414879686595953,3.859316631260872e-05,0.04703787448468607,0.0,4.185168847325844e-05,0.8624477982521057,8.019347126790347e-11,1.355220557600453e-07,0,1.0,1.0,nan,1.0,0,1.4488760959581806e-05,0.0,1.0,0.01,0.0,0.0,0,0.02004089765250683,-0.04930972680449486,0.007612153887748718,0.007566999644041061,-0.007977783679962158,-0.010112821124494076
73,0.6083333333333333,7.751983608444289e-05,-0.6530977256026212,0.00010966907573608657,0.0013797197043093916,3.92541868408874e-05,0.00819138755035066,-0.6433394294361408,0.0002804572243353121,0.014810069259533298,0.0,0.00030640259594322825,2.2302439212799072,8.019347126790347e-11,1.355220557600453e-07,0,1.0,1.0,nan,1.0,0,1.412192514331609e-05,0.0,1.0,0.01,0.0,0.0,0,0.019701316952705383,-0.017459392547607422,0.007447721436619759,0.0074822427704930305,-0.01780003309249878,-0.007883012294769287
74,0.6166666666666667,0.0005450838009235302,-0.6522983195404151,0.000986117812899012,0.0002839271497396154,0.0003467525505646402,0.008194277154938699,-0.6422889136219142,0.00012719304350462254,0.0444098595561619,0.0,0.0001391285816587021,1.7110997438430786,8.019347126790347e-11,1.355220557600453e-07,0,1.0,1.0,nan,1.0,0,-2.825027864512765e-05,0.0,1.0,0.01,0.0,0.0,0,0.019864432513713837,0.0466453991830349,0.007457352709025145,0.007458834443241358,0.015033780597150326,0.013937651179730892
75,0.625,0.0001578500979174827,-0.6505084883366804,0.00023301947161799002,0.0007984792259609469,8.260898401613749e-05,0.008194965563138833,-0.6411241739780451,0.00021338352280958066,0.021587935131364002,0.0,0.00023261583321224682,0.2593483626842499,8.019347126790347e-11,1.355220557600453e-07,0,1.0,1.0,nan,1.0,0,-2.357320927846287e-06,0.0,1.0,0.01,0.0,0.0,0,0.02022692747414112,0.025076864287257195,0.0075766597874462605,0.007579964119940996,0.010277329944074154,0.011049806140363216
76,0.6333333333333333,0.00044088385616088295,-0.6510264015344995,0.0008293075819297816,0.0002283818210218566,0.00029175751957203255,0.008197396875801934,-0.6413304313995851,0.00011411237081218016,0.040726099295900695,0.0,0.0001242754013647353,0.5544465780258179,8.019347126790347e-11,1.355220557600453e-07,0,1.0,1.0,nan,1.0,0,7.93430182323006e-06,0.0,1.0,0.01,0.0,0.0,0,0.020121276378631592,-0.04197835549712181,0.007580170873552561,0.007582679856568575,-0.0068038697354495525,-0.008646547794342041
77,0.6416666666666666,0.00023990986804753086,-0.652880224209521,0.0003856304315046211,0.0010053267015862695,0.00013613789681358652,0.00819853135827538,-0.6430508258501071,0.00023939730321880336,0.027771583732463696,0.0,0.0002615872990509593,2.0451366901397705,8.019347126790347e-11,1.355220557600453e-07,0,1.0,1.0,nan,1.0,0,2.2477870057141264e-05,0.0,1.0,0.01,0.0,0.0,0,0.01974501647055149,-0.03094911389052868,0.007493596989661455,0.0075006945990026,-0.009436010383069515,-0.008949636481702328
78,0.65,0.0003492004448356428,-0.6526568810596923,0.0006528995360520813,0.0006725519149483084,0.00022986961243880535,0.008200446938379036,-0.6427817822254772,0.00019579792764586536,0.03613584193158038,0.0,0.00021401078272578527,1.9799134731292725,8.019347126790347e-11,1.355220557600453e-07,0,1.0,1.0,nan,1.0,0,-2.5846177945725805e-05,0.0,1.0,0.01,0.0,0.0,0,0.019791413098573685,0.03735065087676048,0.007447260897606611,0.0074607450515031815,-0.0019660592079162598,-0.0015091894892975688
79,0.6583333333333333,0.00034265592356793044,-0.6507787545470148,0.0005500414818340137,0.00046017874727141055,0.00019376179667559095,0.008202061620017999,-0.6412238167743234,0.00016199091563359806,0.033167498604326905,0.0,0.00017651410578266492,0.5043014883995056,8.019347126790347e-11,1.355220557600453e-07,0,1.0,1.0,nan,1.0,0,-6.629681942134022e-06,0.0,1.0,0.01,0.0,0.0,0,0.020172221586108208,0.036971565335989,0.0075595444068312645,0.007557653822004795,0.01321792509406805,0.01303017046302557
80,0.6666666666666666,0.00023771486060345507,-0.6507114456944726,0.00047166495739719614,0.000532217223527244,0.00016622707818602985,0.00820344684566955,-0.6412664018072752,0.00017421115905538783,0.030713676347750886,0.0,0.0001898756016649602,0.3228244483470917,8.019347126790347e-11,1.355220557600453e-07,0,1.0,1.0,nan,1.0,0,3.353552500907431e-06,0.0,1.0,0.01,0.0,0.0,0,0.02018524706363678,-0.03082394413650036,0.007594787981361151,0.0075921122916042805,-0.005905329715460539,-0.004168152809143066
81,0.675,0.0004223637395773461,-0.6525630882488423,0.0007108793643904431,0.0005622470904669343,0.0002500858748458429,0.008205530894626598,-0.642662067159781,0.00017902226513720444,0.03770621604962352,0.0,0.0001956786565794558,1.7866841554641724,8.019347126790347e-11,1.355220557600453e-07,0,1.0,1.0,nan,1.0,0,2.5667558470900218e-05,0.0,1.0,0.01,0.0,0.0,0,0.019809279590845108,-0.04107355698943138,0.007517775520682335,0.007515768986195326,-0.011554061435163021,-0.00999301578849554
82,0.6833333333333333,0.00015355276124680975,-0.6529192339087464,0.00030362013844744806,0.0010624258459807163,0.00010720418059808004,0.008206424262798249,-0.6431932109002731,0.0002461022396880137,0.02464224577620506,0.0,0.0002689111470564989,2.1643776893615723,8.019347126790347e-11,1.355220557600453e-07,0,1.0,1.0,nan,1.0,0,-1.8517215289365558e-05,0.0,1.0,0.01,0.0,0.0,0,0.019737878814339638,0.02475142292678356,0.007449686992913485,0.007463065441697836,-0.0043451786041259766,-0.0028288362082093954
83,0.6916666666666667,0.0005074091728548571,-0.6511348586140294,0.0008509977047961634,0.0001558205906757577,0.0002991377099199949,0.008208917077047581,-0.641411714068655,9.425039475288152e-05,0.04125524705528167,0.0,0.0001025826319081066,0.8121150135993958,8.019347126790347e-11,1.355220557600453e-07,0,1.0,1.0,nan,1.0,0,-1.2765758548512283e-05,0.0,1.0,0.01,0.0,0.0,0,0.020100126042962074,0.045000310987234116,0.007532155141234398,0.0075345756486058235,0.01485139038413763,0.014598368667066097
84,0.7,7.271613018347849e-05,-0.6505052791974367,0.00016300781446647037,0.0008002507370288283,5.7786003923320794e-05,0.008209398627080276,-0.6412599058886778,0.00021362086164255822,0.018055902883349278,0.0,0.0002328852616631991,0.1846945583820343,8.019347126790347e-11,1.355220557600453e-07,0,1.0,1.0,nan,1.0,0,1.0497403954416078e-06,0.0,1.0,0.01,0.0,0.0,0,0.020227188244462013,-0.017048120498657227,0.00759876798838377,0.007597204763442278,-0.0008958577527664602,-0.0007286667241714895
85,0.7083333333333334,0.0005526847496017095,-0.6521784409300984,0.0009573434627563485,0.0001959037454189874,0.0003363419990502252,0.008212201477072361,-0.642260307495249,0.00010564497955337606,0.043757135709649654,0.0,0.00011559587804965308,1.4861396551132202,8.019347126790347e-11,1.355220557600453e-07,0,1.0,1.0,nan,1.0,0,2.4022554644145995e-05,0.0,1.0,0.01,0.0,0.0,0,0.019887369126081467,-0.04698872193694115,0.007531662471592426,0.007534871809184551,-0.012795030139386654,-0.010399817489087582
86,0.7166666666666667,2.6197963169602665e-05,-0.6530635486042918,6.191756951205536e-05,0.001315308985001237,2.2224588457075297e-05,0.00821238668197617,-0.6434477374046328,0.00027383115728763885,0.011128123787238832,0.0,0.00029918340301038923,2.254260540008545,8.019347126790347e-11,1.355220557600453e-07,0,1.0,1.0,nan,1.0,0,-7.63437624359993e-06,0.0,1.0,0.01,0.0,0.0,0,0.019708359614014626,0.010170935653150082,0.007451324723660946,0.007471152115613222,-0.005952715408056974,-0.004316568374633789
87,0.725,0.0005901010659860812,-0.6515403802870866,0.0010204575584451077,5.236433106207413e-06,0.0003584048817505461,0.008215373389324092,-0.641709211840225,1.7097676849768808e-05,0.04517648854094589,0.0,1.836117234874898e-05,1.1447709798812866,8.019347126790347e-11,1.355220557600453e-07,0,1.0,1.0,nan,1.0,0,-1.929420382178128e-05,0.0,1.0,0.01,0.0,0.0,0,0.020017996430397034,0.04853367432951927,0.007505803368985653,0.007506372407078743,0.015207230113446712,0.015376209281384945
88,0.7333333333333333,1.158122951201715e-06,-0.6504240624912176,8.20043011295511e-06,0.0009210066484545141,3.2851623922068533e-06,0.00821540076567736,-0.6412782965240216,0.00022917014389818257,0.004049797553694533,0.0,0.00024986265165689354,0.14802305400371552,8.019347126790347e-11,1.355220557600453e-07,0,1.0,1.0,nan,1.0,0,9.946789364194929e-08,0.0,1.0,0.01,0.0,0.0,0,0.020243743434548378,-0.002009868621826172,0.007603208068758249,0.0075930398888885975,0.005247294437140226,0.0032025573309510946
89,0.7416666666666667,0.0005811436891383842,-0.6517643924634531,0.0010334348849872594,1.2586658275850988e-05,0.00036282360386037156,0.00821842429570953,-0.641918802935342,2.6647257507963413e-05,0.04546283944030024,0.0,2.9352509247561085e-05,1.149297833442688,8.019347126790347e-11,1.355220557600453e-07,0,1.0,1.0,nan,1.0,0,1.8842389327756266e-05,0.0,1.0,0.01,0.0,0.0,0,0.019971465691924095,-0.0481867752969265,0.007548029068857431,0.0075502037070691586,-0.012272893451154232,-0.010058282874524593
90,0.75,6.549643613746636e-06,-0.6530795550602115,4.776393776558023e-06,0.001345844032805895,1.971201974221375e-06,0.008218440722392648,-0.6435039442676226,0.0002769903671390859,0.003090758410668172,0.0,0.00030262635368773563,2.2461400032043457,8.019347126790347e-11,1.355220557600453e-07,0,1.0,1.0,nan,1.0,0,4.347734279794985e-06,0.0,1.0,0.01,0.0,0.0,0,0.01970500312745571,-0.004963874351233244,0.007454632315784693,0.007477163802832365,-0.008232593536376953,-0.005967020522803068
91,0.7583333333333333,0.000563420097946679,-0.6519550446528336,0.0009977436554162418,6.730934101177627e-05,0.00035024963206191964,0.008221359469326497,-0.6421052120891325,6.186731568005863e-05,0.0446708776590799,0.0,6.782147148941514e-05,1.4657047986984253,8.019347126790347e-11,1.355220557600453e-07,0,1.0,1.0,nan,1.0,0,-2.4175697892100207e-05,0.0,1.0,0.01,0.0,0.0,0,0.01993396133184433,0.04741787537932396,0.007478929124772549,0.0074828448705375195,0.015228687785565853,0.016148686408996582
92,0.7666666666666666,4.132692036060958e-05,-0.650472532094582,4.9808815202575076e-05,0.0008492899699702509,1.7693945992749814e-05,0.008221506918876437,-0.6413105994701721,0.00022006355343387042,0.009980863209419821,0.0,0.00023991362935031963,0.21902504563331604,8.019347126790347e-11,1.355220557600453e-07,0,1.0,1.0,nan,1.0,0,-9.535981522819804e-07,0.0,1.0,0.01,0.0,0.0,0,0.020234044641256332,0.012803076766431332,0.007583204191178083,0.0075947558507323265,0.006602704059332609,0.008131563663482666
93,0.775,0.0004999827028264987,-0.6513603129056376,0.0009153521689298964,4.4482129618802994e-05,0.00032122512401093907,0.008224183794909861,-0.6416763121093525,5.0302531340951246e-05,0.042786730862030026,0.0,5.4629252264376355e-05,0.8285648822784424,8.019347126790347e-11,1.355220557600453e-07,0,1.0,1.0,nan,1.0,0,1.2514774020417133e-05,0.0,1.0,0.01,0.0,0.0,0,0.020053358748555183,-0.04470347985625267,0.007563460152596235,0.007583582308143377,-0.008888840675354004,-0.007815957069396973
94,0.7833333333333333,9.203265995057752e-05,-0.6529666136916121,0.0001372389390082831,0.0011494269999855963,4.827058288530028e-05,0.00822458604976724,-0.6433633290429004,0.00025597608934727474,0.016567373902238284,0.0,0.0002796850136160112,2.1364364624023438,8.019347126790347e-11,1.355220557600453e-07,0,1.0,1.0,nan,1.0,0,1.4699581105019534e-05,0.0,1.0,0.01,0.0,0.0,0,0.019727369770407677,-0.019158123061060905,0.007484628353267908,0.007513079792261124,-0.007464587222784758,-0.006549059879034758
95,0.7916666666666666,0.0004378381911889905,-0.6523377335883072,0.0007969700912563795,0.0003198897228846223,0.00027963041016438716,0.008226916303185276,-0.6425561192797918,0.00013500410994564708,0.03992418042380781,0.0,0.0001476547969238214,1.7501678466796875,8.019347126790347e-11,1.355220557600453e-07,0,1.0,1.0,nan,1.0,0,-2.5530250373751633e-05,0.0,1.0,0.01,0.0,0.0,0,0.01985611766576767,0.04183172807097435,0.007454067002981901,0.007490056566894054,-0.0003969669051002711,-9.834765478444751e-06
96,0.8,0.00016963518074778483,-0.6506412075924547,0.00025605300999185956,0.0006189701722235969,8.988829395460585e-05,0.008227665372301565,-0.6413688838571899,0.0001878635887043359,0.02262975960949915,0.0,0.00020476892510925708,0.3770967423915863,8.019347126790347e-11,1.355220557600453e-07,0,1.0,1.0,nan,1.0,0,-3.410494050994908e-06,0.0,1.0,0.01,0.0,0.0,0,0.020199771970510483,0.025981662794947624,0.007588065229356289,0.0075783138163387775,0.012213884852826595,0.012143253348767757
97,0.8083333333333333,0.0003433488439933983,-0.6510040683684033,0.0006517620808258748,0.0002437451713894433,0.00022864637099903091,0.008229570758726558,-0.641535641513468,0.00011787430399343821,0.03610435100720895,0.0,0.00012838341199328563,0.5517633557319641,8.019347126790347e-11,1.355220557600453e-07,0,1.0,1.0,nan,1.0,0,6.8715082388509435e-06,0.0,1.0,0.01,0.0,0.0,0,0.020125282928347588,-0.03704666718840599,0.007615262176841497,0.007602247875183821,-0.004363059997558594,-0.0043076276779174805
98,0.8166666666666667,0.00024224116974713104,-0.6527400921004219,0.00039442487328681416,0.0007995837766639717,0.00013836583032141776,0.00823072380731257,-0.6430731184734114,0.00021348626393123633,0.028086469101217197,0.0,0.00023330613783497143,1.9450339078903198,8.019347126790347e-11,1.355220557600453e-07,0,1.0,1.0,nan,1.0,0,2.133726300952558e-05,0.0,1.0,0.01,0.0,0.0,0,0.019772592931985855,-0.031110046431422234,0.007555427961051464,0.007538141217082739,-0.006565153133124113,-0.007063149940222502
99,0.825,0.00026291114524802986,-0.6526489088151232,0.0004959346390807232,0.0006707087962918524,0.00017395412949417345,0.008232173425058354,-0.6429871808094443,0.00019551877714978132,0.0314939562164147,0.0,0.00021370842929371978,1.9767839908599854,8.019347126790347e-11,1.355220557600453e-07,0,1.0,1.0,nan,1.0,0,-2.2284133774846688e-05,0.0,1.0,0.01,0.0,0.0,0,0.019791709259152412,0.03241539001464844,0.007531446870416403,0.007509476039558649,0.0004407763190101832,-0.00016987322305794805
100,0.8333333333333334,0.0003310816588400384,-0.6509136896234332,0.0005366048724463844,0.0003260468777176853,0.00018822447311946618,0.008233741962334349,-0.6414862142520948,0.0001363373538282426,0.032759880111086624,0.0,0.00014851653720555552,0.6197524666786194,8.019347126790347e-11,1.355220557600453e-07,0,1.0,1.0,nan,1.0,0,-8.016559342223701e-06,0.0,1.0,0.01,0.0,0.0,0,0.02014491893351078,0.03633498772978783,0.007547450717538595,0.0075490428134799,0.01341551449149847,0.012958644889295101
101,0.8416666666666667,0.00016974635954631421,-0.6507322378223156,0.00034260330867080476,0.0005063206975250216,0.00012016297946557431,0.008234743320496563,-0.6414788241360769,0.00016990888577637198,0.026176451580411153,0.0,0.0001851812080627025,0.35375794768333435,8.019347126790347e-11,1.355220557600453e-07,0,1.0,1.0,nan,1.0,0,3.076811693132164e-06,0.0,1.0,0.01,0.0,0.0,0,0.02018066868185997,-0.026042459532618523,0.007623197510838509,0.007597644347697496,0.0022512672003358603,-0.0032749769743531942
102,0.85,0.0003954144137178928,-0.6524332281901595,0.0006695475155905224,0.00041731769133135046,0.00023484391576454253,0.008236700353127934,-0.6427142482163917,0.0001542154950916706,0.03659364741565187,0.0,0.00016860043374526868,1.689107894897461,8.019347126790347e-11,1.355220557600453e-07,0,1.0,1.0,nan,1.0,0,2.338586595278312e-05,0.0,1.0,0.01,0.0,0.0,0,0.019835684448480606,-0.039718147367239,0.007538769394159317,0.007501793093979359,-0.014297961257398129,-0.012386440299451351
103,0.8583333333333333,0.00010260189110752124,-0.6528789099335996,0.00020609786787319768,0.0009935365957601742,7.229732869988235e-05,0.008237302830867101,-0.6433393707479916,0.00023798168339552987,0.020302604161693036,0.0,0.00026004939473457737,2.1208035945892334,8.019347126790347e-11,1.355220557600453e-07,0,1.0,1.0,nan,1.0,0,-1.4761349613785692e-05,0.0,1.0,0.01,0.0,0.0,0,0.01974651962518692,0.020198820158839226,0.007450316566973925,0.007420454174280167,-0.007275938522070646,-0.0026705858763307333
104,0.8666666666666667,0.00046169768619206964,-0.6512574412418157,0.0007794825569493552,8.81396935582292e-05,0.00027341189576259267,0.00823958126333179,-0.6416885400417842,7.085439150712179e-05,0.039483732269109395,0.0,7.703831798276526e-05,0.9076828360557556,8.019347126790347e-11,1.355220557600453e-07,0,1.0,1.0,nan,1.0,0,-1.3590680212759013e-05,0.0,1.0,0.01,0.0,0.0,0,0.02007521688938141,0.042922493070364,0.007533801719546318,0.0075247082859277725,0.014753042720258236,0.014099477790296078
105,0.875,4.1404919917347e-05,-0.6505665820915578,9.831147877341249e-05,0.0007150915035822426,3.450920029580414e-05,0.008239868840000922,-0.6414719053492839,0.00020192951129991947,0.014022230833459595,0.0,0.00022012067210516517,0.24222375452518463,8.019347126790347e-11,1.355220557600453e-07,0,1.0,1.0,nan,1.0,0,1.059249839189787e-06,0.0,1.0,0.01,0.0,0.0,0,0.020214742049574852,-0.012860297225415707,0.007603490259498358,0.007587297819554806,0.0006955861463211477,-3.9339061913779005e-05
106,0.8833333333333333,0.0004909519650494,-0.6520659429905796,0.0008557987098918419,0.000124658823737664,0.0003001983194737961,0.008242370492663204,-0.6423521629992375,8.424919157674753e-05,0.04137145658281424,0.0,9.223691097324018e-05,1.3990331888198853,8.019347126790347e-11,1.355220557600453e-07,0,1.0,1.0,nan,1.0,0,2.132964082080923e-05,0.0,1.0,0.01,0.0,0.0,0,0.019910145550966263,-0.044292207807302475,0.007552547845989466,0.007529879920184612,-0.009348391555249691,-0.009895562194287777
107,0.8916666666666666,1.0506953645348447e-05,-0.6529837915549613,2.8047938056310276e-05,0.0011758985606296682,9.890842869779404e-06,0.008242452916353785,-0.6435268851862761,0.0002589096924175574,0.007489718026242413,0.0,0.00028289043375888536,2.1878113746643066,8.019347126790347e-11,1.355220557600453e-07,0,1.0,1.0,nan,1.0,0,-4.529459154526544e-06,0.0,1.0,0.01,0.0,0.0,0,0.019724246114492416,0.00641584349796176,0.007494140416383743,0.007465722039341927,-0.003900825744494796,-0.0045409793965518475
108,0.9,0.000513841889757491,-0.6516397508163331,0.0008923039798073418,1.8907390836660875e-07,0.0003130820645871193,0.008245061933558678,-0.6419883539393012,1.8952551974067017e-06,0.04224462048136642,0.0,2.3627643644534027e-06,1.2142210006713867,8.019347126790347e-11,1.355220557600453e-07,0,1.0,1.0,nan,1.0,0,-1.9159145228776417e-05,0.0,1.0,0.01,0.0,0.0,0,0.019997846335172653,0.04528283700346947,0.007501473184674978,0.007499809376895428,0.015520154498517513,0.01452863123267889
109,0.9083333333333333,4.998902430326068e-07,-0.6505176926992229,4.08210830204218e-07,0.0007837486028495599,2.3706845005468914e-07,0.008245063909129095,-0.641487972086171,0.0002114044811876583,0.0009035605460667459,0.0,0.0002304718597073577,0.22744998335838318,8.019347126790347e-11,1.355220557600453e-07,0,1.0,1.0,nan,1.0,0,-9.142242359439119e-08,0.0,1.0,0.01,0.0,0.0,0,0.020224833860993385,0.0011909006861969829,0.007595451548695564,0.007582881022244692,0.004433691501617432,0.003601312404498458
110,0.9166666666666666,0.0004943047702818949,-0.651680146465553,0.0008846894898146538,2.0934296995088622e-06,0.00031041408379648517,0.008247650693160732,-0.6420514080825962,1.0628037955946377e-05,0.04206398673009143,0.0,1.186823548934793e-05,1.080414056777954,8.019347126790347e-11,1.355220557600453e-07,0,1.0,1.0,nan,1.0,0,1.643757955780518e-05,0.0,1.0,0.01,0.0,0.0,0,0.019988514482975006,-0.04444598779082298,0.007566363085061312,0.00754454405978322,-0.008558928966522217,-0.009453891776502132
111,0.9249999999999999,1.4562047817322773e-05,-0.6529723957884684,1.6092782480541747e-05,0.0011573790428173695,5.76750674423552e-06,0.008247698755716935,-0.6435366631596363,0.0002568641927007022,0.0056732323203869854,0.0,0.0002806592088913154,2.1501033306121826,8.019347126790347e-11,1.355220557600453e-07,0,1.0,1.0,nan,1.0,0,6.124570217208667e-06,0.0,1.0,0.01,0.0,0.0,0,0.019726421684026718,-0.007574557792395353,0.007502935826778412,0.007471699267625809,-0.0051194424740970135,-0.006170868407934904
112,0.9333333333333333,0.000469358666604662,-0.6520216780377646,0.0008363359259275423,9.788752728411242e-05,0.00029348858057136134,0.008250144493888363,-0.6423679514240598,7.464855332327006e-05,0.04089831111250298,0.0,8.17776798502993e-05,1.4967581033706665,8.019347126790347e-11,1.355220557600453e-07,0,1.0,1.0,nan,1.0,0,-2.2722048002499955e-05,0.0,1.0,0.01,0.0,0.0,0,0.019920354709029198,0.04329800233244896,0.007488842122256756,0.007475115358829498,0.0003129243559669703,0.013794600032269955
113,0.9416666666666667,5.477961469233454e-05,-0.6505876181579289,7.160493595956686e-05,0.0006881396627587685,2.5274745990699967e-05,0.00825035511677162,-0.6415227388277466,0.00019809207505116824,0.01196703271154273,0.0,0.00021591986016181446,0.3077256381511688,8.019347126790347e-11,1.355220557600453e-07,0,1.0,1.0,nan,1.0,0,-1.6098537988187183e-06,0.0,1.0,0.01,0.0,0.0,0,0.020210647955536842,0.014734267257153988,0.007598645985126495,0.0075726816430687904,0.0103569021448493,0.006889700423926115
114,0.95,0.00040633594534657675,-0.651310878991345,0.0007499678407355321,6.22615596199915e-05,0.00026319204601087955,0.00825254838382171,-0.6418397652618212,5.95593919487819e-05,0.038729003104534775,0.0,6.473377823127401e-05,0.789299488067627,8.019347126790347e-11,1.355220557600453e-07,0,1.0,1.0,nan,1.0,0,1.0903229412087675e-05,0.0,1.0,0.01,0.0,0.0,0,0.020063214004039764,-0.04030108079314232,0.0076112593524158,0.007558084558695555,-0.004956721793860197,-0.007999241352081299
115,0.9583333333333334,0.00010439610246679818,-0.6528429611604056,0.00016040177341295557,0.0009500707526707659,5.64228347392788e-05,0.008253018574111204,-0.643375073957744,0.00023272457446125842,0.017910989554625705,0.0,0.00025429942573183275,2.03361439704895,8.019347126790347e-11,1.355220557600453e-07,0,1.0,1.0,nan,1.0,0,1.4882568046252964e-05,0.0,1.0,0.01,0.0,0.0,0,0.019752122461795807,-0.020413396880030632,0.007562063634395599,0.007481324020773172,-0.004361271858215332,-0.007626413833349943
116,0.9666666666666667,0.0003480035280496365,-0.6523636856098752,0.000636519063425979,0.0003468908287582037,0.00022341959868064833,0.008254880404100209,-0.6427773917855413,0.00014060350999418896,0.03567965984776141,0.0,0.00015376230474142643,1.755758285522461,8.019347126790347e-11,1.355220557600453e-07,0,1.0,1.0,nan,1.0,0,-2.306278942683284e-05,0.0,1.0,0.01,0.0,0.0,0,0.01985016278922558,0.03727554902434349,0.007556273601949215,0.007454244419932365,0.002034008502960205,0.014106630347669125
117,0.975,0.0001760556455305863,-0.6507677544954094,0.0002716885759479911,0.00047120549960012113,9.545363529439274e-05,0.008255675851060996,-0.6415931289232697,0.0001639204539976748,0.0233104515592466,0.0,0.0001786332578462155,0.4721165597438812,8.019347126790347e-11,1.355220557600453e-07,0,1.0,1.0,nan,1.0,0,-4.425533680480409e-06,0.0,1.0,0.01,0.0,0.0,0,0.020174285396933556,0.026503799483180046,0.007568792439997196,0.007566286716610193,-0.0017800925998017192,0.010395347140729427
118,0.9833333333333333,0.0002633725484691012,-0.6509975796263991,0.0005055193715722763,0.00025128795870256975,0.00017747334548392666,0.008257154795606696,-0.6417202449520485,0.00011970136807525895,0.03179683542657276,0.0,0.0001303730682596188,0.5494918823242188,8.019347126790347e-11,1.355220557600453e-07,0,1.0,1.0,nan,1.0,0,6.094176488508811e-06,0.0,1.0,0.01,0.0,0.0,0,0.020127223804593086,-0.03244757652282715,0.007572181988507509,0.007583528757095337,-0.0032222268637269735,-0.004997848998755217
119,0.9916666666666667,0.00024006582630248555,-0.6526204703336209,0.00039445985989979465,0.0006295315734827438,0.00013852479701516128,0.008258309168915156,-0.6430981039050206,0.00018943308769385386,0.02808771474861544,0.0,0.00020704950533911412,1.8410409688949585,8.019347126790347e-11,1.355220557600453e-07,0,1.0,1.0,nan,1.0,0,2.0113054265856337e-05,0.0,1.0,0.01,0.0,0.0,0,0.019798194989562035,-0.030924079939723015,0.007457542233169079,0.007514593191444874,-0.015789270401000977,-0.008015334606170654
