step,t,t_rigid_solve_ms,t_modal_step_ms,t_deformed_normal_ms,t_distant_response_ms,t_total_step_ms
0,0.005000,15.642250,0.025459,0.000000,0.036459,16.048834
1,0.010000,15.562250,0.024333,0.000000,0.029916,15.963167
2,0.015000,15.434292,0.024291,0.000000,0.029709,15.832750
3,0.020000,15.405625,0.023958,0.000000,0.029208,15.808042
4,0.025000,15.485167,0.024167,0.000000,0.029459,15.882667
5,0.030000,15.411916,0.024083,0.000000,0.029250,15.820292
6,0.035000,15.525042,0.024250,0.000000,0.029375,15.922959
7,0.040000,15.512917,0.024208,0.000000,0.030000,15.911583
8,0.045000,15.541708,0.023916,0.000000,0.029041,15.938458
9,0.050000,15.590875,0.024333,0.000000,0.029375,15.988959
10,0.055000,15.425959,0.024500,0.000000,0.029542,15.824875
11,0.060000,15.502084,0.023667,0.000000,0.028750,15.900458
12,0.065000,15.401750,0.024167,0.000000,0.029167,15.799250
13,0.070000,15.509125,0.024167,0.000000,0.029250,15.908167
14,0.075000,15.500917,0.024084,0.000000,0.029333,15.899333
15,0.080000,15.575917,0.023708,0.000000,0.028667,15.971417
16,0.085000,15.467541,0.024041,0.000000,0.029000,15.878125
17,0.090000,15.491375,0.024083,0.000000,0.029125,15.888083
18,0.095000,15.719042,0.024083,0.000000,0.029083,16.116625
19,0.100000,15.630625,0.024417,0.000000,0.030000,16.030292
20,0.105000,15.713666,0.024292,0.000000,0.029500,16.114084
21,0.110000,15.657084,0.024209,0.000000,0.029291,16.053292
22,0.115000,15.676166,0.024167,0.000000,0.029167,16.073709
23,0.120000,15.576000,0.024208,0.000000,0.029166,15.972667
24,0.125000,15.465250,0.024417,0.000000,0.029459,15.863791
25,0.130000,15.528917,0.023792,0.000000,0.028750,15.923708
26,0.135000,15.453541,0.023833,0.000000,0.028750,15.850500
27,0.140000,15.414833,0.023708,0.000000,0.028958,15.810084
28,0.145000,15.495792,0.023917,0.000000,0.028959,15.890500
29,0.150000,15.477292,0.024625,0.000000,0.029667,15.873167
30,0.155000,15.529916,0.024250,0.000000,0.029291,15.927042
31,0.160000,15.540041,0.026958,0.000000,0.032125,15.939792
32,0.165000,15.531167,0.024125,0.000000,0.029000,15.928084
33,0.170000,15.556458,0.023959,0.000000,0.029333,15.955833
34,0.175000,15.634542,0.024083,0.000000,0.029041,16.042042
35,0.180000,15.504250,0.024250,0.000000,0.029375,15.904584
36,0.185000,15.507709,0.024125,0.000000,0.029083,15.910958
37,0.190000,15.405458,0.023792,0.000000,0.028709,15.810625
38,0.195000,15.338750,0.024417,0.000000,0.029375,15.741834
39,0.200000,15.431667,0.023792,0.000000,0.028875,15.832750
40,0.205000,15.551417,0.024125,0.000000,0.029167,15.950292
41,0.210000,15.500375,0.023750,0.000000,0.028791,15.898458
42,0.215000,15.549958,0.023833,0.000000,0.029000,15.947750
43,0.220000,15.685709,0.024083,0.000000,0.029083,16.081541
44,0.225000,15.583000,0.024417,0.000000,0.029500,15.982125
45,0.230000,15.434541,0.023875,0.000000,0.028875,15.833125
46,0.235000,15.651709,0.023875,0.000000,0.028792,16.049167
47,0.240000,15.596084,0.023583,0.000000,0.029167,15.995750
48,0.245000,15.515208,0.024333,0.000000,0.029375,15.915291
49,0.250000,15.724833,0.024042,0.000000,0.029167,16.122500
50,0.255000,15.618041,0.023625,0.000000,0.028583,16.014667
51,0.260000,15.529083,0.023833,0.000000,0.028792,15.925459
52,0.265000,15.798875,0.024416,0.000000,0.029291,16.195041
53,0.270000,15.794000,0.024000,0.000000,0.029000,16.190083
54,0.275000,15.598916,0.023709,0.000000,0.028667,15.993292
55,0.280000,15.618083,0.024166,0.000000,0.029167,16.014625
56,0.285000,15.706750,0.024250,0.000000,0.029166,16.102667
57,0.290000,15.514292,0.023958,0.000000,0.029000,15.910125
58,0.295000,15.729125,0.024541,0.000000,0.029417,16.127250
59,0.300000,15.630625,0.023958,0.000000,0.028875,16.029209
60,0.305000,15.685666,0.029292,0.000000,0.034250,16.092709
61,0.310000,15.757292,0.024166,0.000000,0.029125,16.155875
62,0.315000,15.642167,0.023917,0.000000,0.028834,16.039750
63,0.320000,15.577375,0.024167,0.000000,0.029208,15.983666
64,0.325000,15.587041,0.024083,0.000000,0.029042,15.985750
65,0.330000,15.589417,0.023917,0.000000,0.028875,15.987167
66,0.335000,15.622083,0.024292,0.000000,0.029292,16.029083
67,0.340000,15.637458,0.024167,0.000000,0.029125,16.032666
68,0.345000,15.699584,0.024375,0.000000,0.029542,16.099709
69,0.350000,15.770125,0.024750,0.000000,0.030750,16.179084
70,0.355000,18.696750,0.045625,0.006415,39.519166,58.593417
71,0.360000,3.177500,0.023917,0.000000,0.030333,3.530833
72,0.365000,3.211958,0.023666,0.000000,0.028208,3.553625
73,0.370000,3.173250,0.023959,0.000000,0.028458,3.528459
74,0.375000,0.039417,0.023959,0.000000,0.000000,0.335959
75,0.380000,0.038166,0.023959,0.000000,0.000000,0.333208
76,0.385000,0.038250,0.023959,0.000000,0.000000,0.331208
77,0.390000,0.037917,0.023959,0.000000,0.000000,0.330792
78,0.395000,0.037833,0.023959,0.000000,0.000000,0.330250
79,0.400000,0.037208,0.023959,0.000000,0.000000,0.329709
80,0.405000,0.037666,0.023959,0.000000,0.000000,0.332042
81,0.410000,0.037458,0.023959,0.000000,0.000000,0.329792
82,0.415000,0.037459,0.023959,0.000000,0.000000,0.328833
83,0.420000,0.037541,0.023959,0.000000,0.000000,0.329333
84,0.425000,0.037250,0.023959,0.000000,0.000000,0.329000
85,0.430000,0.037500,0.023959,0.000000,0.000000,0.329500
86,0.435000,0.037375,0.023959,0.000000,0.000000,0.332917
87,0.440000,0.037583,0.023959,0.000000,0.000000,0.330625
88,0.445000,0.037916,0.023959,0.000000,0.000000,0.334958
89,0.450000,0.037625,0.023959,0.000000,0.000000,0.332583
90,0.455000,0.037333,0.023959,0.000000,0.000000,0.329042
91,0.460000,0.037208,0.023959,0.000000,0.000000,0.332041
92,0.465000,0.037750,0.023959,0.000000,0.000000,0.330250
93,0.470000,0.037583,0.023959,0.000000,0.000000,0.330292
94,0.475000,3.198292,0.045333,0.000000,5.470958,8.971000
95,0.480000,3.197084,0.024584,0.000000,0.029333,3.542292
96,0.485000,3.192209,0.023792,0.000000,0.028209,3.533917
97,0.490000,3.168000,0.023791,0.000000,0.028083,3.510000
98,0.495000,3.180583,0.023834,0.000000,0.028042,3.521500
99,0.500000,3.162583,0.023542,0.000000,0.027750,3.502917
100,0.505000,3.165291,0.023958,0.000000,0.028208,3.512167
101,0.510000,3.200292,0.023583,0.000000,0.027791,3.541250
102,0.515000,3.153583,0.024250,0.000000,0.028458,3.496166
103,0.520000,3.200541,0.024000,0.000000,0.028250,3.543333
104,0.525000,3.180250,0.024667,0.000000,0.028834,3.526792
105,0.530000,3.143041,0.023667,0.000000,0.027791,3.485208
106,0.535000,3.175834,0.023833,0.000000,0.027959,3.517542
107,0.540000,3.148667,0.023792,0.000000,0.028000,3.489500
108,0.545000,3.180000,0.024167,0.000000,0.028666,3.522208
109,0.550000,3.210583,0.028250,0.000000,0.032667,3.561584
110,0.555000,3.217459,0.024041,0.000000,0.028292,3.558542
111,0.560000,3.179000,0.023958,0.000000,0.028084,3.521375
112,0.565000,3.191166,0.024125,0.000000,0.028417,3.533792
113,0.570000,3.191833,0.024041,0.000000,0.028292,3.532333
114,0.575000,3.285625,0.023917,0.000000,0.028334,3.627958
115,0.580000,3.180209,0.024042,0.000000,0.028334,3.520917
116,0.585000,3.202333,0.023709,0.000000,0.027875,3.546083
117,0.590000,3.174666,0.025041,0.000000,0.029375,3.515958
118,0.595000,3.197917,0.023958,0.000000,0.028209,3.548958
119,0.600000,3.215292,0.023958,0.000000,0.028125,3.556584
120,0.605000,3.181500,0.023833,0.000000,0.028000,3.521875
121,0.610000,3.230625,0.024083,0.000000,0.028250,3.573750
122,0.615000,3.245667,0.024916,0.000000,0.029500,3.591083
123,0.620000,3.203042,0.024083,0.000000,0.028334,3.545584
124,0.625000,3.193125,0.024125,0.000000,0.028292,3.534792
125,0.630000,3.217708,0.024000,0.000000,0.028666,3.559542
126,0.635000,3.239042,0.024083,0.000000,0.028333,3.582167
127,0.640000,3.190583,0.024292,0.000000,0.028500,3.541417
128,0.645000,3.208750,0.023916,0.000000,0.028084,3.559667
129,0.650000,3.241417,0.024042,0.000000,0.028250,3.585750
130,0.655000,6.395541,0.044666,0.001668,10.770667,17.488500
131,0.660000,3.188250,0.024208,0.000000,0.029083,3.536417
132,0.665000,3.174375,0.024000,0.000000,0.028333,3.525833
133,0.670000,3.215000,0.023792,0.000000,0.028042,3.565375
134,0.675000,3.185917,0.023958,0.000000,0.028167,3.530750
135,0.680000,3.225208,0.023792,0.000000,0.028041,3.568583
136,0.685000,6.370542,0.044583,0.001542,10.853250,17.544458
137,0.690000,3.176958,0.024208,0.000000,0.029084,3.525708
138,0.695000,3.205417,0.023834,0.000000,0.028166,3.551709
139,0.700000,3.255667,0.024041,0.000000,0.028250,3.599333
140,0.705000,3.225125,0.023750,0.000000,0.028042,3.569417
141,0.710000,6.321959,0.043541,0.001373,10.763250,17.405708
142,0.715000,9.447334,0.044291,0.002499,16.185708,25.966333
143,0.720000,6.293250,0.023542,0.000000,0.028917,6.649917
144,0.725000,3.189041,0.023875,0.000000,0.028250,3.535833
145,0.730000,9.405750,0.043791,0.001417,16.211917,25.946250
146,0.735000,6.281417,0.023375,0.000000,0.028375,6.647958
147,0.740000,6.284750,0.023584,0.000000,0.028041,6.639958
148,0.745000,9.354416,0.043457,0.002334,16.047417,25.746250
149,0.750000,9.394417,0.043584,0.002417,16.076917,25.807583
150,0.755000,3.176666,0.023542,0.000000,0.028625,3.521333
151,0.760000,6.256666,0.043584,0.001291,10.721375,17.297583
152,0.765000,9.318375,0.043625,0.002459,16.147458,25.798250
153,0.770000,3.183250,0.023834,0.000000,0.028791,3.528583
154,0.775000,3.142875,0.023791,0.000000,0.028458,3.484375
155,0.780000,3.156209,0.023834,0.000000,0.028042,3.498000
156,0.785000,3.173542,0.023708,0.000000,0.027958,3.516875
157,0.790000,3.170791,0.024083,0.000000,0.028416,3.515333
158,0.795000,3.153125,0.023833,0.000000,0.028083,3.504750
159,0.800000,3.122709,0.023583,0.000000,0.027833,3.469625
160,0.805000,3.159750,0.023750,0.000000,0.027917,3.499000
161,0.810000,3.159167,0.023750,0.000000,0.027917,3.500750
162,0.815000,3.169083,0.023791,0.000000,0.027875,3.508916
163,0.820000,6.211666,0.044500,0.001332,10.820792,17.352834
164,0.825000,6.247125,0.023166,0.000000,0.028208,6.602417
165,0.830000,12.589625,0.043876,0.002499,21.462250,34.395416
166,0.835000,12.286292,0.023958,0.000000,0.029917,12.675333
167,0.840000,12.568417,0.023875,0.000000,0.029208,12.955666
168,0.845000,12.532250,0.024416,0.000000,0.029750,12.922208
169,0.850000,15.673833,0.043375,0.004833,26.720583,42.762083
170,0.855000,3.184291,0.023583,0.000000,0.028958,3.534542
171,0.860000,6.290458,0.043541,0.001375,10.782042,17.390375
172,0.865000,3.167833,0.023583,0.000000,0.028333,3.511833
173,0.870000,3.143542,0.024083,0.000000,0.028291,3.487792
174,0.875000,3.148042,0.023667,0.000000,0.027791,3.489792
175,0.880000,3.161917,0.023625,0.000000,0.027958,3.504417
176,0.885000,9.531000,0.043708,0.001416,16.103041,25.958000
177,0.890000,12.598334,0.043625,0.003498,21.374583,34.321917
178,0.895000,15.705666,0.044500,0.003544,26.890584,42.954791
179,0.900000,9.508375,0.023792,0.000000,0.029459,9.884209
180,0.905000,15.768000,0.044417,0.003166,26.722584,42.846250
181,0.910000,18.657459,0.043376,0.005583,32.009500,51.051000
182,0.915000,18.381500,0.024375,0.000000,0.030958,18.808875
183,0.920000,18.624875,0.023625,0.000000,0.028917,19.042375
184,0.925000,18.534250,0.023958,0.000000,0.029125,18.950500
185,0.930000,18.612000,0.024000,0.000000,0.029875,19.028959
186,0.935000,18.660625,0.024084,0.000000,0.029208,19.077416
187,0.940000,18.781791,0.024459,0.000000,0.030292,19.201250
188,0.945000,18.641125,0.023625,0.000000,0.028917,19.061375
189,0.950000,18.574917,0.023542,0.000000,0.028667,18.996708
190,0.955000,18.483583,0.023583,0.000000,0.028792,18.901459
191,0.960000,19.451667,0.026625,0.000000,0.042583,19.908458
192,0.965000,23.743209,0.026667,0.000000,0.045333,24.247625
193,0.970000,19.836458,0.027125,0.000000,0.042500,20.331000
194,0.975000,19.448292,0.025750,0.000000,0.040834,19.928458
195,0.980000,21.592042,0.026958,0.000000,0.048459,22.089666
196,0.985000,23.680000,0.027875,0.000000,0.047375,24.198916
197,0.990000,20.811000,0.027542,0.000000,0.045458,21.329750
198,0.995000,21.857875,0.063000,0.000000,0.088458,22.477500
199,1.000000,26.321959,0.028333,0.000000,0.044500,26.879125
200,1.005000,21.795958,0.028209,0.000000,0.042000,22.314208
201,1.010000,21.882791,0.055250,0.000000,0.075041,22.463875
202,1.015000,27.335500,0.029750,0.000000,0.047208,28.185458
203,1.020000,22.689250,0.030250,0.000000,0.047292,23.235666
204,1.025000,23.263750,0.032875,0.000000,0.052667,23.837125
205,1.030000,29.932250,0.032084,0.000000,0.050083,30.516375
206,1.035000,25.741042,0.034042,0.000000,0.053833,26.342542
207,1.040000,25.520917,0.032584,0.000000,0.045459,26.112750
208,1.045000,25.314958,0.032334,0.000000,0.040000,25.873625
209,1.050000,25.131166,0.030458,0.000000,0.039500,25.689750
210,1.055000,23.519917,0.030042,0.000000,0.036750,24.037416
211,1.060000,23.531458,0.030625,0.000000,0.037375,24.051292
212,1.065000,23.542791,0.029959,0.000000,0.036583,24.057917
213,1.070000,23.610334,0.029958,0.000000,0.036792,24.127791
214,1.075000,23.677750,0.029750,0.000000,0.036459,24.196000
215,1.080000,23.582458,0.029917,0.000000,0.036416,24.100958
216,1.085000,23.613708,0.029958,0.000000,0.036625,24.133416
217,1.090000,23.736208,0.030250,0.000000,0.036709,24.256209
218,1.095000,23.430417,0.030041,0.000000,0.036333,23.944916
219,1.100000,23.427958,0.028667,0.000000,0.034708,23.936500
220,1.105000,22.513458,0.028458,0.000000,0.034750,23.003250
221,1.110000,22.489667,0.028417,0.000000,0.034542,22.979542
222,1.115000,22.472375,0.028458,0.000000,0.034333,22.961541
223,1.120000,22.367041,0.028875,0.000000,0.034917,22.858083
224,1.125000,22.454000,0.028791,0.000000,0.034708,22.942500
225,1.130000,22.459291,0.029208,0.000000,0.035334,22.951291
226,1.135000,22.318666,0.028792,0.000000,0.034875,22.811417
227,1.140000,22.552125,0.028667,0.000000,0.034792,23.043083
228,1.145000,22.371541,0.028542,0.000000,0.034667,22.861666
229,1.150000,22.567042,0.028708,0.000000,0.034834,23.057583
230,1.155000,22.541000,0.028792,0.000000,0.036583,23.036625
231,1.160000,22.419792,0.028584,0.000000,0.034833,22.912166
232,1.165000,22.418375,0.028834,0.000000,0.035000,22.908500
233,1.170000,22.624791,0.028417,0.000000,0.034500,23.115542
234,1.175000,22.547750,0.029417,0.000000,0.035417,23.041750
235,1.180000,22.498542,0.028834,0.000000,0.035125,22.992500
236,1.185000,22.439125,0.028666,0.000000,0.034709,22.930709
237,1.190000,22.717583,0.028916,0.000000,0.035167,23.209959
238,1.195000,22.743833,0.030667,0.000000,0.037833,23.246167
239,1.200000,22.687709,0.028875,0.000000,0.034917,23.202584
240,1.205000,22.353208,0.029292,0.000000,0.035250,22.846083
241,1.210000,23.171875,0.028208,0.000000,0.034625,23.664583
242,1.215000,22.389250,0.028250,0.000000,0.034500,22.878625
243,1.220000,22.250875,0.028541,0.000000,0.034625,22.742125
244,1.225000,23.212833,0.029333,0.000000,0.035417,23.708250
245,1.230000,22.330250,0.028583,0.000000,0.034667,22.822333
246,1.235000,22.888959,0.029000,0.000000,0.035083,23.378708
247,1.240000,23.466041,0.030125,0.000000,0.036458,23.963542
248,1.245000,23.698792,0.029833,0.000000,0.036916,24.213625
249,1.250000,23.648750,0.030125,0.000000,0.036583,24.165292
250,1.255000,23.617250,0.029958,0.000000,0.036292,24.133666
251,1.260000,23.878625,0.030041,0.000000,0.036500,24.395042
252,1.265000,23.393792,0.030000,0.000000,0.036250,23.911458
253,1.270000,23.454625,0.030042,0.000000,0.036333,23.973500
254,1.275000,23.173209,0.029750,0.000000,0.036708,23.693833
255,1.280000,23.384000,0.030250,0.000000,0.037084,23.903292
256,1.285000,23.506459,0.030458,0.000000,0.037000,24.027333
257,1.290000,23.159041,0.030250,0.000000,0.036875,23.674875
258,1.295000,23.298833,0.029875,0.000000,0.036375,23.815250
259,1.300000,23.393000,0.029375,0.000000,0.035833,24.009375
260,1.305000,23.409375,0.029750,0.000000,0.036042,23.930542
261,1.310000,23.162584,0.030833,0.000000,0.037125,23.676500
262,1.315000,23.181542,0.029666,0.000000,0.036000,23.700292
263,1.320000,22.479750,0.028708,0.000000,0.034791,22.991459
264,1.325000,21.937125,0.028792,0.000000,0.034917,22.430875
265,1.330000,22.223583,0.028917,0.000000,0.034917,22.718541
266,1.335000,22.111958,0.028375,0.000000,0.034458,22.606834
267,1.340000,21.955834,0.028250,0.000000,0.034334,22.446375
268,1.345000,21.938542,0.028458,0.000000,0.034500,22.427667
269,1.350000,22.324666,0.028416,0.000000,0.034542,22.818792
270,1.355000,22.067375,0.028333,0.000000,0.034333,22.557417
271,1.360000,22.313041,0.028959,0.000000,0.035000,22.806958
272,1.365000,22.246375,0.028959,0.000000,0.034833,22.739708
273,1.370000,22.308875,0.029000,0.000000,0.036541,22.820750
274,1.375000,22.052666,0.028458,0.000000,0.034458,22.546792
275,1.380000,22.380584,0.028583,0.000000,0.034750,22.870375
276,1.385000,22.440459,0.028333,0.000000,0.034417,22.930042
277,1.390000,22.453458,0.028666,0.000000,0.034750,22.947750
278,1.395000,22.279959,0.028666,0.000000,0.034833,22.768541
279,1.400000,22.170583,0.028667,0.000000,0.034708,22.657500
280,1.405000,22.447125,0.028042,0.000000,0.034000,22.937000
281,1.410000,21.976459,0.028708,0.000000,0.035667,22.478708
282,1.415000,22.657541,0.029000,0.000000,0.035000,23.151000
283,1.420000,22.323250,0.028917,0.000000,0.035000,22.816792
284,1.425000,22.146834,0.028542,0.000000,0.034709,22.636750
285,1.430000,22.236000,0.028625,0.000000,0.034667,22.730625
286,1.435000,22.025750,0.028875,0.000000,0.034875,22.520541
287,1.440000,21.970792,0.028833,0.000000,0.034833,22.461583
288,1.445000,21.629250,0.027375,0.000000,0.033042,22.117416
289,1.450000,21.329459,0.027166,0.000000,0.034166,21.810458
290,1.455000,21.256375,0.027167,0.000000,0.033500,21.725000
291,1.460000,21.372875,0.027959,0.000000,0.034458,21.845042
292,1.465000,21.198750,0.027542,0.000000,0.033416,21.671958
293,1.470000,21.186084,0.027083,0.000000,0.032875,21.658125
294,1.475000,21.099791,0.027125,0.000000,0.032916,21.571000
295,1.480000,21.095625,0.027334,0.000000,0.034166,21.570625
296,1.485000,21.240584,0.027208,0.000000,0.033625,21.711125
297,1.490000,21.288042,0.027167,0.000000,0.033000,21.756458
298,1.495000,21.274792,0.027125,0.000000,0.033000,21.742750
299,1.500000,21.145291,0.027375,0.000000,0.033083,21.614625
300,1.505000,21.281667,0.027250,0.000000,0.033125,21.751458
301,1.510000,21.218417,0.027209,0.000000,0.033125,21.710291
302,1.515000,21.315083,0.027458,0.000000,0.033167,21.786583
303,1.520000,21.645875,0.027708,0.000000,0.033583,22.119750
304,1.525000,21.030292,0.027000,0.000000,0.032666,21.498333
305,1.530000,21.112500,0.027417,0.000000,0.033250,21.584750
306,1.535000,21.080958,0.026875,0.000000,0.032625,21.556959
307,1.540000,21.183333,0.027000,0.000000,0.032750,21.656834
308,1.545000,21.374250,0.027083,0.000000,0.033042,21.849541
309,1.550000,21.252833,0.027458,0.000000,0.033375,21.729084
310,1.555000,21.384166,0.027833,0.000000,0.033667,21.854167
311,1.560000,21.387541,0.027333,0.000000,0.033292,21.859958
312,1.565000,21.278834,0.027583,0.000000,0.033333,21.746834
313,1.570000,21.349125,0.026834,0.000000,0.032667,21.820000
314,1.575000,21.312666,0.027500,0.000000,0.033167,21.781458
315,1.580000,21.382125,0.027875,0.000000,0.033708,21.850042
316,1.585000,21.398583,0.027583,0.000000,0.033375,21.871458
317,1.590000,21.442250,0.026875,0.000000,0.032709,21.915333
318,1.595000,21.431583,0.027542,0.000000,0.033542,21.901666
319,1.600000,21.507208,0.027208,0.000000,0.033042,21.978959
320,1.605000,21.158750,0.027542,0.000000,0.033500,21.626834
321,1.610000,21.309250,0.027875,0.000000,0.033792,21.780125
322,1.615000,21.229875,0.027209,0.000000,0.033083,21.699417
323,1.620000,21.262958,0.027125,0.000000,0.033000,21.729500
324,1.625000,20.606750,0.026459,0.000000,0.031917,21.071875
325,1.630000,20.579584,0.026084,0.000000,0.031833,21.031583
326,1.635000,20.486417,0.025834,0.000000,0.031417,20.937334
327,1.640000,20.449750,0.026500,0.000000,0.032917,20.902375
328,1.645000,20.458458,0.026375,0.000000,0.032000,20.912500
329,1.650000,20.584166,0.026708,0.000000,0.032375,21.038375
330,1.655000,20.431458,0.026166,0.000000,0.031792,20.884583
331,1.660000,20.564291,0.026208,0.000000,0.031834,21.022042
332,1.665000,20.501792,0.026167,0.000000,0.031792,20.954083
333,1.670000,20.467125,0.026333,0.000000,0.031834,20.918875
334,1.675000,20.627791,0.026792,0.000000,0.032375,21.080625
335,1.680000,20.671625,0.027791,0.000000,0.042542,21.156042
336,1.685000,22.368875,0.029042,0.000000,0.045958,22.879333
337,1.690000,20.963917,0.026625,0.000000,0.035500,21.452167
338,1.695000,21.027417,0.026584,0.000000,0.032792,21.491500
339,1.700000,20.851584,0.025833,0.000000,0.031833,21.304333
340,1.705000,20.912291,0.026042,0.000000,0.031667,21.364292
341,1.710000,20.976209,0.025959,0.000000,0.031667,21.428250
342,1.715000,20.857125,0.025833,0.000000,0.031625,21.307417
343,1.720000,20.820084,0.026125,0.000000,0.031792,21.271000
344,1.725000,20.694792,0.025500,0.000000,0.031042,21.144667
345,1.730000,20.124292,0.024958,0.000000,0.030375,20.575125
346,1.735000,20.018292,0.025250,0.000000,0.030708,20.456291
347,1.740000,20.023042,0.025375,0.000000,0.030875,20.466000
348,1.745000,20.108583,0.026125,0.000000,0.032459,20.550083
349,1.750000,20.059375,0.025500,0.000000,0.030959,20.497042
350,1.755000,20.115292,0.025209,0.000000,0.030708,20.551042
351,1.760000,19.995250,0.025333,0.000000,0.030958,20.429417
352,1.765000,19.962584,0.027875,0.000000,0.033500,20.400458
353,1.770000,19.908041,0.025333,0.000000,0.030875,20.343125
354,1.775000,19.982375,0.025042,0.000000,0.030500,20.417584
355,1.780000,19.975834,0.025125,0.000000,0.030417,20.410542
356,1.785000,20.186208,0.025042,0.000000,0.030541,20.621292
357,1.790000,19.886917,0.025625,0.000000,0.030958,20.324292
358,1.795000,19.872959,0.024875,0.000000,0.030250,20.322791
359,1.800000,19.909709,0.025333,0.000000,0.030708,20.341875
360,1.805000,19.947083,0.025458,0.000000,0.030792,20.381416
361,1.810000,19.949834,0.025500,0.000000,0.030875,20.387750
362,1.815000,19.914333,0.025250,0.000000,0.030583,20.347125
363,1.820000,19.893791,0.025083,0.000000,0.030584,20.327167
364,1.825000,19.818166,0.025250,0.000000,0.030708,20.251500
365,1.830000,19.989292,0.025375,0.000000,0.030833,20.424416
366,1.835000,19.807709,0.024916,0.000000,0.030583,20.241000
367,1.840000,19.724083,0.025167,0.000000,0.030542,20.159417
368,1.845000,19.631750,0.025000,0.000000,0.030292,20.061792
369,1.850000,19.476125,0.024417,0.000000,0.029709,19.900542
370,1.855000,19.559917,0.024542,0.000000,0.030000,19.987916
371,1.860000,19.576541,0.024959,0.000000,0.030416,20.003041
372,1.865000,19.552084,0.024708,0.000000,0.030000,19.979416
373,1.870000,19.532708,0.024792,0.000000,0.030166,19.959042
374,1.875000,19.522459,0.024708,0.000000,0.030084,19.951709
375,1.880000,19.604000,0.027292,0.000000,0.033375,20.035750
376,1.885000,19.576667,0.025000,0.000000,0.030292,20.004917
377,1.890000,19.633791,0.024375,0.000000,0.029792,20.060167
378,1.895000,19.453375,0.024459,0.000000,0.029625,19.880958
379,1.900000,19.372542,0.024750,0.000000,0.030167,19.797708
380,1.905000,19.484833,0.025041,0.000000,0.030250,19.912708
381,1.910000,19.386000,0.023958,0.000000,0.029208,19.815000
382,1.915000,19.512834,0.024709,0.000000,0.029917,19.939083
383,1.920000,19.465666,0.024833,0.000000,0.030209,19.892750
384,1.925000,19.306208,0.023792,0.000000,0.028917,19.730166
385,1.930000,19.252500,0.024916,0.000000,0.030250,19.681250
386,1.935000,19.174333,0.024667,0.000000,0.030292,19.601291
387,1.940000,19.306625,0.024625,0.000000,0.030042,19.730834
388,1.945000,19.243625,0.028000,0.000000,0.033208,19.668458
389,1.950000,19.247083,0.024500,0.000000,0.029792,19.668166
390,1.955000,19.325541,0.024709,0.000000,0.030250,19.750833
391,1.960000,19.201500,0.024750,0.000000,0.030167,19.623334
392,1.965000,19.378292,0.027792,0.000000,0.033125,19.804084
393,1.970000,19.270791,0.024459,0.000000,0.029791,19.692792
394,1.975000,19.243542,0.024833,0.000000,0.029916,19.665958
395,1.980000,19.045791,0.025084,0.000000,0.030334,19.472041
396,1.985000,19.098792,0.024416,0.000000,0.029625,19.524375
397,1.990000,19.154500,0.024500,0.000000,0.029875,19.577584
398,1.995000,19.243458,0.024542,0.000000,0.029875,19.665417
399,2.000000,19.079167,0.024625,0.000000,0.029916,19.503708
400,2.005000,19.252125,0.024042,0.000000,0.029292,19.671584
401,2.010000,18.779792,0.024042,0.000000,0.029333,19.197916
402,2.015000,18.924625,0.024333,0.000000,0.029541,19.344959
403,2.020000,19.037375,0.023958,0.000000,0.029250,19.454833
404,2.025000,18.874500,0.024667,0.000000,0.030000,19.301542
405,2.030000,18.911500,0.023834,0.000000,0.029167,19.328750
406,2.035000,18.806125,0.024208,0.000000,0.029416,19.223416
407,2.040000,18.965041,0.024042,0.000000,0.029375,19.382375
408,2.045000,19.095459,0.024333,0.000000,0.029625,19.518875
409,2.050000,19.117625,0.024416,0.000000,0.030292,19.535333
410,2.055000,18.991542,0.023792,0.000000,0.029125,19.407916
411,2.060000,19.056708,0.023625,0.000000,0.029041,19.474458
412,2.065000,18.997542,0.023625,0.000000,0.028791,19.411041
413,2.070000,18.934208,0.023791,0.000000,0.029167,19.349583
414,2.075000,18.916125,0.024500,0.000000,0.029750,19.344042
415,2.080000,19.028584,0.023792,0.000000,0.029167,19.443041
416,2.085000,18.820291,0.023750,0.000000,0.029000,19.236334
417,2.090000,18.798750,0.023791,0.000000,0.029042,19.212166
418,2.095000,18.981500,0.023958,0.000000,0.029583,19.400458
419,2.100000,18.836333,0.024083,0.000000,0.029250,19.250000
420,2.105000,18.962042,0.024292,0.000000,0.029916,19.377709
421,2.110000,18.925167,0.023958,0.000000,0.029208,19.339125
422,2.115000,18.986792,0.023875,0.000000,0.029125,19.400334
423,2.120000,18.903584,0.024375,0.000000,0.030000,19.330125
424,2.125000,18.852500,0.024083,0.000000,0.029417,19.273084
425,2.130000,18.978917,0.024041,0.000000,0.029458,19.395917
426,2.135000,18.724458,0.023666,0.000000,0.030083,19.143625
427,2.140000,19.069583,0.024125,0.000000,0.029375,19.489500
428,2.145000,18.775125,0.024083,0.000000,0.029417,19.193666
429,2.150000,18.821125,0.023625,0.000000,0.028875,19.254375
430,2.155000,18.811875,0.024125,0.000000,0.029458,19.228208
431,2.160000,18.813625,0.024208,0.000000,0.029500,19.244166
432,2.165000,18.521166,0.024292,0.000000,0.030125,18.937667
433,2.170000,18.704333,0.024375,0.000000,0.029875,19.124625
434,2.175000,18.827750,0.032917,0.000000,0.038500,19.256500
435,2.180000,18.668709,0.023709,0.000000,0.028875,19.082292
436,2.185000,18.721709,0.024125,0.000000,0.029459,19.144375
437,2.190000,18.721458,0.024125,0.000000,0.029417,19.147875
438,2.195000,18.616083,0.024500,0.000000,0.030667,19.036584
439,2.200000,18.848583,0.023625,0.000000,0.029042,19.266750
440,2.205000,18.689875,0.024292,0.000000,0.029500,19.106625
441,2.210000,18.767417,0.024417,0.000000,0.029542,19.185500
442,2.215000,18.773042,0.025042,0.000000,0.030459,19.193625
443,2.220000,18.765500,0.024250,0.000000,0.029458,19.189750
444,2.225000,18.976875,0.024583,0.000000,0.029750,19.398041
445,2.230000,18.945708,0.025084,0.000000,0.030625,19.376292
446,2.235000,19.147875,0.024750,0.000000,0.030083,19.579167
447,2.240000,18.970458,0.024500,0.000000,0.030042,19.394250
448,2.245000,18.964458,0.023917,0.000000,0.029291,19.387125
449,2.250000,19.024875,0.024334,0.000000,0.029625,19.448750
450,2.255000,18.834375,0.024500,0.000000,0.029750,19.260625
451,2.260000,18.938917,0.024750,0.000000,0.030167,19.367250
452,2.265000,18.917833,0.025333,0.000000,0.030625,19.351959
453,2.270000,18.977167,0.025042,0.000000,0.030375,19.407750
454,2.275000,18.853125,0.026833,0.000000,0.032041,19.296250
455,2.280000,18.620958,0.025500,0.000000,0.031292,19.048125
456,2.285000,19.046167,0.024500,0.000000,0.029709,19.479750
457,2.290000,19.063417,0.024250,0.000000,0.029667,19.487667
458,2.295000,19.169834,0.026083,0.000000,0.031667,19.601000
459,2.300000,18.749000,0.024083,0.000000,0.029291,19.192500
460,2.305000,18.643292,0.024500,0.000000,0.029666,19.063000
461,2.310000,18.910458,0.024750,0.000000,0.030083,19.336333
462,2.315000,18.814750,0.024583,0.000000,0.036750,19.245750
463,2.320000,18.941500,0.024416,0.000000,0.029833,19.362291
464,2.325000,18.986666,0.024834,0.000000,0.030250,19.411417
465,2.330000,18.991584,0.024417,0.000000,0.029625,19.425750
466,2.335000,18.947250,0.024500,0.000000,0.029750,19.368083
467,2.340000,19.191875,0.024750,0.000000,0.030000,19.621209
468,2.345000,18.981334,0.024542,0.000000,0.029875,19.410458
469,2.350000,18.931083,0.024417,0.000000,0.029583,19.355792
470,2.355000,18.887166,0.024750,0.000000,0.030042,19.306916
471,2.360000,18.940000,0.024333,0.000000,0.029542,19.367667
472,2.365000,18.871083,0.024459,0.000000,0.029666,19.292500
473,2.370000,19.014625,0.025958,0.000000,0.031625,19.457125
474,2.375000,18.761417,0.024125,0.000000,0.029375,19.203083
475,2.380000,18.814042,0.024334,0.000000,0.029625,19.233542
476,2.385000,18.881584,0.024125,0.000000,0.029375,19.304291
477,2.390000,18.872667,0.024500,0.000000,0.029792,19.297166
478,2.395000,18.804792,0.024500,0.000000,0.030250,19.243292
479,2.400000,18.981084,0.024125,0.000000,0.029542,19.402542
480,2.405000,19.240500,0.024667,0.000000,0.030000,19.675209
481,2.410000,18.903458,0.024542,0.000000,0.030125,19.326625
482,2.415000,19.018292,0.024292,0.000000,0.029500,19.441000
483,2.420000,18.893083,0.024542,0.000000,0.029834,19.315167
484,2.425000,18.893583,0.024875,0.000000,0.030208,19.322458
485,2.430000,18.974750,0.025167,0.000000,0.030541,19.405541
486,2.435000,19.136542,0.024500,0.000000,0.030167,19.573083
487,2.440000,18.975958,0.024541,0.000000,0.030125,19.399875
488,2.445000,19.176500,0.024292,0.000000,0.029542,19.602583
489,2.450000,19.038125,0.024708,0.000000,0.030250,19.463834
490,2.455000,18.976542,0.024958,0.000000,0.030292,19.406000
491,2.460000,19.190375,0.026542,0.000000,0.032167,19.620417
492,2.465000,18.802583,0.024292,0.000000,0.029709,19.250250
493,2.470000,18.818834,0.024708,0.000000,0.029834,19.236958
494,2.475000,18.951250,0.024458,0.000000,0.029833,19.375417
495,2.480000,18.911625,0.024375,0.000000,0.029583,19.335291
496,2.485000,18.926959,0.023792,0.000000,0.028958,19.349459
497,2.490000,19.299916,0.024333,0.000000,0.029500,19.718375
498,2.495000,18.884416,0.024333,0.000000,0.029458,19.302250
499,2.500000,18.828625,0.024625,0.000000,0.029750,19.249541
500,2.505000,19.130459,0.024375,0.000000,0.029708,19.553209
501,2.510000,18.882000,0.025042,0.000000,0.030375,19.309666
502,2.515000,18.975375,0.025917,0.000000,0.031500,19.409125
503,2.520000,19.042333,0.024375,0.000000,0.029583,19.486000
504,2.525000,18.859916,0.024875,0.000000,0.030084,19.280708
505,2.530000,18.947625,0.024167,0.000000,0.029791,19.375042
506,2.535000,18.889542,0.025416,0.000000,0.030666,19.315292
507,2.540000,19.004584,0.024666,0.000000,0.030000,19.442709
508,2.545000,18.828500,0.025375,0.000000,0.030458,19.253709
509,2.550000,18.921292,0.025375,0.000000,0.030875,19.351916
510,2.555000,19.406292,0.024375,0.000000,0.029708,19.848083
511,2.560000,18.754750,0.024250,0.000000,0.029625,19.181666
512,2.565000,18.818166,0.024209,0.000000,0.029375,19.246250
513,2.570000,18.871834,0.025209,0.000000,0.030750,19.295250
514,2.575000,19.118667,0.024625,0.000000,0.029958,19.554333
515,2.580000,18.914167,0.024417,0.000000,0.029666,19.340500
516,2.585000,19.192667,0.024458,0.000000,0.029667,19.620459
517,2.590000,19.252583,0.026083,0.000000,0.031625,19.683291
518,2.595000,18.812667,0.024375,0.000000,0.029500,19.257875
519,2.600000,18.872084,0.024000,0.000000,0.029083,19.290750
520,2.605000,18.885834,0.025000,0.000000,0.030291,19.304625
521,2.610000,18.968792,0.024459,0.000000,0.029792,19.404250
522,2.615000,18.986541,0.024375,0.000000,0.029584,19.409667
523,2.620000,19.018667,0.024833,0.000000,0.030125,19.439291
524,2.625000,18.869834,0.024875,0.000000,0.030250,19.295458
525,2.630000,18.979792,0.024500,0.000000,0.029959,19.416958
526,2.635000,19.115833,0.025708,0.000000,0.031291,19.541959
527,2.640000,18.909166,0.024583,0.000000,0.029708,19.353834
528,2.645000,18.771125,0.024084,0.000000,0.029209,19.194958
529,2.650000,18.826750,0.025458,0.000000,0.031708,19.249500
530,2.655000,19.274375,0.024584,0.000000,0.029875,19.711125
531,2.660000,18.916500,0.024333,0.000000,0.029667,19.347959
532,2.665000,19.280250,0.025875,0.000000,0.031458,19.708375
533,2.670000,18.779584,0.024167,0.000000,0.029333,19.213500
534,2.675000,18.868583,0.024000,0.000000,0.029208,19.286042
535,2.680000,18.759958,0.025125,0.000000,0.030375,19.181042
536,2.685000,19.031583,0.024375,0.000000,0.029709,19.462625
537,2.690000,18.837083,0.025167,0.000000,0.030500,19.270542
538,2.695000,18.929667,0.024500,0.000000,0.029917,19.352042
539,2.700000,19.365875,0.024333,0.000000,0.029750,19.788750
540,2.705000,18.822459,0.024792,0.000000,0.030000,19.240333
541,2.710000,18.842334,0.026916,0.000000,0.035750,19.284250
542,2.715000,18.969583,0.024833,0.000000,0.031125,19.398166
543,2.720000,18.999500,0.024875,0.000000,0.030625,19.423125
544,2.725000,19.103125,0.026208,0.000000,0.031875,19.532083
545,2.730000,18.849792,0.024458,0.000000,0.029750,19.292542
546,2.735000,18.858208,0.024417,0.000000,0.029750,19.278584
547,2.740000,18.905042,0.024916,0.000000,0.030084,19.323459
548,2.745000,18.975709,0.024709,0.000000,0.031084,19.400291
549,2.750000,19.221458,0.026791,0.000000,0.032666,19.649916
550,2.755000,18.566583,0.024083,0.000000,0.029125,19.009375
551,2.760000,18.736250,0.024167,0.000000,0.029500,19.150791
552,2.765000,18.928500,0.024375,0.000000,0.029583,19.344083
553,2.770000,18.697084,0.025208,0.000000,0.030708,19.120667
554,2.775000,19.375458,0.024250,0.000000,0.029834,19.810833
555,2.780000,18.832541,0.024875,0.000000,0.030084,19.250500
556,2.785000,18.846125,0.024292,0.000000,0.029584,19.271500
557,2.790000,19.240667,0.026250,0.000000,0.031834,19.668458
558,2.795000,18.737916,0.024250,0.000000,0.029375,19.186750
559,2.800000,18.747625,0.024458,0.000000,0.029667,19.164958
560,2.805000,18.909917,0.025041,0.000000,0.030292,19.335542
561,2.810000,18.910709,0.024292,0.000000,0.029583,19.341250
562,2.815000,18.898125,0.024458,0.000000,0.029625,19.320917
563,2.820000,19.254417,0.024333,0.000000,0.029708,19.671792
564,2.825000,18.712042,0.024500,0.000000,0.029750,19.133333
565,2.830000,18.764625,0.024583,0.000000,0.029833,19.188208
566,2.835000,18.816750,0.024292,0.000000,0.029875,19.237666
567,2.840000,19.183000,0.025958,0.000000,0.031584,19.605625
568,2.845000,18.946125,0.024417,0.000000,0.029750,19.389125
569,2.850000,18.927083,0.024916,0.000000,0.030292,19.349959
570,2.855000,19.100083,0.025291,0.000000,0.030709,19.531291
571,2.860000,19.371458,0.023750,0.000000,0.028917,19.800083
572,2.865000,18.740041,0.024958,0.000000,0.030292,19.160833
573,2.870000,19.357417,0.026250,0.000000,0.031792,19.796959
574,2.875000,18.702042,0.024583,0.000000,0.029750,19.148750
575,2.880000,18.746667,0.024416,0.000000,0.029666,19.168917
576,2.885000,18.815834,0.024291,0.000000,0.029416,19.238167
577,2.890000,18.939750,0.024500,0.000000,0.029708,19.358416
578,2.895000,18.956625,0.024125,0.000000,0.029250,19.380834
579,2.900000,18.922834,0.025041,0.000000,0.030292,19.344583
580,2.905000,19.183125,0.024250,0.000000,0.029542,19.616625
581,2.910000,18.943750,0.024625,0.000000,0.030750,19.368625
582,2.915000,19.363167,0.025875,0.000000,0.031500,19.799083
583,2.920000,18.643333,0.023791,0.000000,0.029250,19.086125
584,2.925000,18.791875,0.024333,0.000000,0.029500,19.211500
585,2.930000,18.928625,0.024791,0.000000,0.030167,19.351250
586,2.935000,18.978959,0.024125,0.000000,0.029459,19.405875
587,2.940000,18.784333,0.024167,0.000000,0.029292,19.206209
588,2.945000,18.809834,0.024625,0.000000,0.029750,19.233708
589,2.950000,19.391459,0.025917,0.000000,0.031625,19.831958
590,2.955000,18.651875,0.024334,0.000000,0.029500,19.090042
591,2.960000,18.742792,0.024125,0.000000,0.029292,19.158959
592,2.965000,18.887333,0.024333,0.000000,0.029792,19.305500
593,2.970000,18.798167,0.025500,0.000000,0.030833,19.281166
594,2.975000,19.018333,0.024375,0.000000,0.029750,19.453208
595,2.980000,19.275167,0.024291,0.000000,0.029792,19.714750
596,2.985000,18.503208,0.024250,0.000000,0.029459,18.918459
597,2.990000,18.885917,0.024791,0.000000,0.030250,19.307417
598,2.995000,18.738542,0.024625,0.000000,0.029792,19.168750
599,3.000000,19.017834,0.025958,0.000000,0.031541,19.446208
600,3.005000,18.681542,0.024291,0.000000,0.029458,19.122625
601,3.010000,18.721166,0.024209,0.000000,0.029500,19.142625
602,3.015000,18.910209,0.024625,0.000000,0.030125,19.336542
603,3.020000,19.017042,0.025459,0.000000,0.030834,19.466542
604,3.025000,18.940792,0.024000,0.000000,0.029125,19.390083
605,3.030000,18.863667,0.024500,0.000000,0.030208,19.282500
606,3.035000,18.670000,0.024625,0.000000,0.030208,19.091833
607,3.040000,18.888500,0.025125,0.000000,0.030625,19.312542
608,3.045000,18.932875,0.024333,0.000000,0.029708,19.362792
609,3.050000,18.904708,0.024709,0.000000,0.030083,19.329250
610,3.055000,19.271459,0.023833,0.000000,0.028959,19.695083
611,3.060000,18.846958,0.024542,0.000000,0.029792,19.264959
612,3.065000,18.983000,0.026542,0.000000,0.032125,19.423458
613,3.070000,18.580750,0.024709,0.000000,0.029959,19.027625
614,3.075000,18.628458,0.024417,0.000000,0.029500,19.061791
615,3.080000,19.192958,0.024917,0.000000,0.030333,19.613917
616,3.085000,18.954667,0.024875,0.000000,0.030167,19.382709
617,3.090000,19.106166,0.024250,0.000000,0.029750,19.534500
618,3.095000,19.045291,0.024417,0.000000,0.029834,19.472708
619,3.100000,19.357542,0.024792,0.000000,0.030166,19.784250
620,3.105000,19.046584,0.024750,0.000000,0.030000,19.472334
621,3.110000,19.114417,0.024625,0.000000,0.030000,19.551958
622,3.115000,18.979584,0.025000,0.000000,0.030458,19.412750
623,3.120000,19.362917,0.025500,0.000000,0.031000,19.795875
624,3.125000,19.496500,0.025541,0.000000,0.031084,19.942125
625,3.130000,19.522417,0.025292,0.000000,0.030750,19.954583
626,3.135000,19.573000,0.025292,0.000000,0.030666,20.007709
627,3.140000,19.372750,0.025042,0.000000,0.030666,19.805333
628,3.145000,19.283750,0.025333,0.000000,0.030834,19.718125
629,3.150000,19.539750,0.025125,0.000000,0.030542,19.972458
630,3.155000,19.339458,0.025167,0.000000,0.030625,19.773583
631,3.160000,19.500792,0.025542,0.000000,0.031000,19.934500
632,3.165000,19.419458,0.027833,0.000000,0.034250,19.861041
633,3.170000,19.735125,0.025167,0.000000,0.030666,20.170875
634,3.175000,19.502042,0.025000,0.000000,0.030333,19.936375
635,3.180000,19.737041,0.025250,0.000000,0.030833,20.169167
636,3.185000,19.590541,0.025166,0.000000,0.030583,20.023500
637,3.190000,19.590458,0.026125,0.000000,0.031667,20.021875
638,3.195000,19.582750,0.024667,0.000000,0.030000,20.024167
639,3.200000,19.604084,0.025375,0.000000,0.030833,20.037500
640,3.205000,19.564000,0.026167,0.000000,0.031583,20.004458
641,3.210000,19.598500,0.025375,0.000000,0.030750,20.044458
642,3.215000,19.490458,0.025208,0.000000,0.030584,19.923458
643,3.220000,19.606208,0.026000,0.000000,0.032250,20.044750
644,3.225000,19.409750,0.025250,0.000000,0.030625,19.853000
645,3.230000,19.559625,0.025917,0.000000,0.031458,19.996208
646,3.235000,19.474292,0.025375,0.000000,0.030750,19.922292
647,3.240000,19.431000,0.025125,0.000000,0.030542,19.864375
648,3.245000,19.804292,0.025375,0.000000,0.030875,20.238334
649,3.250000,19.550209,0.025542,0.000000,0.031000,19.983584
650,3.255000,19.615459,0.025958,0.000000,0.031709,20.051125
651,3.260000,19.620333,0.025416,0.000000,0.030833,20.057125
652,3.265000,19.516917,0.025250,0.000000,0.030666,19.956458
653,3.270000,19.778750,0.025416,0.000000,0.030833,20.220500
654,3.275000,19.398209,0.025459,0.000000,0.030875,19.833708
655,3.280000,19.469292,0.025166,0.000000,0.030458,19.914416
656,3.285000,19.553792,0.025000,0.000000,0.030416,19.995500
657,3.290000,19.623333,0.025417,0.000000,0.030709,20.065959
658,3.295000,19.575541,0.026292,0.000000,0.031791,20.020500
659,3.300000,19.500584,0.025417,0.000000,0.030833,19.950959
660,3.305000,19.405417,0.025875,0.000000,0.031333,19.846042
661,3.310000,19.665958,0.025375,0.000000,0.030708,20.106416
662,3.315000,19.663584,0.025333,0.000000,0.030750,20.112167
663,3.320000,19.563083,0.026292,0.000000,0.031834,20.000833
664,3.325000,19.680458,0.025250,0.000000,0.030792,20.125583
665,3.330000,19.495500,0.025000,0.000000,0.030375,19.933291
666,3.335000,19.543083,0.025958,0.000000,0.031625,19.982125
667,3.340000,19.545959,0.025167,0.000000,0.030625,19.992292
668,3.345000,19.444583,0.024958,0.000000,0.030333,19.884083
669,3.350000,19.591833,0.026792,0.000000,0.032458,20.033542
670,3.355000,19.406917,0.025250,0.000000,0.030667,19.855750
671,3.360000,19.599458,0.026084,0.000000,0.031708,20.035542
672,3.365000,19.541875,0.025375,0.000000,0.030917,19.990083
673,3.370000,19.474875,0.025333,0.000000,0.030834,19.909917
674,3.375000,19.759250,0.025209,0.000000,0.030792,20.196583
675,3.380000,19.866625,0.026125,0.000000,0.031833,20.307209
676,3.385000,20.538167,0.027792,0.000000,0.049458,21.051625
677,3.390000,25.992833,0.028708,0.000000,0.048000,26.538250
678,3.395000,21.960542,0.029458,0.000000,0.046000,22.497666
679,3.400000,21.759625,0.028250,0.000000,0.045333,22.291833
680,3.405000,27.384084,0.030792,0.000000,0.051166,27.996792
681,3.410000,22.896208,0.030042,0.000000,0.049667,23.461417
682,3.415000,22.674208,0.030333,0.000000,0.050292,23.244000
683,3.420000,27.882583,0.032042,0.000000,0.056083,28.465208
684,3.425000,24.589042,0.031500,0.000000,0.049291,25.178250
685,3.430000,24.149792,0.034000,0.000000,0.055916,24.733791
686,3.435000,30.939042,0.033958,0.000000,0.054792,31.563541
687,3.440000,25.322542,0.034167,0.000000,0.052875,25.947791
688,3.445000,26.860292,0.036750,0.000000,0.059375,27.514500
689,3.450000,32.044875,0.036958,0.000000,0.060125,32.732959
690,3.455000,27.477584,0.036792,0.000000,0.056958,28.145250
691,3.460000,28.550916,0.036084,0.000000,0.052584,29.196916
692,3.465000,27.074250,0.035375,0.000000,0.044333,27.687250
693,3.470000,27.072041,0.035250,0.000000,0.044792,27.678042
694,3.475000,27.538458,0.034792,0.000000,0.042750,28.140209
695,3.480000,27.108292,0.032250,0.000000,0.039584,27.698750
696,3.485000,25.517583,0.032959,0.000000,0.045667,26.101125
697,3.490000,24.988208,0.031875,0.000000,0.040708,25.556250
698,3.495000,24.934459,0.030833,0.000000,0.038458,25.484750
699,3.500000,24.992000,0.031875,0.000000,0.038958,25.540708
700,3.505000,24.807792,0.032042,0.000000,0.039291,25.353709
701,3.510000,24.858375,0.031833,0.000000,0.038750,25.403500
702,3.515000,24.781750,0.031875,0.000000,0.039083,25.326833
703,3.520000,23.398084,0.029500,0.000000,0.035834,23.933042
704,3.525000,23.333083,0.029625,0.000000,0.036000,23.844875
705,3.530000,23.363292,0.030042,0.000000,0.036458,23.871875
706,3.535000,23.206417,0.029792,0.000000,0.036041,23.717791
707,3.540000,23.308958,0.030042,0.000000,0.036250,23.821667
708,3.545000,23.371042,0.029834,0.000000,0.036125,23.882542
709,3.550000,23.194292,0.029667,0.000000,0.035959,23.703500
710,3.555000,23.105084,0.029958,0.000000,0.036167,23.619000
711,3.560000,23.441000,0.029667,0.000000,0.036084,23.953584
712,3.565000,23.208209,0.030042,0.000000,0.036334,23.718834
713,3.570000,23.226125,0.030083,0.000000,0.036375,23.738250
714,3.575000,23.059542,0.028042,0.000000,0.033959,23.565458
715,3.580000,22.073334,0.028333,0.000000,0.034167,22.560833
716,3.585000,22.205000,0.028750,0.000000,0.034625,22.691791
717,3.590000,22.159250,0.028167,0.000000,0.034125,22.642167
718,3.595000,22.079417,0.028292,0.000000,0.034083,22.562042
719,3.600000,22.103166,0.027916,0.000000,0.033791,22.584709
720,3.605000,22.120833,0.028292,0.000000,0.035625,22.610125
721,3.610000,22.002084,0.028583,0.000000,0.034625,22.489750
722,3.615000,22.116125,0.028041,0.000000,0.034000,22.602875
723,3.620000,22.095375,0.028208,0.000000,0.034125,22.578625
724,3.625000,21.971416,0.028458,0.000000,0.034709,22.454541
725,3.630000,22.156167,0.028333,0.000000,0.034542,22.643208
726,3.635000,22.002250,0.028292,0.000000,0.034292,22.491791
727,3.640000,22.134375,0.028458,0.000000,0.034459,22.619833
728,3.645000,22.100583,0.028000,0.000000,0.034084,22.584708
729,3.650000,22.183583,0.027750,0.000000,0.033875,22.669625
730,3.655000,21.959625,0.028292,0.000000,0.035042,22.445625
731,3.660000,22.367958,0.028000,0.000000,0.034166,22.852250
732,3.665000,22.198250,0.028500,0.000000,0.034750,22.680834
733,3.670000,22.039917,0.028000,0.000000,0.033959,22.520708
734,3.675000,21.986458,0.028000,0.000000,0.034125,22.471625
735,3.680000,22.109875,0.028584,0.000000,0.034584,22.592208
736,3.685000,21.990041,0.028166,0.000000,0.034166,22.474042
737,3.690000,21.955584,0.028042,0.000000,0.034042,22.435833
738,3.695000,21.887667,0.028333,0.000000,0.034375,22.369416
739,3.700000,21.901167,0.028083,0.000000,0.034125,22.382417
740,3.705000,22.015125,0.027792,0.000000,0.033791,22.496417
741,3.710000,22.084917,0.027958,0.000000,0.033917,22.567917
742,3.715000,22.084167,0.028250,0.000000,0.034209,22.566209
743,3.720000,22.097375,0.028208,0.000000,0.034208,22.579209
744,3.725000,22.062875,0.028917,0.000000,0.034916,22.548625
745,3.730000,21.901458,0.028458,0.000000,0.034542,22.388917
746,3.735000,22.070417,0.027750,0.000000,0.033750,22.551917
747,3.740000,21.036500,0.026875,0.000000,0.032625,21.497083
748,3.745000,20.948166,0.026708,0.000000,0.032416,21.406792
749,3.750000,21.139875,0.027000,0.000000,0.032791,21.608167
750,3.755000,21.138125,0.026834,0.000000,0.032583,21.598833
751,3.760000,21.096833,0.027083,0.000000,0.032833,21.558750
752,3.765000,21.165000,0.026625,0.000000,0.032417,21.625875
753,3.770000,21.147500,0.026834,0.000000,0.032584,21.613000
754,3.775000,21.042875,0.027708,0.000000,0.033500,21.506416
755,3.780000,21.109583,0.027084,0.000000,0.032750,21.575292
756,3.785000,21.138375,0.027000,0.000000,0.032917,21.600959
757,3.790000,21.071167,0.027209,0.000000,0.033209,21.535167
758,3.795000,21.011875,0.027042,0.000000,0.032750,21.472541
759,3.800000,20.941042,0.026750,0.000000,0.032417,21.404709
760,3.805000,20.976209,0.027291,0.000000,0.033167,21.440417
761,3.810000,21.025541,0.027041,0.000000,0.032667,21.489542
762,3.815000,21.039750,0.027750,0.000000,0.033625,21.499125
763,3.820000,21.057541,0.027666,0.000000,0.033416,21.522792
764,3.825000,21.138208,0.026959,0.000000,0.032709,21.613000
765,3.830000,21.015334,0.027375,0.000000,0.033875,21.486000
766,3.835000,21.200291,0.027250,0.000000,0.033125,21.666167
767,3.840000,21.176917,0.027041,0.000000,0.032917,21.639708
768,3.845000,21.067084,0.026958,0.000000,0.032875,21.534250
769,3.850000,21.134750,0.027250,0.000000,0.033209,21.597084
770,3.855000,21.058250,0.027167,0.000000,0.032833,21.530958
771,3.860000,20.961042,0.026750,0.000000,0.032417,21.422458
772,3.865000,21.035750,0.026000,0.000000,0.031500,21.495375
773,3.870000,20.455875,0.026917,0.000000,0.032375,20.912042
774,3.875000,20.327000,0.025875,0.000000,0.031458,20.780250
775,3.880000,20.278584,0.026209,0.000000,0.031916,20.732708
776,3.885000,20.271583,0.025625,0.000000,0.031208,20.721625
777,3.890000,20.221083,0.026042,0.000000,0.031667,20.672166
778,3.895000,20.247541,0.026375,0.000000,0.032375,20.695958
779,3.900000,20.346625,0.025917,0.000000,0.032708,20.798125
780,3.905000,20.226208,0.025917,0.000000,0.031958,20.680375
781,3.910000,20.014875,0.025542,0.000000,0.031041,20.462167
782,3.915000,19.636833,0.025458,0.000000,0.030834,20.072042
783,3.920000,19.710917,0.025375,0.000000,0.030708,20.149625
784,3.925000,19.596542,0.025583,0.000000,0.030958,20.031875
785,3.930000,19.642250,0.025291,0.000000,0.030666,20.077542
786,3.935000,19.569709,0.028292,0.000000,0.034084,20.010125
787,3.940000,19.508417,0.025500,0.000000,0.030792,19.944750
788,3.945000,19.631084,0.025083,0.000000,0.030333,20.062541
789,3.950000,19.544917,0.025125,0.000000,0.030541,19.979000
790,3.955000,19.653708,0.025000,0.000000,0.030291,20.086583
791,3.960000,19.597417,0.025042,0.000000,0.030375,20.031833
792,3.965000,19.639750,0.025625,0.000000,0.030916,20.072291
793,3.970000,19.583583,0.025000,0.000000,0.030250,20.024292
794,3.975000,19.626833,0.025000,0.000000,0.030458,20.057208
795,3.980000,19.566666,0.024750,0.000000,0.030167,19.999000
796,3.985000,19.458708,0.025333,0.000000,0.030667,19.890958
797,3.990000,19.673333,0.025167,0.000000,0.030458,20.112833
798,3.995000,19.543334,0.025208,0.000000,0.030625,19.975208
799,4.000000,19.506041,0.025000,0.000000,0.030250,19.939708
