scene,s,arm,iterations,w_r,w_row,L,a_tilde,rho,v,dE_pred,dE_meas,dE_be,modal_ke,modal_pe,reldiff_sym,reldiff_be,sign_agree,sign_agree_be,band,passive_meas,passive_be,n_contacts,n_active_support,valid,runner_gap,preflight_res,preflight_ok,r1_ok,r1_res,e_modal_trail_peak,reason,wall_s
dinner,1e-07,implicit,1,1.0023931314125243,1.15068501419917,0.00010277360795953008,0.000144,8.925576153168157e-05,-1.0,-0.43452377149412436,-0.26731641769588066,-0.4347455262539057,0.22323881141070018,3.6340270446079486e-05,0.384805998583911,0.000510339765805807,,,False,True,True,0,1,True,50.001,3.049318610115481e-20,True,,,0.2222054452413404,,0.0899884169921279
dinner,7.498942093324558e-07,implicit,1,1.0023931314125243,1.1495247216268802,0.0007706933348105562,0.000144,0.000669323787221666,-1.0,-0.4349623655315148,-0.27004646451146996,-0.43536695484311494,0.22042732044219326,0.00023084963597808789,0.37914981637209255,0.0009301708461736586,,,False,True,True,0,1,True,50.001,5.082197683525802e-21,True,,,0.21838477893830027,,0.08960599999409169
dinner,5.623413251903491e-06,implicit,1,1.0023931314125243,1.1456523560551741,0.005779384689455556,0.000144,0.005019220322059961,-1.0,-0.43643256129138835,-0.27729853504136726,-0.4369682908514103,0.21289300774672376,0.0008864778187351002,0.3646245499628836,0.001227519684683364,,,False,True,True,0,1,True,50.001,1.1858461261560205e-20,True,,,0.21166642330477903,,0.08982795791234821
dinner,4.216965034285822e-05,implicit,1,1.0023931314125243,1.1390714448675772,0.04333927112127375,0.000144,0.03763884254876548,-1.0,-0.4389540219483741,-0.2852149190410507,-0.43925037236369313,0.2053806044301904,0.0011027318114400322,0.350239649758591,0.0006751286023161483,,,False,True,True,0,1,True,50.001,1.8634724839594607e-20,True,,,0.20598336970579417,,0.09132133307866752
dinner,0.00031622776601683794,implicit,1,1.0023931314125243,1.131691591565599,0.32499868450532515,0.000144,0.2822515007329529,-1.0,-0.4418164768856709,-0.2972275160410178,-0.44205757180128336,0.19310674101368733,0.002037271569101589,0.3272602277394657,0.0005456901863686272,,,False,True,True,0,1,True,50.001,1.6940658945086007e-21,True,,,0.19412639511854862,,0.0909105830360204
dinner,0.0023713737056616554,implicit,1,1.0023931314125243,1.1122276633760253,2.437146315512091,0.000144,2.116587659750368,-1.0,-0.4495482427610698,-0.33397310584330375,-0.449813291949952,0.15445358147553118,0.00559950611896428,0.2570917332651949,0.000589590089940749,,,False,True,True,0,1,True,50.001,5.082197683525802e-21,True,,,0.15923669899107432,,0.08980108296964318
dinner,0.01778279410038923,implicit,1,1.0023931314125243,1.0804370367073555,18.276019092984473,0.000144,15.872168295913353,-1.0,-0.4627756862578718,-0.3832000986620656,-0.46300258362907964,0.10640331328935211,0.006698835832154503,0.17195282716617138,0.0004902966554760015,,,False,True,True,0,1,True,50.001,5.082197683525802e-21,True,,,0.1125257743085861,,0.09214091708417982
dinner,0.1333521432163324,implicit,1,1.0023931314125243,1.0523464488738756,137.05080887478456,0.000144,119.02447094655615,-1.0,-0.4751286909129826,-0.4238742354335603,-0.47536988544807546,0.06866086668602032,0.005260505354264191,0.10787489044480647,0.0005076404344881639,,,False,True,True,0,1,True,50.001,1.6940658945086007e-21,True,,,0.07316258248643756,,0.09319587494246662
dinner,1.0,implicit,1,1.0023931314125243,1.034081251041841,1027.736079595301,0.000144,892.5576153168158,-1.0,-0.48352099006060023,-0.4489136103447082,-0.4838467260301762,0.04657748758062392,0.002970757590567019,0.07157368641132751,0.0006736749309169471,,,False,True,True,0,1,True,50.001,1.6940658945086007e-21,True,True,0.0,0.048165897272104935,,0.09092695801518857
dinner,1e-07,mass,1,1.0023931314125243,1.1511626872819667,0.00010277360795953008,0.000144,8.925576153168157e-05,-1.0,-0.43430469891138923,-0.2660341846052803,-0.43438811933265686,0.2244719129698356,3.8767656874860356e-05,0.3874480629104154,0.00019207809972291549,True,True,False,,,0,1,True,50.001,3.049318610115481e-20,True,,,0.22336972566384855,,0.09157116594724357
dinner,7.498942093324558e-07,mass,1,1.0023931314125243,1.1511626872819667,0.0007706933348105562,0.000144,0.000669323787221666,-1.0,-0.4340527501542656,-0.26578223584815674,-0.43413617057553333,0.2244719129698356,0.0002907164139984536,0.38767295967207727,0.00019218959271216548,True,True,False,,,0,1,True,50.001,5.082197683525802e-21,True,,,0.2219033727178775,,0.08986625005491078
dinner,5.623413251903491e-06,mass,1,1.0023931314125243,1.1511626872819667,0.005779384689455556,0.000144,0.005019220322059961,-1.0,-0.43216340101411066,-0.26389288670800193,-0.4322468214353785,0.2244719129698356,0.0021800655541533718,0.3893678037317521,0.00019302981481564857,True,True,False,,,0,1,True,50.001,1.1858461261560205e-20,True,,,0.22159307861297217,,0.08985670795664191
dinner,4.216965034285822e-05,mass,1,1.0023931314125243,1.1511626872819667,0.04333927112127375,0.000144,0.03763884254876548,-1.0,-0.41799528121801627,-0.24972476691190737,-0.41807870163928396,0.2244719129698356,0.016348185350247648,0.4025655835534255,0.00019957263877382872,True,True,False,,,0,1,True,50.001,1.8634724839594607e-20,True,,,0.239933970486096,,0.08982395892962813
dinner,0.00031622776601683794,mass,1,1.0023931314125243,1.1511626872819667,0.32499868450532515,0.000144,0.2822515007329529,-1.0,-0.3117493712958183,-0.1434788569897112,-0.3118327917170878,0.2244719129698356,0.122594095272444,0.5397621608880026,0.0002675880978451341,True,True,False,,,0,1,True,50.001,1.6940658945086007e-21,True,,,0.3205334087787072,,0.08940799999982119
dinner,0.0023713737056616554,mass,1,1.0023931314125243,1.1511626872819667,2.437146315512091,0.000144,2.116587659750368,-1.0,0.48498255486332026,0.6532530691694163,0.4848991344420397,0.2244719129698356,0.9193260214315715,0.3469619940319682,0.00017200705560239498,True,True,False,,,0,1,True,50.001,5.082197683525802e-21,True,,,0.9950903831271789,,0.08974824997130781
dinner,0.01778279410038923,mass,1,1.0023931314125243,1.1511626872819667,18.276019092984473,0.000144,15.872168295913353,-1.0,6.459629133033639,6.627899647339651,6.459545712612275,0.2244719129698356,6.893972599601806,0.02604956272884162,1.2914119316379251e-05,True,True,False,,,0,1,True,50.001,5.082197683525802e-21,True,,,6.684605499635768,,0.08956445893272758
dinner,0.1333521432163324,mass,1,1.0023931314125243,1.1511626872819667,137.05080887478456,0.000144,119.02447094655615,-1.0,51.26315785081256,51.43142836511796,51.26307443039058,0.2244719129698356,51.697501317380116,0.003282484368112932,1.6272977607568398e-06,True,True,False,,,0,1,True,50.001,1.6940658945086007e-21,True,,,39.519550224461305,,0.09072916710283607
dinner,1.0,mass,1,1.0023931314125243,1.1511626872819667,1027.736079595301,0.000144,892.5576153168158,-1.0,387.24222528204075,387.41049579634137,387.242141861614,0.2244719129698356,387.67656874860353,0.00043453555246476355,2.1542182460274023e-07,True,True,False,,,0,1,True,50.001,1.6940658945086007e-21,True,True,0.0,245.6990401708543,,0.09042699995916337
ledge,1e-07,implicit,1,0.07514061126615987,0.32590166674293986,0.013838435312738085,0.000144,0.0405088385431028,-1.0,-1.534204803145133,1.792130755862921,-1.5784574559771904,4.494117615786817,0.011658114265050933,2.1681170285668756,0.02884403225784404,,,False,False,True,0,1,True,50.001,2.541098841762901e-21,True,,,4.213130397997152,,0.007926249993033707
ledge,7.498942093324558e-07,implicit,1,0.07514061126615987,0.3027495171361354,0.10377362507244066,0.000144,0.30377343450256195,-1.0,-1.6515299238797727,1.6158962947991355,-1.7251740539796323,4.4547604650383565,0.053125654067814373,1.978423867127441,0.044591459733805405,,,False,False,True,0,1,True,50.001,0.0,True,,,4.19641394921777,,0.007983417017385364
ledge,5.623413251903491e-06,implicit,1,0.07514061126615987,0.25967595332814464,0.7781924052326061,0.000144,2.2779793948250324,-1.0,-1.9254761174699382,1.4257151290476884,-2.0009798737064166,4.568926670338806,0.14908137607068334,1.7404480980636976,0.039213031806226616,,,False,False,True,0,1,True,50.001,8.470329472543003e-21,True,,,4.925489102451299,,0.007855458068661392
ledge,4.216965034285822e-05,implicit,1,0.07514061126615987,0.2069743199467685,5.835619784304271,0.000144,17.082435571579435,-1.0,-2.4157574642061705,1.1779291539386882,-2.4661215913395473,4.858734327037647,0.27159220955285257,1.487602406860724,0.020848172003859123,,,False,False,True,0,1,True,50.001,8.470329472543003e-22,True,,,6.571840398891474,,0.008085416979156435
ledge,0.00031622776601683794,implicit,1,0.07514061126615987,0.1635963214524695,43.76097484115687,0.000144,128.1001951642218,-1.0,-3.056301076040843,0.8553268602110045,-3.0781753341117444,5.244669592430331,0.3166956807754404,1.279856872386081,0.007157101845227099,,,False,False,True,0,1,True,50.001,8.470329472543003e-22,True,,,6.721641922826773,,0.007844749954529107
ledge,0.0023713737056616554,implicit,1,0.07514061126615987,0.1303361211251288,328.16101628126836,0.000144,960.6159456800741,-1.0,-3.836230407190122,-0.38856122217834255,-3.8486749765386357,4.6134850058137244,0.45547627612313113,0.8987127515985289,0.0032439577469562607,,,False,True,True,0,1,True,50.001,8.470329472543003e-22,True,,,5.76002184573524,,0.007947750040329993
ledge,0.01778279410038923,implicit,1,0.07514061126615987,0.10184200705656321,2460.860458379769,0.000144,7203.603350579086,-1.0,-4.909555669980355,-2.936886021758717,-4.917331981919908,2.640594613548257,0.6164167304842864,0.40180207351219044,0.0015839135885761732,,,False,True,True,0,1,True,50.001,8.470329472543003e-22,True,,,3.308439102196242,,0.007886125007644296
ledge,0.1333521432163324,implicit,1,0.07514061126615987,0.08197057054750098,18453.850077142015,0.000144,54019.404389271316,-1.0,-6.099731391655034,-5.874911567862174,-6.10341598139577,0.3046725513781303,0.4284233759122568,0.036857331799959744,0.0006040577042092189,,,False,True,True,0,1,True,50.001,8.470329472543003e-22,True,,,0.7200160959348209,,0.007898790994659066
ledge,1.0,implicit,1,0.07514061126615987,0.07619242236116062,138384.3531273809,0.000144,405088.3854310281,-1.0,-6.562309023367896,-6.558471955030608,-6.564877666674242,0.008540948858180328,0.08797297144975161,0.0005847131434414595,0.0003914237042479024,,,False,True,True,0,1,True,50.001,0.0,True,True,0.0,0.09575537172346048,,0.007863542065024376
ledge,1e-07,mass,1,0.07514061126615987,0.3413272081974287,0.013838435312738085,0.000144,0.0405088385431028,-1.0,-1.4055296029477011,2.018744263290042,-1.405535669074986,4.565706576486705,0.05934017325069172,2.4362872607281245,4.315901473871218e-06,False,True,False,,,0,1,True,50.001,2.541098841762901e-21,True,,,4.237940095787019,,0.008443833095952868
ledge,7.498942093324558e-07,mass,1,0.07514061126615987,0.3413272081974287,0.10377362507244066,0.000144,0.30377343450256195,-1.0,-1.0198812531836081,2.404392613054135,-1.019887319310893,4.565706576486705,0.4449885230147841,3.3575221189218927,5.947876055173977e-06,False,True,False,,,0,1,True,50.001,0.0,True,,,4.358193246730835,,0.008167874999344349
ledge,5.623413251903491e-06,mass,1,0.07514061126615987,0.3413272081974287,0.7781924052326061,0.000144,2.2779793948250324,-1.0,1.872073390083503,5.296347256321237,1.872067323956209,4.565706576486705,3.3369431662818885,1.8291344155503413,3.2403255802727173e-06,True,True,False,,,0,1,True,50.001,8.470329472543003e-21,True,,,5.504859610787152,,0.008013042039237916
ledge,4.216965034285822e-05,mass,1,0.07514061126615987,0.3413272081974287,5.835619784304271,0.000144,17.082435571579435,-1.0,23.558673796464642,26.98294766270233,23.558667730337305,4.565706576486705,25.02354357266298,0.1453508756826352,2.5749018767959926e-07,True,True,False,,,0,1,True,50.001,8.470329472543003e-22,True,,,15.937523971072622,,0.008084041997790337
ledge,0.00031622776601683794,mass,1,0.07514061126615987,0.3413272081974287,43.76097484115687,0.000144,128.1001951642218,-1.0,186.18523444498567,189.609508311223,186.18522837885797,4.565706576486705,187.65010422118365,0.01839175848957643,3.258114272187706e-08,True,True,False,,,0,1,True,50.001,8.470329472543003e-22,True,,,29.436452344788183,,0.007963208016008139
ledge,0.0023713737056616554,mass,1,0.07514061126615987,0.3413272081974287,328.16101628126836,0.000144,960.6159456800741,-1.0,1405.7123955847792,1409.1366694510139,1405.712389518649,4.565706576486705,1407.1772653609746,0.0024359704566809105,4.315342365312604e-09,True,True,False,,,0,1,True,50.001,8.470329472543003e-22,True,,,898.3210581655364,,0.008002124959602952
ledge,0.01778279410038923,mass,1,0.07514061126615987,0.3413272081974287,2460.860458379769,0.000144,7203.603350579086,-1.0,10550.87595820858,10554.300232074796,10550.87595214243,4.565706576486705,10552.340827984757,0.0003245487748865005,5.749427445552534e-10,True,True,False,,,0,1,True,50.001,8.470329472543003e-22,True,,,6829.930619003166,,0.007958750007674098
ledge,0.1333521432163324,mass,1,0.07514061126615987,0.3413272081974287,18453.850077142015,0.000144,54019.404389271316,-1.0,79129.92794830617,79133.35222217225,79129.92794223988,4.565706576486705,79131.39281808221,4.3274067787856985e-05,7.666234713423115e-11,True,True,False,,,0,1,True,50.001,8.470329472543003e-22,True,,,96495.93813621008,,0.007942333002574742
ledge,1.0,mass,1,0.07514061126615987,0.3413272081974287,138384.3531273809,0.000144,405088.3854310281,-1.0,593400.2676371423,593403.6919110073,593400.2676310749,4.565706576486705,593401.7325069172,5.770597102329074e-06,1.0224886116849874e-11,True,True,False,,,0,1,True,50.001,0.0,True,True,0.0,967497.5611324213,,0.007911207969300449
shelf,1e-07,implicit,1,0.9261105482149443,3.4364405830331464,0.0232886503403291,0.000144,0.006651377112213019,-1.0,-0.1454993872411981,0.1672609983643607,-0.14676945456925106,0.41870727057814905,0.00033394592559440206,2.1495649674942467,0.008729021833937596,,,False,False,True,0,1,True,50.001,4.235164736271502e-21,True,,,0.41349267611467216,,0.008404250023886561
shelf,7.498942093324558e-07,implicit,1,0.9261105482149443,3.3852988964715216,0.17464024033381123,0.000144,0.04987829180534977,-1.0,-0.14769744545054256,0.168358486300896,-0.1486397037926328,0.4226642534580388,0.000676782007424318,2.139887597834398,0.006379652262880658,,,False,False,True,0,1,True,50.001,1.7787691892340307e-20,True,,,0.42085910990934805,,0.008424666011705995
shelf,5.623413251903491e-06,implicit,1,0.9261105482149443,3.324601719657143,1.309617049427534,0.000144,0.3740344219622627,-1.0,-0.1503939542910472,0.16756516180220515,-0.1511563916318477,0.4249620712454043,0.0014897192609035854,2.1141748522545503,0.005069600998222194,,,False,False,True,0,1,True,50.001,9.317362419797304e-21,True,,,0.4216708881095974,,0.00856337498407811
shelf,4.216965034285822e-05,implicit,1,0.9261105482149443,3.1524056270143195,9.820742418087642,0.000144,2.804862471205131,-1.0,-0.1586090300918373,0.15089532504176173,-0.15993505682589593,0.4144405091568771,0.0070694725220529775,1.9513665454885563,0.008360348293478849,,,False,False,True,0,1,True,50.001,1.2705494208814505e-20,True,,,0.5541413081869532,,0.008456167066469789
shelf,0.00031622776601683794,implicit,1,0.9261105482149443,2.6692612693736537,73.64517870669545,0.000144,21.033501251306504,-1.0,-0.1873177437824645,0.11241605759239715,-0.1887510426859027,0.4015561337043999,0.02049710169305314,1.6001356589205342,0.007651698523033295,,,False,False,True,0,1,True,50.001,4.235164736271502e-21,True,,,0.5524184011802505,,0.008416124968789518
shelf,0.0023713737056616554,implicit,1,0.9261105482149443,2.0737279759167224,552.2609305740478,0.000144,157.72900790341708,-1.0,-0.24111166141177914,0.0665979847852558,-0.24198379626831956,0.41144237473810047,0.02969694839016566,1.276212209709415,0.003617140918999166,,,False,False,True,0,1,True,50.001,2.541098841762901e-21,True,,,0.623938025187345,,0.00847137498203665
shelf,0.01778279410038923,implicit,1,0.9261105482149443,1.6623667137147287,4141.372738780319,0.000144,1182.8006967052563,-1.0,-0.30077599131634114,0.005972591893230295,-0.30142513569084084,0.4098636367787615,0.03011104527827628,1.0198572760647928,0.0021582320173187024,,,False,False,True,0,1,True,50.001,0.0,True,,,0.5175741135398804,,0.008467582985758781
shelf,0.1333521432163324,implicit,1,0.9261105482149443,1.3428797316715244,31055.914354986544,0.000144,8869.75393253666,-1.0,-0.3723341580481603,-0.14560015425259332,-0.37324038054564745,0.30352030172407235,0.03883050694909554,0.6089530033563013,0.002433895676501315,,,False,True,True,0,1,True,50.001,0.0,True,,,0.3818351187021786,,0.008444041945040226
shelf,1.0,implicit,1,0.9261105482149443,1.0982991303932397,232886.50340329096,0.000144,66513.77112213019,-1.0,-0.45524937384597264,-0.3699880752860132,-0.45620998943457636,0.11496255219808377,0.0418447761963216,0.18728482334784372,0.0021100865674748416,,,False,True,True,0,1,True,50.001,1.6940658945086007e-21,True,True,0.0,0.15592597120379983,,0.00848091603256762
shelf,1e-07,mass,1,0.9261105482149443,3.501039611926757,0.0232886503403291,0.000144,0.006651377112213019,-1.0,-0.141864807502245,0.1732176254406479,-0.14186666774000667,0.4201123909075391,0.0009499145737030238,2.2210049024167375,1.3112750049968856e-05,False,True,False,,,0,1,True,50.001,4.235164736271502e-21,True,,,0.40592055707511737,,0.009384875069372356
shelf,7.498942093324558e-07,mass,1,0.9261105482149443,3.501039611926757,0.17464024033381123,0.000144,0.04987829180534977,-1.0,-0.13569136769414397,0.17939106524874893,-0.13569322793190564,0.4201123909075391,0.00712335438180406,2.3220521562809107,1.3709330175350335e-05,False,True,False,,,0,1,True,50.001,1.7787691892340307e-20,True,,,0.4169194357523203,,0.008562500006519258
shelf,5.623413251903491e-06,mass,1,0.9261105482149443,3.501039611926757,1.309617049427534,0.000144,0.3740344219622627,-1.0,-0.0893971000565696,0.2256853328863233,-0.08939896029433125,0.4201123909075391,0.0534176220193784,3.5245263296405795,2.0808703643326993e-05,False,True,False,,,0,1,True,50.001,9.317362419797304e-21,True,,,0.458309131780547,,0.00845712493173778
shelf,4.216965034285822e-05,mass,1,0.9261105482149443,3.501039611926757,9.820742418087642,0.000144,2.804862471205131,-1.0,0.2577609322104695,0.5728433651533624,0.25775907197270786,0.4201123909075391,0.4005756542864174,1.2223824232821239,7.216911211701527e-06,True,True,False,,,0,1,True,50.001,1.2705494208814505e-20,True,,,0.6112239606794585,,0.008539042086340487
shelf,0.00031622776601683794,mass,1,0.9261105482149443,3.501039611926757,73.64517870669545,0.000144,21.033501251306504,-1.0,2.8610789134134955,3.1761613463563876,2.861077053175732,0.4201123909075391,3.003893635489442,0.11012713821548305,6.501875060710294e-07,True,True,False,,,0,1,True,50.001,4.235164736271502e-21,True,,,2.221985032583004,,0.008474000031128526
shelf,0.0023713737056616554,mass,1,0.9261105482149443,3.501039611926757,552.2609305740478,0.000144,157.72900790341708,-1.0,22.383209704965573,22.698292137908457,22.383207844727803,0.4201123909075391,22.526024427041513,0.014076731491863947,8.310862448084858e-08,True,True,False,,,0,1,True,50.001,2.541098841762901e-21,True,,,19.7401917668183,,0.008485125028528273
shelf,0.01778279410038923,mass,1,0.9261105482149443,3.501039611926757,4141.372738780319,0.000144,1182.8006967052563,-1.0,168.77853804912291,169.09362048206575,168.77853618888508,0.4201123909075391,168.9213527711988,0.0018668394488114699,1.102176764856667e-08,True,True,False,,,0,1,True,50.001,0.0,True,,,86.87512076631693,,0.008523416938260198
shelf,0.1333521432163324,mass,1,0.9261105482149443,3.501039611926757,31055.914354986544,0.000144,8869.75393253666,-1.0,1266.5886280351942,1266.9037104681368,1266.588626174956,0.4201123909075391,1266.7314427572699,0.00024876461541526064,1.468699568531911e-09,True,True,False,,,0,1,True,50.001,0.0,True,,,860.064348515539,,0.008456832962110639
shelf,1.0,mass,1,0.9261105482149443,3.501039611926757,232886.50340329096,0.000144,66513.77112213019,-1.0,9499.002922308164,9499.318004741106,9499.002920447925,0.4201123909075391,9499.14573703024,3.31700532697308e-05,1.9583514622164643e-10,True,True,False,,,0,1,True,50.001,1.6940658945086007e-21,True,True,0.0,6242.269527591232,,0.008394249947741628
shelf,1e-06,mass,2,0.9261105482149443,3.501039611926757,0.232886503403291,0.000144,0.0665137711221302,-1.0,-0.13331557633891777,-0.004867524554707181,-0.1465731990063066,0.3133195999324382,0.0034109365058446438,0.9634887033580168,0.09944541389285988,True,True,False,,,0,1,True,50.001,9.317362419797304e-21,True,,,0.0,,0.004327917005866766
shelf,1.5e-05,mass,2,0.9261105482149443,3.501039611926757,3.4932975510493653,0.000144,0.9977065668319531,-1.0,-0.000327536020494388,0.01855479777768032,-0.15039318783135824,0.3131798073265625,0.028878523010012314,57.64964039580568,458.16533883617564,False,True,True,,,0,1,True,50.001,1.7787691892340307e-20,True,,,0.0,,0.0038126249564811587
shelf,0.001,mass,2,0.9261105482149443,3.501039611926757,232.886503403291,0.000144,66.5137711221302,-1.0,9.356331014954293,2.158037471549351,0.8772317020968226,0.2961280077342897,2.200498732836143,0.7693500296109508,0.9062419124874125,True,True,False,,,0,1,True,50.001,8.470329472543003e-22,True,,,0.0,,0.003734583966434002
shelf,1e-06,mass,4,0.9261105482149443,3.501039611926757,0.232886503403291,0.000144,0.0665137711221302,-1.0,-0.13331557633891777,-0.08858874107406267,-0.14678127397559004,0.265567337860703,0.0014714260238032234,0.33549594498357466,0.10100618402188412,True,True,False,,,0,1,True,50.001,9.317362419797304e-21,True,,,0.0,,0.005021917051635683
shelf,1.5e-05,mass,4,0.9261105482149443,3.501039611926757,3.4932975510493653,0.000144,0.9977065668319531,-1.0,-0.000327536020494388,-0.0886985968872489,-0.15193503219400517,0.26629948121511887,0.004461014249511921,269.8056254495791,462.87274280450754,True,True,True,,,0,1,True,50.001,1.7787691892340307e-20,True,,,0.0,,0.0049157500034198165
shelf,0.001,mass,4,0.9261105482149443,3.501039611926757,232.886503403291,0.000144,66.5137711221302,-1.0,9.356331014954293,0.005623223892011087,-0.19616446543921828,0.23562101130992041,0.1615875002907913,0.9993989926304421,1.0209659603882852,True,False,False,,,0,1,True,50.001,8.470329472543003e-22,True,,,0.0,,0.004867875017225742
shelf,1e-06,mass,8,0.9261105482149443,3.501039611926757,0.232886503403291,0.000144,0.0665137711221302,-1.0,-0.13331557633891777,-0.10138597551586281,-0.14678142067039612,0.25827856195087395,0.0012347386347413207,0.239503902693882,0.10100728437947255,True,True,False,,,0,1,True,50.001,9.317362419797304e-21,True,,,0.0,,0.0072967089945450425
shelf,1.5e-05,mass,8,0.9261105482149443,3.501039611926757,3.4932975510493653,0.000144,0.9977065668319531,-1.0,-0.000327536020494388,-0.10357977011348396,-0.15193891690380967,0.25892457716381023,0.00285390991882637,315.23932524166054,462.8846032093529,True,True,True,,,0,1,True,50.001,1.7787691892340307e-20,True,,,0.0,,0.007209750008769333
shelf,0.001,mass,8,0.9261105482149443,3.501039611926757,232.886503403291,0.000144,66.5137711221302,-1.0,9.356331014954293,-0.13911797739850051,-0.2142106322781121,0.2227733633292545,0.042741064992356206,1.0148688601521416,1.0228947257141434,False,False,False,,,0,1,True,50.001,8.470329472543003e-22,True,,,0.0,,0.007188417017459869
