t,E_total,dE_step,contact_E
0,107.9994623,0,3.5578382e-10
0.0005,107.9989265,-5.357522e-04,7.1161201e-10
0.001,107.9983904,-5.361079e-04,1.5538962e-09
0.0015,107.9978528,-5.376296e-04,3.0468144e-09
0.002,107.9973132,-5.396113e-04,5.1784142e-09
0.0025,107.9967714,-5.418124e-04,7.8028871e-09
0.003,107.996227,-5.443266e-04,1.0668717e-08
0.0035,107.9956797,-5.473688e-04,1.3466835e-08
0.004,107.9951286,-5.510809e-04,1.5906574e-08
0.0045,107.9945732,-5.554448e-04,1.7782238e-08
0.005,107.9940128,-5.603069e-04,1.9008193e-08
0.0055,107.9934474,-5.654759e-04,1.9617157e-08
0.006,107.9928765,-5.708327e-04,1.9729989e-08
0.0065,107.9923001,-5.763991e-04,1.9512449e-08
0.007,107.9917178,-5.823415e-04,1.9133922e-08
0.0075,107.9911289,-5.889149e-04,1.8737561e-08
0.008,107.9905325,-5.963796e-04,1.8424429e-08
0.0085,107.9899276,-6.049233e-04,1.8249284e-08
0.009,107.9892504,-6.771561e-04,1.8170678e-08
0.0095,107.9886147,-6.357438e-04,1.6073009e-08
0.01,107.9879595,-6.551395e-04,1.68771e-08
0.0105,107.9872517,-7.078422e-04,8.6000375e-08
0.011,107.9865713,-6.804120e-04,4.9314013e-08
0.0115,107.985884,-6.873142e-04,4.6469303e-08
0.012,107.985185,-6.989459e-04,4.3787635e-08
0.0125,107.9844724,-7.126612e-04,3.8535046e-08
0.013,107.9837458,-7.265360e-04,3.359688e-08
0.0135,107.9830061,-7.397609e-04,3.0089489e-08
0.014,107.9822537,-7.523743e-04,2.7999175e-08
0.0145,107.9814891,-7.645876e-04,2.7005204e-08
0.015,107.9807127,-7.764408e-04,2.6786619e-08
0.0155,107.9799248,-7.878266e-04,2.7068494e-08
0.016,107.9791262,-7.986359e-04,2.7610867e-08
0.0165,107.9783174,-8.088440e-04,2.8227213e-08
0.017,107.9774989,-8.185027e-04,2.8820075e-08
0.0175,107.9766712,-8.276899e-04,2.9395345e-08
0.018,107.9758347,-8.364697e-04,3.0041281e-08
0.0185,107.9749898,-8.448780e-04,3.0886103e-08
0.019,107.9741369,-8.529244e-04,3.2055691e-08
0.0195,107.9732763,-8.605967e-04,3.364482e-08
0.02,107.9724084,-8.678615e-04,3.5704729e-08
0.0205,107.9715338,-8.746637e-04,3.8243994e-08
0.021,107.9706528,-8.809284e-04,4.1238503e-08
0.0215,107.9697663,-8.865657e-04,4.4646624e-08
0.022,107.9688748,-8.914796e-04,4.8425762e-08
0.0225,107.9679792,-8.955763e-04,5.254645e-08
0.023,107.9670804,-8.987729e-04,5.7000943e-08
0.0235,107.9661794,-9.010045e-04,6.1804899e-08
0.024,107.9652772,-9.022291e-04,6.6992689e-08
0.0245,107.9643748,-9.024300e-04,7.2608286e-08
0.025,107.9634732,-9.016154e-04,7.8694175e-08
0.0255,107.9625734,-8.998154e-04,8.52805e-08
0.026,107.9616763,-8.970774e-04,9.2376087e-08
0.0265,107.9607828,-8.934601e-04,9.9962373e-08
0.027,107.9598938,-8.890269e-04,1.0799079e-07
0.0275,107.9590099,-8.838406e-04,1.1638379e-07
0.028,107.958132,-8.779584e-04,1.2503921e-07
0.0285,107.9572606,-8.714286e-04,1.3383751e-07
0.029,107.9563963,-8.642882e-04,1.4265069e-07
0.0295,107.9555397,-8.565617e-04,1.5135193e-07
0.03,107.9546915,-8.482618e-04,1.5982449e-07
0.0305,107.9538521,-8.393907e-04,1.6796908e-07
0.031,107.9530221,-8.299429e-04,1.7570876e-07
0.0315,107.9522022,-8.199087e-04,1.8299134e-07
0.032,107.9513929,-8.092788e-04,1.8978908e-07
0.0325,107.9505949,-7.980477e-04,1.9609641e-07
0.033,107.9498087,-7.862182e-04,2.0192606e-07
0.0335,107.9490349,-7.738039e-04,2.0730442e-07
0.034,107.948274,-7.608316e-04,2.122667e-07
0.0345,107.9475267,-7.473413e-04,2.1685252e-07
0.035,107.9467933,-7.333865e-04,2.2110231e-07
0.0355,107.9460743,-7.190315e-04,2.2505468e-07
0.036,107.9453699,-7.043498e-04,2.2874498e-07
0.0365,107.9446805,-6.894202e-04,2.3220477e-07
0.037,107.9440062,-6.743241e-04,2.3546226e-07
0.0375,107.943347,-6.591416e-04,2.3854319e-07
0.038,107.9427031,-6.439491e-04,2.4147217e-07
0.0385,107.9420743,-6.288166e-04,2.4427392e-07
0.039,107.9414605,-6.138067e-04,2.469743e-07
0.0395,107.9408615,-5.989734e-04,2.4960098e-07
0.04,107.9402771,-5.843626e-04,2.5218349e-07
0.0405,107.9397071,-5.700128e-04,2.5475278e-07
0.041,76.65367875,-3.128603e+01,0.015537541
0.0415,61.04649708,-1.560718e+01,0.028118726
0.042,59.60190825,-1.444589e+00,0.0016252923
0.0425,58.20059807,-1.401310e+00,0.00031841982
0.043,56.94873896,-1.251859e+00,0.00069692361
0.0435,55.81167687,-1.137062e+00,0.00092176972
0.044,54.75060119,-1.061076e+00,0.0010001522
0.0445,53.73804697,-1.012554e+00,0.00096628016
0.045,52.76188181,-9.761652e-01,0.00086141517
0.0455,51.82153229,-9.403495e-01,0.00073013579
0.046,50.92297022,-8.985621e-01,0.00059734111
0.0465,50.07323191,-8.497383e-01,0.00047580703
0.047,49.27624789,-7.969840e-01,0.00037268675
0.0475,48.53082487,-7.454230e-01,0.00029104461
0.048,47.83069662,-7.001283e-01,0.0002303758
0.0485,47.16605267,-6.646439e-01,0.00018773721
0.049,46.5257744,-6.402783e-01,0.00015917289
0.0495,45.89966579,-6.261086e-01,0.00014073164
0.05,45.2801639,-6.195019e-01,0.00012888449
0.0505,44.66325971,-6.169042e-01,0.00012056517
0.051,44.04858355,-6.146762e-01,0.00011312938
0.0515,43.43878065,-6.098029e-01,0.00010441623
0.052,42.83841288,-6.003678e-01,9.2946184e-05
0.0525,42.25267823,-5.857346e-01,7.8175609e-05
0.053,41.68623839,-5.664398e-01,6.0678315e-05
0.0535,41.14238933,-5.438491e-01,4.2138536e-05
0.054,40.62270751,-5.196818e-01,2.5099447e-05
0.0545,40.12717588,-4.955316e-01,1.2488955e-05
0.055,39.65485289,-4.723230e-01,4.2020591e-06
0.0555,39.20640375,-4.484491e-01,0
0.056,38.78268856,-4.237152e-01,0
0.0565,38.38334901,-3.993396e-01,0
0.057,38.00755008,-3.757989e-01,0
0.0575,37.65361235,-3.539377e-01,0
0.058,37.31888716,-3.347252e-01,0
0.0585,36.99990159,-3.189856e-01,0
0.059,36.69272594,-3.071757e-01,0
0.0595,36.39346533,-2.992606e-01,0
0.06,36.0987575,-2.947078e-01,0
0.0605,35.80616898,-2.925885e-01,0
0.061,35.51441508,-2.917539e-01,0
0.0615,35.22337564,-2.910394e-01,0
0.062,34.93392605,-2.894496e-01,0
0.0625,34.64764039,-2.862857e-01,0
0.063,34.36644256,-2.811978e-01,0
0.0635,34.09227812,-2.741644e-01,0
0.064,33.82685918,-2.654189e-01,0
0.0645,33.57150446,-2.553547e-01,0
0.065,33.32706812,-2.444363e-01,0
0.0655,33.09393198,-2.331361e-01,0
0.066,32.8720307,-2.219013e-01,0
0.0665,32.66088681,-2.111439e-01,0
0.067,32.45964648,-2.012403e-01,0
0.0675,32.26712045,-1.925260e-01,0
0.068,32.08184219,-1.852783e-01,0
0.0685,31.90215419,-1.796880e-01,0
0.069,31.7263252,-1.758290e-01,0
0.0695,31.55268962,-1.736356e-01,0
0.07,31.3797907,-1.728989e-01,0
0.0705,31.20650437,-1.732863e-01,0
0.071,31.03212287,-1.743815e-01,0
0.0715,30.85638524,-1.757376e-01,0
0.072,30.6794522,-1.769330e-01,0
0.0725,30.5018337,-1.776185e-01,0
0.073,30.3242843,-1.775494e-01,0
0.0735,30.14768459,-1.765997e-01,0
0.074,29.97292558,-1.747590e-01,0
0.0745,29.80080863,-1.721170e-01,0
0.075,29.63196837,-1.688403e-01,0
0.0755,26.66914603,-2.962822e+00,0.0011873862
0.076,23.55243331,-3.116713e+00,0.0048711891
0.0765,23.33070542,-2.217279e-01,0.00017709803
0.077,23.11653805,-2.141674e-01,1.3120211e-05
0.0775,22.92459489,-1.919432e-01,4.2555615e-05
0.078,22.74631061,-1.782843e-01,6.058658e-05
0.0785,22.57547951,-1.708311e-01,6.2286722e-05
0.079,22.40799577,-1.674837e-01,5.4159579e-05
0.0795,22.24246584,-1.655299e-01,4.2691816e-05
0.08,22.07960756,-1.628583e-01,3.1821697e-05
0.0805,21.92131205,-1.582955e-01,2.2982141e-05
0.081,21.76964377,-1.516683e-01,1.6515952e-05
0.0815,21.62605133,-1.435924e-01,1.231654e-05
0.082,21.49095132,-1.351000e-01,1.0084887e-05
0.0825,21.36370457,-1.272468e-01,9.5303251e-06
0.083,21.24289364,-1.208109e-01,1.0527467e-05
0.0835,20.76255309,-4.803405e-01,2.8693092e-05
0.084,20.44912515,-3.134279e-01,6.0584919e-05
0.0845,19.42742512,-1.021700e+00,0.00067478951
0.085,19.01777393,-4.096512e-01,0.00046203014
0.0855,18.75268734,-2.650866e-01,0.00027135118
0.086,18.54728335,-2.054040e-01,0.00021406657
0.0865,18.35421302,-1.930703e-01,0.00012366012
0.087,18.15455242,-1.996606e-01,7.7402456e-05
0.0875,17.97449116,-1.800613e-01,6.5708666e-05
0.088,17.82557761,-1.489135e-01,5.9614229e-05
0.0885,17.68492388,-1.406537e-01,6.4638802e-05
0.089,17.53847487,-1.464490e-01,8.4956664e-05
0.0895,17.4196365,-1.188384e-01,8.7687141e-05
0.09,17.30851673,-1.111198e-01,8.7361117e-05
0.0905,17.20166109,-1.068556e-01,8.3717011e-05
0.091,17.09695725,-1.047038e-01,7.4632766e-05
0.0915,16.99343354,-1.035237e-01,5.9199496e-05
0.092,16.89368224,-9.975130e-02,4.6474274e-05
0.0925,16.79518972,-9.849252e-02,3.5092765e-05
0.093,16.69737927,-9.781045e-02,2.4909515e-05
0.0935,16.60027814,-9.710113e-02,1.3834404e-05
0.094,16.5041696,-9.610854e-02,5.2890007e-06
0.0945,16.4093886,-9.478101e-02,2.6493355e-06
0.095,16.31673012,-9.265847e-02,2.1784344e-06
0.0955,16.22632867,-9.040146e-02,1.6793108e-06
0.096,16.13809362,-8.823505e-02,1.1334851e-06
0.0965,16.05181635,-8.627727e-02,6.0658886e-07
0.097,15.96729248,-8.452387e-02,2.2464128e-07
0.0975,15.88454002,-8.275246e-02,3.811047e-08
0.098,15.80401778,-8.052225e-02,2.14984e-08
0.0985,15.72600761,-7.801016e-02,5.7270071e-09
0.099,15.6505729,-7.543472e-02,2.2126004e-10
0.0995,15.54508008,-1.054928e-01,4.155468e-06
0.1,15.46007297,-8.500711e-02,3.7464205e-06
0.1005,15.37342335,-8.664962e-02,7.3947805e-07
0.101,15.30215444,-7.126891e-02,1.6895385e-07
0.1015,15.23570782,-6.644662e-02,6.159673e-12
0.102,15.17141793,-6.428989e-02,0
0.1025,15.10895883,-6.245910e-02,0
0.103,15.04773228,-6.122654e-02,5.1885331e-16
0.1035,14.98727946,-6.045282e-02,1.5866195e-13
0.104,14.92747185,-5.980761e-02,1.7326949e-13
0.1045,14.86835631,-5.911554e-02,2.226073e-21
0.105,14.8100518,-5.830451e-02,0
0.1055,14.752705,-5.734680e-02,0
0.106,14.69648362,-5.622137e-02,0
0.1065,14.64157096,-5.491266e-02,0
0.107,14.58814968,-5.342128e-02,0
0.1075,14.53638019,-5.176949e-02,0
0.108,14.48638037,-4.999982e-02,0
0.1085,14.43821156,-4.816881e-02,0
0.109,14.39187282,-4.633874e-02,0
0.1095,14.34730356,-4.456925e-02,0
0.11,14.30439274,-4.291083e-02,0
0.1105,14.26299212,-4.140062e-02,0
0.111,14.22293146,-4.006067e-02,0
0.1115,14.18403362,-3.889784e-02,0
0.112,14.14612888,-3.790474e-02,0
0.1125,14.10906752,-3.706136e-02,0
0.113,14.07273019,-3.633733e-02,0
0.1135,14.03703527,-3.569492e-02,0
0.114,14.00194247,-3.509280e-02,0
0.1145,13.9674522,-3.449027e-02,0
0.115,13.93360073,-3.385147e-02,0
0.1155,13.90045163,-3.314911e-02,0
0.116,13.86808468,-3.236695e-02,0
0.1165,13.83658363,-3.150104e-02,0
0.117,13.80602425,-3.055939e-02,0
0.1175,13.77646376,-2.956048e-02,0
0.118,13.74793284,-2.853092e-02,0
0.1185,13.72043037,-2.750247e-02,0
0.119,13.69392143,-2.650894e-02,0
0.1195,13.66833827,-2.558316e-02,0
0.12,13.64358408,-2.475419e-02,0
0.1205,13.61953902,-2.404506e-02,0
0.121,13.59606796,-2.347105e-02,0
0.1215,13.57302922,-2.303875e-02,0
0.122,13.55028333,-2.274589e-02,0
0.1225,13.52770128,-2.258204e-02,0
0.123,13.50517136,-2.252992e-02,0
0.1235,13.48260405,-2.256731e-02,0
0.124,13.45993471,-2.266934e-02,0
0.1245,13.43712393,-2.281078e-02,0
0.125,13.41415559,-2.296834e-02,0
0.1255,13.39103305,-2.312254e-02,0
0.126,13.36777388,-2.325917e-02,0
0.1265,13.34440365,-2.337023e-02,0
0.127,13.32094945,-2.345420e-02,0
0.1275,13.29743365,-2.351580e-02,0
0.128,13.27386858,-2.356507e-02,0
0.1285,13.25025241,-2.361616e-02,0
0.129,13.22656679,-2.368563e-02,0
0.1295,13.20277613,-2.379065e-02,0
0.13,13.17882888,-2.394725e-02,0
0.1305,13.15466025,-2.416863e-02,0
0.131,13.13019635,-2.446389e-02,0
0.1315,13.10535919,-2.483717e-02,0
0.132,13.08007191,-2.528727e-02,0
0.1325,13.05426403,-2.580789e-02,0
0.133,13.02787588,-2.638815e-02,0
0.1335,13.00086216,-2.701372e-02,0
0.134,12.97319413,-2.766803e-02,0
0.1345,12.9448604,-2.833373e-02,0
0.135,12.91586636,-2.899405e-02,0
0.1355,12.8862323,-2.963406e-02,0
0.136,12.85599058,-3.024171e-02,0
0.1365,12.8251821,-3.080848e-02,0
0.137,12.79385241,-3.132969e-02,0
0.1375,12.76204792,-3.180449e-02,0
0.138,12.72981247,-3.223544e-02,0
0.1385,12.69718464,-3.262784e-02,0
0.139,12.66419579,-3.298885e-02,0
0.1395,12.63086926,-3.332653e-02,0
0.14,12.59722045,-3.364881e-02,0
0.1405,12.56325784,-3.396261e-02,0
0.141,12.52898482,-3.427302e-02,0
0.1415,12.49440202,-3.458281e-02,0
0.142,12.45950989,-3.489213e-02,0
0.1425,12.42431141,-3.519848e-02,0
0.143,12.38881442,-3.549699e-02,0
0.1435,12.35303362,-3.578080e-02,0
0.144,12.31699187,-3.604175e-02,0
0.1445,12.28072079,-3.627108e-02,0
0.145,12.24426062,-3.646017e-02,0
0.1455,12.20765938,-3.660124e-02,0
0.146,12.1709714,-3.668797e-02,0
0.1465,12.13425545,-3.671595e-02,0
0.147,12.09757252,-3.668293e-02,0
0.1475,12.06098361,-3.658891e-02,0
0.148,12.02454762,-3.643599e-02,0
0.1485,11.9883195,-3.622812e-02,0
0.149,11.95234887,-3.597064e-02,0
0.1495,11.9166791,-3.566977e-02,0
0.15,11.88134702,-3.533208e-02,0
0.1505,11.84638308,-3.496394e-02,0
0.151,11.81181206,-3.457102e-02,0
0.1515,11.77765408,-3.415798e-02,0
0.152,11.74392593,-3.372815e-02,0
0.1525,11.71064246,-3.328347e-02,0
0.153,11.67781797,-3.282450e-02,0
0.1535,11.64546736,-3.235060e-02,0
0.154,11.61360714,-3.186022e-02,0
0.1545,11.58225593,-3.135121e-02,0
0.155,11.5514347,-3.082123e-02,0
0.1555,11.52116656,-3.026815e-02,0
0.156,11.49147618,-2.969038e-02,0
0.1565,11.46238896,-2.908722e-02,0
0.157,11.43392999,-2.845897e-02,0
0.1575,11.40612286,-2.780713e-02,0
0.158,11.37898854,-2.713432e-02,0
0.1585,11.35254429,-2.644425e-02,0
0.159,11.32680284,-2.574146e-02,0
0.1595,11.30177172,-2.503112e-02,0
0.16,11.27745299,-2.431872e-02,0
0.1605,11.2538432,-2.360979e-02,0
0.161,11.23093361,-2.290959e-02,0
0.1615,11.20871075,-2.222286e-02,0
0.162,11.18715706,-2.155369e-02,0
0.1625,11.16625172,-2.090533e-02,0
0.163,11.14597151,-2.028021e-02,0
0.1635,11.12629158,-1.967993e-02,0
0.164,11.10718619,-1.910538e-02,0
0.1645,11.0886293,-1.855689e-02,0
0.165,11.0705949,-1.803440e-02,0
0.1655,11.05305726,-1.753765e-02,0
0.166,11.03599086,-1.706639e-02,0
0.1665,11.01937029,-1.662058e-02,0
0.167,11.00316986,-1.620043e-02,0
0.1675,10.98736327,-1.580659e-02,0
0.168,10.97192315,-1.544012e-02,0
0.1685,10.95682063,-1.510252e-02,0
0.169,10.94202501,-1.479562e-02,0
0.1695,10.92750352,-1.452149e-02,0
0.17,10.91322119,-1.428233e-02,0
0.1705,10.89914091,-1.408028e-02,0
0.171,10.88522358,-1.391732e-02,0
0.1715,10.87142851,-1.379507e-02,0
0.172,10.85771378,-1.371473e-02,0
0.1725,10.84403684,-1.367694e-02,0
0.173,10.83035504,-1.368180e-02,0
0.1735,10.81662625,-1.372880e-02,0
0.174,10.80280936,-1.381689e-02,0
0.1745,10.78886482,-1.394454e-02,0
0.175,10.774755,-1.410982e-02,0
0.1755,10.76044448,-1.431052e-02,0
0.176,10.74590022,-1.454426e-02,0
0.1765,10.73109161,-1.480861e-02,0
0.177,10.71599041,-1.510120e-02,0
0.1775,10.70057064,-1.541977e-02,0
0.178,10.68480836,-1.576228e-02,0
0.1785,10.66868148,-1.612688e-02,0
0.179,10.65216952,-1.651196e-02,0
0.1795,10.63525342,-1.691610e-02,0
0.18,10.61791537,-1.733805e-02,0
0.1805,10.60013876,-1.777661e-02,0
0.181,10.58190813,-1.823063e-02,0
0.1815,10.56320925,-1.869888e-02,0
0.182,10.54402925,-1.918001e-02,0
0.1825,10.52435676,-1.967248e-02,0
0.183,10.50418221,-2.017456e-02,0
0.1835,10.48349799,-2.068422e-02,0
0.184,10.46229874,-2.119924e-02,0
0.1845,10.44058158,-2.171716e-02,0
0.185,10.41834626,-2.223532e-02,0
0.1855,10.39559531,-2.275096e-02,0
0.186,10.37233407,-2.326123e-02,0
0.1865,10.34857077,-2.376330e-02,0
0.187,10.32431636,-2.425441e-02,0
0.1875,10.29958445,-2.473191e-02,0
0.188,10.27439112,-2.519333e-02,0
0.1885,10.24875468,-2.563644e-02,0
0.189,10.22269546,-2.605922e-02,0
0.1895,10.19623557,-2.645989e-02,0
0.19,10.16939864,-2.683692e-02,0
0.1905,10.14220966,-2.718898e-02,0
0.191,10.11469473,-2.751493e-02,0
0.1915,10.08688098,-2.781375e-02,0
0.192,10.05879642,-2.808455e-02,0
0.1925,10.03046991,-2.832652e-02,0
0.193,10.00193105,-2.853886e-02,0
0.1935,9.973210233,-2.872081e-02,0
0.194,9.944338597,-2.887164e-02,0
0.1945,9.915348012,-2.899059e-02,0
0.195,9.886271066,-2.907695e-02,0
0.1955,9.857141022,-2.913004e-02,0
0.196,9.827991742,-2.914928e-02,0
0.1965,9.798857586,-2.913416e-02,0
0.197,9.769773273,-2.908431e-02,0
0.1975,9.740773704,-2.899957e-02,0
0.198,9.711893764,-2.887994e-02,0
0.1985,9.683168097,-2.872567e-02,0
0.199,9.654630867,-2.853723e-02,0
0.1995,9.584577234,-7.005363e-02,1.8142116e-08
0.2,9.40249583,-1.820814e-01,3.8772739e-06
0.2005,9.367999766,-3.449606e-02,3.3002704e-08
0.201,9.336267952,-3.173181e-02,2.4753557e-08
0.2015,9.305775287,-3.049266e-02,1.8642547e-08
0.202,9.276142707,-2.963258e-02,1.1512594e-08
0.2025,9.24733859,-2.880412e-02,6.5637826e-09
0.203,9.219331707,-2.800688e-02,3.6470348e-09
0.2035,9.192054773,-2.727693e-02,2.0314718e-09
0.204,9.165452412,-2.660236e-02,1.1145128e-09
0.2045,9.139502575,-2.594984e-02,5.544847e-10
0.205,9.114203216,-2.529936e-02,2.0656017e-10
0.2055,9.089553159,-2.465006e-02,2.9877882e-11
0.206,9.065550885,-2.400227e-02,8.3137231e-14
0.2065,8.983625123,-8.192576e-02,2.8269941e-08
0.207,8.808928037,-1.746971e-01,3.5030434e-05
0.2075,8.74142626,-6.750178e-02,1.4765453e-05
0.208,8.698622228,-4.280403e-02,6.604333e-06
0.2085,8.661034236,-3.758799e-02,4.1657337e-06
0.209,8.625372357,-3.566188e-02,2.1982409e-06
0.2095,8.592321233,-3.305112e-02,9.8096221e-07
0.21,8.56269011,-2.963112e-02,4.1378721e-07
0.2105,8.536145211,-2.654490e-02,1.9511246e-07
0.211,8.511724063,-2.442115e-02,1.2074556e-07
0.2115,8.488608282,-2.311578e-02,9.591502e-08
0.212,8.466405461,-2.220282e-02,7.9852432e-08
0.2125,8.445015803,-2.138966e-02,5.5480563e-08
0.213,8.424420997,-2.059481e-02,2.4383665e-08
0.2135,8.404591007,-1.982999e-02,1.8571421e-09
0.214,8.385564179,-1.902683e-02,0
0.2145,8.367344582,-1.821960e-02,0
0.215,8.349905819,-1.743876e-02,0
0.2155,8.333198155,-1.670766e-02,0
0.216,8.3171579,-1.604025e-02,0
0.2165,8.301712598,-1.544530e-02,0
0.217,8.286786958,-1.492564e-02,0
0.2175,8.272310253,-1.447670e-02,0
0.218,8.25822211,-1.408814e-02,4.4506565e-16
0.2185,8.244474479,-1.374763e-02,3.351546e-16
0.219,8.23102932,-1.344516e-02,4.4223675e-20
0.2195,8.217853949,-1.317537e-02,4.4761847e-22
0.22,8.204916188,-1.293776e-02,9.473468e-21
0.2205,8.192181015,-1.273517e-02,2.8245624e-20
0.221,8.179609568,-1.257145e-02,2.4416689e-19
0.2215,8.167160188,-1.244938e-02,3.7446262e-19
0.222,8.15479052,-1.236967e-02,9.9967062e-21
0.2225,8.142459562,-1.233096e-02,2.5603967e-22
0.223,8.130128902,-1.233066e-02,0
0.2235,8.117762906,-1.236600e-02,0
0.224,8.105328139,-1.243477e-02,0
0.2245,8.092792508,-1.253563e-02,0
0.225,8.080124635,-1.266787e-02,0
0.2255,8.067293748,-1.283089e-02,0
0.226,8.054270107,-1.302364e-02,0
0.2265,8.041025775,-1.324433e-02,0
0.227,8.027535427,-1.349035e-02,0
0.2275,8.013776932,-1.375849e-02,0
0.228,7.999731522,-1.404541e-02,0
0.2285,7.98538352,-1.434800e-02,0
0.229,7.970719741,-1.466378e-02,0
0.2295,7.955728725,-1.499102e-02,0
0.23,7.94040001,-1.532871e-02,0
0.2305,7.9247236,-1.567641e-02,0
0.231,7.908689719,-1.603388e-02,0
0.2315,7.892288873,-1.640085e-02,0
0.232,7.875512172,-1.677670e-02,0
0.2325,7.858351826,-1.716035e-02,0
0.233,7.840801732,-1.755009e-02,0
0.2335,7.822858043,-1.794369e-02,0
0.234,7.804519646,-1.833840e-02,0
0.2345,7.785788495,-1.873115e-02,0
0.235,7.766669725,-1.911877e-02,0
0.2355,7.747171558,-1.949817e-02,0
0.236,7.727304968,-1.986659e-02,0
0.2365,7.70708317,-2.022180e-02,0
0.237,7.686520982,-2.056219e-02,0
0.2375,7.665634177,-2.088680e-02,0
0.238,7.644438916,-2.119526e-02,0
0.2385,7.622951372,-2.148754e-02,0
0.239,7.60118761,-2.176376e-02,0
0.2395,7.579163722,-2.202389e-02,0
0.24,7.556896179,-2.226754e-02,0
0.2405,7.534402324,-2.249386e-02,0
0.241,7.511700866,-2.270146e-02,0
0.2415,7.488812284,-2.288858e-02,0
0.242,7.465759036,-2.305325e-02,0
0.2425,7.442565542,-2.319349e-02,0
0.243,7.419257944,-2.330760e-02,0
0.2435,7.395863694,-2.339425e-02,0
0.244,7.372411059,-2.345264e-02,0
0.2445,7.348928615,-2.348244e-02,0
0.245,7.325444839,-2.348378e-02,0
0.2455,7.301987817,-2.345702e-02,0
0.246,7.278585107,-2.340271e-02,0
0.2465,7.255263723,-2.332138e-02,0
0.247,7.232050215,-2.321351e-02,0
0.2475,7.208970765,-2.307945e-02,0
0.248,7.186051268,-2.291950e-02,0
0.2485,7.163317346,-2.273392e-02,0
0.249,7.140794277,-2.252307e-02,0
0.2495,7.118506841,-2.228744e-02,0
0.25,7.096479105,-2.202774e-02,0
0.2505,7.074734178,-2.174493e-02,0
0.251,7.053293969,-2.144021e-02,0
0.2515,7.032178979,-2.111499e-02,0
0.252,7.011408146,-2.077083e-02,0
0.2525,6.990998754,-2.040939e-02,0
0.253,6.970966395,-2.003236e-02,0
0.2535,6.951324973,-1.964142e-02,0
0.254,6.932086734,-1.923824e-02,0
0.2545,6.913262301,-1.882443e-02,0
0.255,6.894860698,-1.840160e-02,0
0.2555,6.876889356,-1.797134e-02,0
0.256,6.8593541,-1.753526e-02,0
0.2565,6.842259115,-1.709498e-02,0
0.257,6.825606914,-1.665220e-02,0
0.2575,6.809398293,-1.620862e-02,0
0.258,6.793632314,-1.576598e-02,0
0.2585,6.778306295,-1.532602e-02,0
0.259,6.763415836,-1.489046e-02,0
0.2595,6.74895486,-1.446098e-02,0
0.26,6.734915683,-1.403918e-02,0
0.2605,6.721289094,-1.362659e-02,0
0.261,6.708064446,-1.322465e-02,0
0.2615,6.69522975,-1.283470e-02,0
0.262,6.682771753,-1.245800e-02,0
0.2625,6.670676018,-1.209574e-02,0
0.263,6.658926981,-1.174904e-02,0
0.2635,6.647508005,-1.141898e-02,0
0.264,6.63640142,-1.110659e-02,0
0.2645,6.625588559,-1.081286e-02,0
0.265,6.6150498,-1.053876e-02,0
0.2655,6.604764608,-1.028519e-02,0
0.266,6.594711594,-1.005301e-02,0
0.2665,6.584868578,-9.843016e-03,0
0.267,6.575212671,-9.655907e-03,0
0.2675,6.565720369,-9.492302e-03,0
0.268,6.556367653,-9.352716e-03,0
0.2685,6.547130097,-9.237556e-03,0
0.269,6.537982979,-9.147118e-03,0
0.2695,6.528901387,-9.081591e-03,0
0.27,6.519860327,-9.041061e-03,0
0.2705,6.510834814,-9.025513e-03,0
0.271,6.50179997,-9.034844e-03,0
0.2715,6.492731108,-9.068862e-03,0
0.272,6.483603811,-9.127297e-03,0
0.2725,6.474394015,-9.209795e-03,0
0.273,6.465078092,-9.315924e-03,0
0.2735,6.455632928,-9.445163e-03,0
0.274,6.446036022,-9.596906e-03,0
0.2745,6.436265574,-9.770448e-03,0
0.275,6.42630059,-9.964984e-03,0
0.2755,6.416120983,-1.017961e-02,0
0.276,6.405707679,-1.041330e-02,0
0.2765,6.395042724,-1.066495e-02,0
0.277,6.384109381,-1.093334e-02,0
0.2775,6.37289222,-1.121716e-02,0
0.278,6.361377206,-1.151501e-02,0
0.2785,6.349551766,-1.182544e-02,0
0.279,6.337404849,-1.214692e-02,0
0.2795,6.324926972,-1.247788e-02,0
0.28,6.312110257,-1.281672e-02,0
0.2805,6.298948448,-1.316181e-02,0
0.281,6.285436929,-1.351152e-02,0
0.2815,6.271572723,-1.386421e-02,0
0.282,6.257354486,-1.421824e-02,0
0.2825,6.242782495,-1.457199e-02,0
0.283,6.227858625,-1.492387e-02,0
0.2835,6.212586324,-1.527230e-02,0
0.284,6.196970576,-1.561575e-02,0
0.2845,6.181017866,-1.595271e-02,0
0.285,6.164736133,-1.628173e-02,0
0.2855,6.148134723,-1.660141e-02,0
0.286,6.131224337,-1.691039e-02,0
0.2865,6.114016975,-1.720736e-02,0
0.287,6.096525873,-1.749110e-02,0
0.2875,5.97403435,-1.224915e-01,2.8977406e-05
0.288,5.929866603,-4.416775e-02,1.1780315e-05
0.2885,5.899411146,-3.045546e-02,6.3472828e-06
0.289,5.872468303,-2.694284e-02,4.3118678e-06
0.2895,5.762105163,-1.103631e-01,3.3605053e-06
0.29,5.723746695,-3.835847e-02,1.1888587e-06
0.2905,5.693194664,-3.055203e-02,4.6184285e-07
0.291,5.66539744,-2.779722e-02,1.6922636e-07
0.2915,5.63884584,-2.655160e-02,6.1017308e-08
0.292,5.61349378,-2.535206e-02,2.5166829e-08
0.2925,5.589383267,-2.411051e-02,1.3888721e-08
0.293,5.566278268,-2.310500e-02,8.9044815e-09
0.2935,5.543876993,-2.240128e-02,4.4126108e-09
0.294,5.521917966,-2.195903e-02,8.6178022e-10
0.2945,5.500319478,-2.159849e-02,2.0072415e-16
0.295,5.479071143,-2.124834e-02,0
0.2955,5.458149295,-2.092185e-02,0
0.296,5.437509376,-2.063992e-02,0
0.2965,5.417109306,-2.040007e-02,0
0.297,5.396926819,-2.018249e-02,0
0.2975,5.376963064,-1.996376e-02,0
0.298,5.357237297,-1.972577e-02,0
0.2985,5.329775981,-2.746132e-02,7.7889856e-08
0.299,5.299141129,-3.063485e-02,1.2720512e-06
0.2995,5.275392043,-2.374909e-02,1.4584767e-06
0.3,5.254794699,-2.059734e-02,5.4311786e-07
0.3005,5.235224941,-1.956976e-02,3.8209069e-07
0.301,5.216256983,-1.896796e-02,2.387598e-07
0.3015,5.197827975,-1.842901e-02,1.241224e-07
0.302,5.179970501,-1.785747e-02,5.7532443e-08
0.3025,5.16266818,-1.730232e-02,2.5287026e-08
0.303,5.145860197,-1.680798e-02,1.095288e-08
0.3035,5.129495723,-1.636447e-02,4.4644018e-09
0.304,5.113553696,-1.594203e-02,1.3224764e-09
0.3045,5.098035469,-1.551823e-02,2.5077934e-10
0.305,5.082956264,-1.507921e-02,9.0675367e-17
0.3055,5.068327037,-1.462923e-02,1.8885064e-17
0.306,5.054146272,-1.418076e-02,1.6007959e-17
0.3065,5.040404138,-1.374213e-02,4.2343082e-18
0.307,5.027085588,-1.331855e-02,1.7598787e-19
0.3075,5.014174126,-1.291146e-02,0
0.308,5.001654985,-1.251914e-02,0
0.3085,4.989516873,-1.213811e-02,0
0.309,4.977752002,-1.176487e-02,0
0.3095,4.966354696,-1.139731e-02,0
0.31,4.955319277,-1.103542e-02,0
0.3105,4.944638024,-1.068125e-02,0
0.311,4.93429984,-1.033818e-02,0
0.3115,4.924289949,-1.000989e-02,0
0.312,4.914590573,-9.699376e-03,0
0.3125,4.905182223,-9.408350e-03,0
0.313,4.896045126,-9.137097e-03,0
0.3135,4.887160307,-8.884818e-03,0
0.314,4.878510053,-8.650254e-03,0
0.3145,4.870077696,-8.432357e-03,0
0.315,4.861846921,-8.230776e-03,0
0.3155,4.853800893,-8.046027e-03,0
0.316,4.845921554,-7.879339e-03,0
0.3165,4.838189291,-7.732263e-03,0
0.317,4.830583065,-7.606227e-03,0
0.3175,4.823080877,-7.502188e-03,0
0.318,4.815660402,-7.420475e-03,0
0.3185,4.80829955,-7.360851e-03,0
0.319,4.800976828,-7.322722e-03,0
0.3195,4.793671433,-7.305395e-03,0
0.32,4.786363142,-7.308291e-03,0
0.3205,4.779032113,-7.331029e-03,0
0.321,4.771658714,-7.373399e-03,0
0.3215,4.764223471,-7.435243e-03,0
0.322,4.756707159,-7.516312e-03,0
0.3225,4.749090991,-7.616168e-03,0
0.323,4.741356843,-7.734148e-03,0
0.3235,4.733487434,-7.869409e-03,0
0.324,4.725466418,-8.021016e-03,0
0.3245,4.717278383,-8.188035e-03,0
0.325,4.708908778,-8.369605e-03,0
0.3255,4.700343828,-8.564949e-03,0
0.326,4.691570484,-8.773344e-03,0
0.3265,4.682576429,-8.994055e-03,0
0.327,4.673350163,-9.226266e-03,0
0.3275,4.663881136,-9.469026e-03,0
0.328,4.654159898,-9.721239e-03,0
0.3285,4.644178225,-9.981673e-03,0
0.329,4.633929208,-1.024902e-02,0
0.3295,4.623407279,-1.052193e-02,0
0.33,4.612608191,-1.079909e-02,0
0.3305,4.601528965,-1.107923e-02,0
0.331,4.590167836,-1.136113e-02,0
0.3315,4.578524206,-1.164363e-02,0
0.332,4.566598629,-1.192558e-02,0
0.3325,4.554392824,-1.220581e-02,0
0.333,4.5419097,-1.248312e-02,0
0.3335,4.529153395,-1.275631e-02,0
0.334,4.516129296,-1.302410e-02,0
0.3345,4.502844044,-1.328525e-02,0
0.335,4.48930551,-1.353853e-02,0
0.3355,4.475522745,-1.378277e-02,0
0.336,4.46150591,-1.401683e-02,0
0.3365,4.447266204,-1.423971e-02,0
0.337,4.432815782,-1.445042e-02,0
0.3375,4.418167682,-1.464810e-02,0
0.338,4.403335764,-1.483192e-02,0
0.3385,4.388334655,-1.500111e-02,0
0.339,4.373179697,-1.515496e-02,0
0.3395,4.3578869,-1.529280e-02,0
0.34,4.342472887,-1.541401e-02,0
0.3405,4.326954838,-1.551805e-02,0
0.341,4.311350418,-1.560442e-02,0
0.3415,4.295677702,-1.567272e-02,0
0.342,4.279955092,-1.572261e-02,0
0.3425,4.264201229,-1.575386e-02,0
0.343,4.248434899,-1.576633e-02,0
0.3435,4.232674944,-1.575996e-02,0
0.344,4.216940167,-1.573478e-02,0
0.3445,4.201249246,-1.569092e-02,0
0.345,4.185620648,-1.562860e-02,0
0.3455,4.170072549,-1.554810e-02,0
0.346,4.15462276,-1.544979e-02,0
0.3465,4.139288659,-1.533410e-02,0
0.347,4.124087126,-1.520153e-02,0
0.3475,4.109034486,-1.505264e-02,0
0.348,4.094146455,-1.488803e-02,0
0.3485,4.079438091,-1.470836e-02,0
0.349,4.064923738,-1.451435e-02,0
0.3495,4.050616985,-1.430675e-02,0
0.35,4.036530618,-1.408637e-02,0
0.3505,4.022676572,-1.385405e-02,0
0.351,4.00906589,-1.361068e-02,0
0.3515,3.995708682,-1.335721e-02,0
0.352,3.982614081,-1.309460e-02,0
0.3525,3.969790218,-1.282386e-02,0
0.353,3.957244182,-1.254604e-02,0
0.3535,3.944981999,-1.226218e-02,0
0.354,3.933008608,-1.197339e-02,0
0.3545,3.921327846,-1.168076e-02,0
0.355,3.909942435,-1.138541e-02,0
0.3555,3.898853973,-1.108846e-02,0
0.356,3.888062933,-1.079104e-02,0
0.3565,3.877568663,-1.049427e-02,0
0.357,3.867369391,-1.019927e-02,0
0.3575,3.857462235,-9.907156e-03,0
0.358,3.847843217,-9.619018e-03,0
0.3585,3.838507282,-9.335935e-03,0
0.359,3.829448318,-9.058965e-03,0
0.3595,3.82065918,-8.789137e-03,0
0.36,3.812131727,-8.527454e-03,0
0.3605,3.803856845,-8.274882e-03,0
0.361,3.795824492,-8.032353e-03,0
0.3615,3.788023736,-7.800756e-03,0
0.362,3.780442798,-7.580938e-03,0
0.3625,3.773069102,-7.373697e-03,0
0.363,3.765889323,-7.179779e-03,0
0.3635,3.758889446,-6.999877e-03,0
0.364,3.75205482,-6.834626e-03,0
0.3645,3.745370223,-6.684597e-03,0
0.365,3.738819921,-6.550301e-03,0
0.3655,3.732387741,-6.432180e-03,0
0.366,3.726057135,-6.330606e-03,0
0.3665,3.719811254,-6.245881e-03,0
0.367,3.713633022,-6.178232e-03,0
0.3675,3.70750521,-6.127812e-03,0
0.368,3.701410511,-6.094699e-03,0
0.3685,3.695331616,-6.078895e-03,0
0.369,3.689251291,-6.080325e-03,0
0.3695,3.68315245,-6.098841e-03,0
0.37,3.677018227,-6.134223e-03,0
0.3705,3.67083205,-6.186177e-03,0
0.371,3.664577705,-6.254345e-03,0
0.3715,3.629682311,-3.489539e-02,1.1211498e-07
0.372,3.605795466,-2.388685e-02,2.4301038e-07
0.3725,3.595222534,-1.057293e-02,4.3443181e-08
0.373,3.586197174,-9.025360e-03,2.831255e-08
0.3735,3.577345423,-8.851751e-03,1.4254694e-08
0.374,3.568554926,-8.790497e-03,5.4522612e-09
0.3745,3.560013652,-8.541274e-03,1.619111e-09
0.375,3.551737635,-8.276017e-03,4.1257689e-10
0.3755,3.543578805,-8.158830e-03,1.3787046e-10
0.376,3.535378746,-8.200059e-03,1.0961531e-10
0.3765,3.527050666,-8.328080e-03,1.5577285e-10
0.377,3.518567892,-8.482774e-03,2.2039734e-10
0.3775,3.432120818,-8.644707e-02,1.9236094e-05
0.378,3.19512562,-2.369952e-01,9.4439327e-06
0.3785,2.439180513,-7.559451e-01,4.4668643e-05
0.379,2.322982119,-1.161984e-01,4.1241261e-06
0.3795,2.254269553,-6.871257e-02,2.6904672e-06
0.38,2.198961429,-5.530812e-02,1.615777e-06
0.3805,2.146482569,-5.247886e-02,7.7103594e-07
0.381,2.099105365,-4.737720e-02,2.8299621e-07
0.3815,2.060433759,-3.867161e-02,9.2640712e-08
0.382,2.030452336,-2.998142e-02,1.0731594e-07
0.3825,2.006302062,-2.415027e-02,2.3316011e-07
0.383,1.984869823,-2.143224e-02,3.8665328e-07
0.3835,1.964367372,-2.050245e-02,5.0261974e-07
0.384,1.944348923,-2.001845e-02,5.4439632e-07
0.3845,1.924963614,-1.938531e-02,5.0728971e-07
0.385,1.906318816,-1.864480e-02,4.1212303e-07
0.3855,1.888289884,-1.802893e-02,2.9186006e-07
0.386,1.870642723,-1.764716e-02,1.7766105e-07
0.3865,1.853204994,-1.743773e-02,8.9786063e-08
0.387,1.835932921,-1.727207e-02,3.5205579e-08
0.3875,1.818872033,-1.706089e-02,1.0378447e-08
0.388,1.802096003,-1.677603e-02,4.255021e-09
0.3885,1.785644929,-1.645107e-02,2.1507716e-09
0.389,1.163334313,-6.223106e-01,9.6419515e-07
0.3895,0.7413554854,-4.219788e-01,1.5133505e-05
0.39,-0.1875151489,-9.288706e-01,0.00075933452
0.3905,-0.8739119547,-6.863968e-01,0.0010645093
0.391,-0.9671455015,-9.323355e-02,0.00011042684
0.3915,-1.062868983,-9.572348e-02,4.5566396e-05
0.392,-1.148646855,-8.577787e-02,2.1845973e-05
0.3925,-1.220324819,-7.167796e-02,9.0149755e-06
0.393,-1.279935918,-5.961110e-02,3.8652959e-06
0.3935,-1.331645533,-5.170962e-02,2.1263467e-06
0.394,-1.378616328,-4.697079e-02,1.5866472e-06
0.3945,-1.422179361,-4.356303e-02,1.3851366e-06
0.395,-1.462652615,-4.047325e-02,1.1650896e-06
0.3955,-1.50027301,-3.762039e-02,8.2621928e-07
0.396,-1.535488858,-3.521585e-02,4.4781091e-07
0.3965,-1.568767044,-3.327819e-02,1.6066688e-07
0.397,-1.600358686,-3.159164e-02,2.4388487e-08
0.3975,-1.630253811,-2.989513e-02,6.0142741e-15
0.398,-1.658327959,-2.807415e-02,2.9814947e-17
0.3985,-1.684884478,-2.655652e-02,2.7461696e-09
0.399,-1.715129172,-3.024469e-02,4.9629189e-06
0.3995,-1.747106144,-3.197697e-02,3.8745e-06
0.4,-1.7712203,-2.411416e-02,1.6014213e-06
0.4005,-1.793381382,-2.216108e-02,1.1033744e-06
0.401,-1.814523442,-2.114206e-02,6.667655e-07
0.4015,-1.835039434,-2.051599e-02,3.3100924e-07
0.402,-1.854946826,-1.990739e-02,1.2628933e-07
0.4025,-1.874143103,-1.919628e-02,4.6671917e-08
0.403,-1.89257614,-1.843304e-02,9.6945411e-09
0.4035,-1.910233325,-1.765719e-02,7.4471356e-10
0.404,-1.927077272,-1.684395e-02,2.296166e-13
0.4045,-1.943161043,-1.608377e-02,1.8148049e-14
0.405,-1.95857627,-1.541523e-02,4.8761786e-16
0.4055,-1.973406388,-1.483012e-02,2.3560666e-16
0.406,-1.987719915,-1.431353e-02,3.7086089e-19
0.4065,-2.001575437,-1.385552e-02,0
0.407,-2.023980378,-2.240494e-02,4.4569491e-08
0.4075,-2.045863389,-2.188301e-02,1.0721471e-06
0.408,-2.060097077,-1.423369e-02,4.2230296e-07
0.4085,-2.073227846,-1.313077e-02,2.535831e-07
0.409,-2.085970385,-1.274254e-02,1.3312246e-07
0.4095,-2.09844127,-1.247088e-02,1.1855847e-08
0.41,-2.110527545,-1.208628e-02,1.0942574e-09
0.4105,-2.122186104,-1.165856e-02,5.4216985e-10
0.411,-2.133460711,-1.127461e-02,3.3743236e-10
0.4115,-2.144391275,-1.093056e-02,2.4299768e-10
0.412,-2.154975239,-1.058396e-02,1.5585196e-10
0.4125,-2.165184673,-1.020943e-02,5.6127927e-11
0.413,-2.174990746,-9.806073e-03,9.3069478e-13
0.4135,-2.184372024,-9.381278e-03,1.3911554e-15
0.414,-2.193325358,-8.953334e-03,4.7515731e-19
0.4145,-2.201864962,-8.539604e-03,0
0.415,-2.210021905,-8.156943e-03,0
0.4155,-2.217840081,-7.818176e-03,0
0.416,-2.225370031,-7.529950e-03,0
0.4165,-2.232662109,-7.292078e-03,0
0.417,-2.239760393,-7.098284e-03,0
0.4175,-2.246698513,-6.938120e-03,0
0.418,-2.253498108,-6.799595e-03,0
0.4185,-2.260169976,-6.671868e-03,0
0.419,-2.266717376,-6.547400e-03,0
0.4195,-2.273140498,-6.423122e-03,0
0.42,-2.279440979,-6.300481e-03,0
0.4205,-2.28562544,-6.184461e-03,0
0.421,-2.291707381,-6.081941e-03,0
0.4215,-2.297707179,-5.999798e-03,0
0.422,-2.3036504,-5.943221e-03,0
0.4225,-2.30956497,-5.914570e-03,0
0.423,-2.315477936,-5.912966e-03,0
0.4235,-2.321412554,-5.934618e-03,0
0.424,-2.327386271,-5.973717e-03,0
0.4245,-2.333409912,-6.023641e-03,0
0.425,-2.339488088,-6.078176e-03,0
0.4255,-2.345620567,-6.132479e-03,0
0.426,-2.351804184,-6.183617e-03,0
0.4265,-2.358034809,-6.230624e-03,0
0.427,-2.364308929,-6.274120e-03,0
0.4275,-2.370624573,-6.315644e-03,0
0.428,-2.376981447,-6.356875e-03,0
0.4285,-2.383380379,-6.398932e-03,0
0.429,-2.389822281,-6.441901e-03,0
0.4295,-2.396306945,-6.484664e-03,0
0.43,-2.40283199,-6.525045e-03,0
0.4305,-2.409392208,-6.560218e-03,0
0.431,-2.415979471,-6.587264e-03,0
0.4315,-2.422583236,-6.603765e-03,0
0.432,-2.42919154,-6.608304e-03,0
0.4325,-2.435792327,-6.600786e-03,0
0.433,-2.442374863,-6.582536e-03,0
0.4335,-2.448931019,-6.556156e-03,0
0.434,-2.455456219,-6.525200e-03,0
0.4345,-2.461949937,-6.493719e-03,0
0.435,-2.4684157,-6.465763e-03,0
0.4355,-2.474860626,-6.444926e-03,0
0.436,-2.481294615,-6.433989e-03,0
0.4365,-2.487729316,-6.434701e-03,0
0.437,-2.494177032,-6.447716e-03,0
0.4375,-2.500649702,-6.472671e-03,0
0.438,-2.50715806,-6.508357e-03,0
0.4385,-2.513711028,-6.552968e-03,0
0.439,-2.520315379,-6.604350e-03,0
0.4395,-2.526975618,-6.660239e-03,0
0.44,-2.533694062,-6.718444e-03,0
0.4405,-2.540471027,-6.776965e-03,0
0.441,-2.54730508,-6.834053e-03,0
0.4415,-2.554193289,-6.888209e-03,0
0.442,-2.561131441,-6.938151e-03,0
0.4425,-2.568114199,-6.982758e-03,0
0.443,-2.575135214,-7.021015e-03,0
0.4435,-2.582187185,-7.051971e-03,0
0.444,-2.589261897,-7.074712e-03,0
0.4445,-2.596350261,-7.088364e-03,0
0.445,-2.603442367,-7.092106e-03,0
0.4455,-2.610527575,-7.085208e-03,0
0.446,-2.617594637,-7.067062e-03,0
0.4465,-2.624631863,-7.037226e-03,0
0.447,-2.631627309,-6.995446e-03,0
0.4475,-2.638568988,-6.941679e-03,0
0.448,-2.645445081,-6.876093e-03,0
0.4485,-2.652244143,-6.799062e-03,0
0.449,-2.658955288,-6.711144e-03,0
0.4495,-2.665568346,-6.613058e-03,0
0.45,-2.672074007,-6.505661e-03,0
0.4505,-2.67846393,-6.389924e-03,0
0.451,-2.684730848,-6.266918e-03,0
0.4515,-2.690868652,-6.137804e-03,0
0.452,-2.696872479,-6.003828e-03,0
0.4525,-2.702738797,-5.866317e-03,0
0.453,-2.708465472,-5.726675e-03,0
0.4535,-2.714051841,-5.586369e-03,0
0.454,-2.719498742,-5.446902e-03,0
0.4545,-2.724808523,-5.309781e-03,0
0.455,-2.729984989,-5.176465e-03,0
0.4555,-2.735033295,-5.048306e-03,0
0.456,-2.739959779,-4.926484e-03,0
0.4565,-2.744771727,-4.811948e-03,0
0.457,-2.74947709,-4.705363e-03,0
0.4575,-2.754084161,-4.607071e-03,0
0.458,-2.758601244,-4.517083e-03,0
0.4585,-2.763036322,-4.435078e-03,0
0.459,-2.767396765,-4.360444e-03,0
0.4595,-2.771689086,-4.292321e-03,0
0.46,-2.775918762,-4.229676e-03,0
0.4605,-2.780090132,-4.171370e-03,0
0.461,-2.791373475,-1.128334e-02,7.5405296e-09
0.4615,-2.829586965,-3.821349e-02,1.2827772e-05
0.462,-2.841435859,-1.184889e-02,3.6120197e-06
0.4625,-2.849325093,-7.889235e-03,2.4629943e-06
0.463,-2.856058109,-6.733016e-03,1.6992863e-06
0.4635,-2.862478587,-6.420478e-03,9.395724e-07
0.464,-2.868529805,-6.051218e-03,4.4142737e-07
0.4645,-2.87403606,-5.506256e-03,1.8872889e-07
0.465,-2.879014443,-4.978383e-03,8.1155444e-08
0.4655,-2.883612684,-4.598241e-03,3.9950237e-08
0.466,-2.887968711,-4.356027e-03,2.4134032e-08
0.4665,-2.89215157,-4.182859e-03,1.6576189e-08
0.467,-2.896181105,-4.029535e-03,1.0939965e-08
0.4675,-2.900065588,-3.884483e-03,5.7859738e-09
0.468,-2.903819501,-3.753914e-03,1.9101589e-09
0.4685,-2.907460652,-3.641150e-03,1.531772e-10
0.469,-2.911001806,-3.541154e-03,0
0.4695,-2.914454086,-3.452280e-03,0
0.47,-2.917827206,-3.373121e-03,0
0.4705,-2.921129926,-3.302719e-03,0
0.471,-2.924371399,-3.241474e-03,0
0.4715,-2.927562196,-3.190796e-03,0
0.472,-2.930714107,-3.151912e-03,0
0.4725,-2.933839088,-3.124981e-03,0
0.473,-2.936948161,-3.109074e-03,0
0.4735,-6.990376271,-4.053428e+00,0.0092777444
0.474,-7.504499883,-5.141236e-01,0.00090166393
0.4745,-7.673493282,-1.689934e-01,0.00013724995
0.475,-7.811760944,-1.382677e-01,6.0973179e-05
0.4755,-7.934908975,-1.231480e-01,0.00016255022
0.476,-8.046261039,-1.113521e-01,0.00020896734
0.4765,-8.149802786,-1.035417e-01,0.00019069909
0.477,-8.248063699,-9.826091e-02,0.00016400594
0.4775,-8.342111117,-9.404742e-02,0.0001429515
0.478,-8.431942377,-8.983126e-02,0.00012420325
0.4785,-8.517025334,-8.508296e-02,0.00010548876
0.479,-8.596846887,-7.982155e-02,8.734162e-05
0.4795,-8.671300884,-7.445400e-02,7.1186219e-05
0.48,-8.740800757,-6.949987e-02,5.7881266e-05
0.4805,-8.806180437,-6.537968e-02,4.7475054e-05
0.481,-8.868493665,-6.231323e-02,3.9569291e-05
0.4815,-8.928797792,-6.030413e-02,3.3654317e-05
0.482,-8.987976484,-5.917869e-02,2.9255353e-05
0.4825,-9.046628596,-5.865211e-02,2.5963735e-05
0.483,-9.105028753,-5.840016e-02,2.3436091e-05
0.4835,-9.163150518,-5.812177e-02,2.1397889e-05
0.484,-9.220735328,-5.758481e-02,1.965619e-05
0.4845,-9.277387638,-5.665231e-02,1.8114903e-05
0.485,-9.332676239,-5.528860e-02,1.6783587e-05
0.4855,-9.386222883,-5.354664e-02,1.5771961e-05
0.486,-9.437762797,-5.153991e-02,1.5232233e-05
0.4865,-9.487168827,-4.940603e-02,1.4693019e-05
0.487,-9.534355579,-4.718675e-02,1.2176151e-05
0.4875,-9.579268922,-4.491334e-02,7.1013688e-06
0.488,-9.621960588,-4.269167e-02,2.7121997e-06
0.4885,-9.662614489,-4.065390e-02,4.0828305e-07
0.489,-9.701149994,-3.853550e-02,0
0.4895,-9.737491022,-3.634103e-02,0
0.49,-9.771698238,-3.420722e-02,0
0.4905,-9.803919711,-3.222147e-02,0
0.491,-9.834419984,-3.050027e-02,0
0.4915,-9.863563986,-2.914400e-02,0
0.492,-9.891766878,-2.820289e-02,0
0.4925,-9.919429144,-2.766227e-02,0
0.493,-9.946877077,-2.744793e-02,0
0.4935,-9.974323484,-2.744641e-02,0
0.494,-10.00185508,-2.753160e-02,0
0.4945,-10.02944473,-2.758965e-02,0
0.495,-10.05698086,-2.753613e-02,0
0.4955,-10.08430386,-2.732300e-02,0
0.496,-10.1112404,-2.693654e-02,0
0.4965,-10.13762958,-2.638918e-02,0
0.497,-10.17203501,-3.440543e-02,3.6411952e-08
0.4975,-10.20393797,-3.190296e-02,1.6069798e-06
0.498,-10.23257832,-2.864035e-02,1.5104467e-06
0.4985,-10.25730093,-2.472262e-02,7.3806366e-07
0.499,-10.28058113,-2.328020e-02,3.8776925e-07
0.4995,-10.30296404,-2.238291e-02,1.9111658e-07
0.5,-10.32446431,-2.150027e-02,8.2683855e-08
0.5005,-10.34512236,-2.065805e-02,3.8149346e-08
0.501,-10.3651019,-1.997954e-02,2.5757084e-08
0.5015,-10.38463377,-1.953187e-02,2.8244879e-08
0.502,-10.40393609,-1.930231e-02,3.9304113e-08
0.5025,-10.42317625,-1.924016e-02,5.4328964e-08
0.503,-10.44247052,-1.929427e-02,6.766399e-08
0.5035,-10.46657807,-2.410755e-02,1.1480521e-07
0.504,-10.48758573,-2.100766e-02,1.0385024e-07
0.5045,-10.507821,-2.023527e-02,8.0629372e-08
0.505,-10.52800117,-2.018018e-02,6.9477754e-08
0.5055,-10.54822568,-2.022451e-02,5.8734235e-08
0.506,-10.56843148,-2.020581e-02,5.0943274e-08
0.5065,-10.71869747,-1.502660e-01,8.3566241e-05
0.507,-11.15694882,-4.382513e-01,0.0012626124
0.5075,-11.21499622,-5.804740e-02,8.9600425e-05
0.508,-11.24167571,-2.667949e-02,1.7505322e-05
0.5085,-11.26324855,-2.157284e-02,9.203991e-06
0.509,-11.28264437,-1.939582e-02,3.2072545e-05
0.5095,-11.30031018,-1.766581e-02,3.5042179e-05
0.51,-11.31709282,-1.678264e-02,2.7183192e-05
0.5105,-11.33355049,-1.645767e-02,2.0740955e-05
0.511,-11.36920405,-3.565357e-02,1.5587461e-05
0.5115,-11.62331321,-2.541092e-01,1.7166548e-05
0.512,-11.67196707,-4.865386e-02,1.4702226e-06
0.5125,-11.70571374,-3.374667e-02,8.6781555e-07
0.513,-11.73420205,-2.848831e-02,4.4976975e-07
0.5135,-11.76061007,-2.640802e-02,2.26534e-07
0.514,-11.7846224,-2.401233e-02,8.7519103e-08
0.5145,-11.80547711,-2.085471e-02,2.5475199e-08
0.515,-11.82334814,-1.787103e-02,5.690264e-09
0.5155,-11.83914258,-1.579444e-02,1.3876258e-09
0.516,-12.07288452,-2.337419e-01,4.0755674e-05
0.5165,-12.36042188,-2.875374e-01,0.00028520444
0.517,-12.44674286,-8.632098e-02,9.5296071e-05
0.5175,-12.49981991,-5.307705e-02,6.112838e-05
0.518,-12.54475914,-4.493922e-02,3.641765e-05
0.5185,-12.58732145,-4.256231e-02,1.6240546e-05
0.519,-12.62497469,-3.765324e-02,5.5703933e-06
0.5195,-12.65537675,-3.040206e-02,1.6047446e-06
0.52,-12.67919894,-2.382219e-02,5.4240819e-07
0.5205,-12.69876365,-1.956470e-02,3.7571707e-07
0.521,-12.71613059,-1.736694e-02,5.3878391e-07
0.5215,-12.73234172,-1.621113e-02,9.0882669e-07
0.522,-12.74770479,-1.536308e-02,1.3026253e-06
0.5225,-12.76231302,-1.460823e-02,1.5006985e-06
0.523,-12.77630285,-1.398982e-02,1.407225e-06
0.5235,-12.78983488,-1.353204e-02,1.0901283e-06
0.524,-12.8029971,-1.316222e-02,6.9788622e-07
0.5245,-12.8157737,-1.277660e-02,3.5855246e-07
0.525,-12.82809123,-1.231753e-02,1.3296746e-07
0.5255,-12.84038256,-1.229133e-02,4.9778027e-08
0.526,-12.85506226,-1.467970e-02,4.7081154e-07
0.5265,-12.86800168,-1.293943e-02,1.1465681e-06
0.527,-12.88583751,-1.783583e-02,8.0799817e-07
0.5275,-12.89650937,-1.067186e-02,5.6363998e-07
0.528,-12.90678164,-1.027227e-02,5.692103e-07
0.5285,-12.92035643,-1.357479e-02,2.7405051e-07
0.529,-12.93016041,-9.803980e-03,2.6800448e-07
0.5295,-12.93857131,-8.410898e-03,2.0658534e-07
0.53,-12.94611313,-7.541818e-03,1.9234837e-07
0.5305,-12.95318616,-7.073036e-03,1.3144884e-07
0.531,-12.95998984,-6.803677e-03,5.9593081e-08
0.5315,-12.96658157,-6.591730e-03,1.2547972e-08
0.532,-12.9729282,-6.346632e-03,0
0.5325,-12.97892893,-6.000730e-03,4.4603869e-15
0.533,-12.98461559,-5.686655e-03,5.1259438e-15
0.5335,-12.99003225,-5.416661e-03,1.9934875e-15
0.534,-12.99520314,-5.170893e-03,3.3118037e-16
0.5345,-13.00014473,-4.941586e-03,2.0972942e-18
0.535,-13.00487833,-4.733608e-03,0
0.5355,-13.00943062,-4.552283e-03,0
0.536,-13.01382853,-4.397910e-03,0
0.5365,-13.01809478,-4.266251e-03,0
0.537,-13.02224505,-4.150270e-03,0
0.5375,-13.02628666,-4.041616e-03,0
0.538,-13.03021868,-3.932016e-03,0
0.5385,-13.03403332,-3.814638e-03,0
0.539,-13.03771858,-3.685261e-03,0
0.5395,-13.04126157,-3.542995e-03,0
0.54,-13.04465199,-3.390418e-03,0
0.5405,-13.04788511,-3.233116e-03,0
0.541,-13.0509638,-3.078689e-03,0
0.5415,-13.0538992,-2.935402e-03,0
0.542,-13.05670992,-2.810716e-03,0
0.5425,-13.0594199,-2.709989e-03,0
0.543,-13.06205547,-2.635569e-03,0
0.5435,-13.06464194,-2.586464e-03,0
0.544,-13.06720056,-2.558617e-03,0
0.5445,-13.06974627,-2.545718e-03,0
0.545,-13.07228664,-2.540367e-03,0
0.5455,-13.07482199,-2.535349e-03,0
0.546,-13.07734677,-2.524780e-03,0
0.5465,-13.0798517,-2.504929e-03,0
0.547,-13.08232629,-2.474595e-03,0
0.5475,-13.08476132,-2.435023e-03,0
0.548,-13.08715074,-2.389425e-03,0
0.5485,-13.08954439,-2.393646e-03,2.2577727e-11
0.549,-13.09211206,-2.567675e-03,3.2105011e-09
0.5495,-13.09441223,-2.300167e-03,2.9911938e-10
0.55,-13.09666781,-2.255583e-03,2.0507092e-10
0.5505,-13.09890594,-2.238130e-03,1.0238582e-10
0.551,-13.10114324,-2.237293e-03,2.9695911e-11
0.5515,-13.10339119,-2.247957e-03,1.4177205e-12
0.552,-13.10565777,-2.266577e-03,0
0.5525,-13.10795156,-2.293793e-03,0
0.553,-13.11027922,-2.327655e-03,0
0.5535,-13.11264376,-2.364544e-03,0
0.554,-13.11504537,-2.401605e-03,0
0.5545,-13.11748278,-2.437410e-03,0
0.555,-13.11995435,-2.471570e-03,0
0.5555,-13.12245861,-2.504262e-03,0
0.556,-13.12499454,-2.535934e-03,0
0.5565,-13.12756164,-2.567096e-03,0
0.557,-13.13015978,-2.598141e-03,0
0.5575,-13.13278901,-2.629226e-03,0
0.558,-13.13544925,-2.660240e-03,0
0.5585,-13.1381401,-2.690855e-03,0
0.559,-13.14086074,-2.720636e-03,0
0.5595,-13.14360991,-2.749177e-03,0
0.56,-13.14638614,-2.776223e-03,0
0.5605,-13.14918789,-2.801756e-03,0
0.561,-13.1520139,-2.826009e-03,0
0.5615,-13.15486333,-2.849431e-03,0
0.562,-13.15773592,-2.872583e-03,0
0.5625,-13.16063193,-2.896018e-03,0
0.563,-13.16367724,-3.045306e-03,2.2662377e-11
0.5635,-13.1690737,-5.396462e-03,3.4678974e-08
0.564,-13.17240905,-3.335349e-03,4.7775018e-09
0.5645,-13.17557333,-3.164278e-03,3.9545344e-09
0.565,-13.17870844,-3.135116e-03,2.7236845e-09
0.5655,-13.18185587,-3.147421e-03,1.5901693e-09
0.566,-13.18500756,-3.151690e-03,8.5159682e-10
0.5665,-13.18815189,-3.144331e-03,4.5671334e-10
0.567,-13.19128782,-3.135929e-03,2.7030106e-10
0.5675,-13.19441936,-3.131544e-03,1.8708876e-10
0.568,-13.19754818,-3.128821e-03,1.4781127e-10
0.5685,-13.2006717,-3.123523e-03,1.2307667e-10
0.569,-13.20378516,-3.113452e-03,1.0017252e-10
0.5695,-13.20688388,-3.098726e-03,7.6530181e-11
0.57,-13.20996427,-3.080393e-03,5.4798875e-11
0.5705,-13.21302366,-3.059385e-03,3.8257754e-11
0.571,-13.21605997,-3.036308e-03,2.8295754e-11
0.5715,-13.21907159,-3.011618e-03,2.4601898e-11
0.572,-13.22205732,-2.985737e-03,2.6634151e-11
0.5725,-13.22501632,-2.958996e-03,3.455458e-11
0.573,-13.22794784,-2.931520e-03,4.8986598e-11
0.5735,-13.23085102,-2.903179e-03,7.0157909e-11
0.574,-13.23372464,-2.873623e-03,9.7296739e-11
0.5745,-13.24742017,-1.369553e-02,3.0322027e-06
0.575,-13.25328323,-5.863063e-03,1.3633139e-06
0.5755,-13.2574144,-4.131169e-03,7.6968461e-07
0.576,-13.26108895,-3.674551e-03,5.5339537e-07
0.5765,-13.26462748,-3.538529e-03,3.3225849e-07
0.577,-13.2680445,-3.417024e-03,1.7273041e-07
0.5775,-13.27128423,-3.239732e-03,8.5203897e-08
0.578,-13.27433715,-3.052917e-03,4.4910242e-08
0.5785,-13.27723735,-2.900197e-03,2.8552982e-08
0.579,-13.28002261,-2.785266e-03,2.2691447e-08
0.5795,-13.28271275,-2.690136e-03,2.0862154e-08
0.58,-13.28531252,-2.599766e-03,1.9960773e-08
0.5805,-13.2878228,-2.510284e-03,1.8653462e-08
0.581,-13.29024707,-2.424274e-03,1.6825252e-08
0.5815,-13.29259134,-2.344267e-03,1.5038334e-08
0.582,-13.29486165,-2.270313e-03,1.3965838e-08
0.5825,-13.29706268,-2.201020e-03,1.4096409e-08
0.583,-13.29919785,-2.135175e-03,1.5721934e-08
0.5835,-13.30127017,-2.072316e-03,1.8975712e-08
0.584,-13.30328254,-2.012377e-03,2.3762957e-08
0.5845,-13.30523774,-1.955191e-03,2.9642263e-08
0.585,-13.30713806,-1.900326e-03,3.5816126e-08
0.5855,-13.3089853,-1.847235e-03,4.1306347e-08
0.586,-13.31078078,-1.795486e-03,4.5242399e-08
0.5865,-13.31252566,-1.744882e-03,4.7113714e-08
0.587,-13.31422115,-1.695481e-03,4.6871629e-08
0.5875,-13.31586868,-1.647531e-03,4.4862716e-08
0.588,-13.31747007,-1.601390e-03,4.1657013e-08
0.5885,-13.31902752,-1.557452e-03,3.7861011e-08
0.589,-13.32054359,-1.516074e-03,3.3981624e-08
0.5895,-13.32202112,-1.477527e-03,3.0364123e-08
0.59,-13.32346311,-1.441990e-03,2.7192209e-08
0.5905,-13.32487267,-1.409564e-03,2.452356e-08
0.591,-13.326253,-1.380324e-03,2.2336047e-08
0.5915,-13.32760734,-1.354347e-03,2.0569164e-08
0.592,-13.32893908,-1.331732e-03,1.9154319e-08
0.5925,-13.33025166,-1.312580e-03,1.8033334e-08
0.593,-13.33154862,-1.296960e-03,1.7167034e-08
0.5935,-13.33283349,-1.284873e-03,1.6536515e-08
0.594,-13.33410973,-1.276238e-03,1.613976e-08
0.5945,-13.33538063,-1.270905e-03,1.5985975e-08
0.595,-13.33664931,-1.268679e-03,1.6089474e-08
0.5955,-13.33791867,-1.269359e-03,1.6464116e-08
0.596,-13.33919144,-1.272772e-03,1.711852e-08
0.5965,-13.34047023,-1.278788e-03,1.805176e-08
0.597,-13.34175755,-1.287321e-03,1.9249298e-08
0.5975,-13.34305586,-1.298313e-03,2.067931e-08
0.598,-13.34436759,-1.311724e-03,2.2290136e-08
0.5985,-13.3456951,-1.327510e-03,2.4009923e-08
0.599,-13.34704072,-1.345624e-03,2.5749421e-08
0.5995,-13.34840674,-1.366013e-03,2.7408258e-08
0.6,-13.34979536,-1.388625e-03,2.8884177e-08
0.6005,-13.35120878,-1.413416e-03,3.0083805e-08
0.601,-13.35264913,-1.440353e-03,3.0933016e-08
0.6015,-13.35411853,-1.469406e-03,3.1384944e-08
0.602,-13.35561907,-1.500538e-03,3.1424188e-08
0.6025,-13.35715277,-1.533695e-03,3.1066612e-08
0.603,-13.35872155,-1.568783e-03,3.0355104e-08
0.6035,-13.36032722,-1.605668e-03,2.9352374e-08
0.604,-13.36197138,-1.644162e-03,2.813234e-08
0.6045,-13.36365541,-1.684034e-03,2.6771625e-08
0.605,-13.36538043,-1.725016e-03,2.5342413e-08
0.6055,-13.36714725,-1.766817e-03,2.3907381e-08
0.606,-13.36895639,-1.809139e-03,2.2516945e-08
0.6065,-13.37080807,-1.851685e-03,2.1208575e-08
0.607,-13.37270225,-1.894179e-03,2.0007725e-08
0.6075,-13.37463861,-1.936361e-03,1.8929773e-08
0.608,-13.37661661,-1.977997e-03,1.798243e-08
0.6085,-13.37863549,-2.018877e-03,1.7168168e-08
0.609,-13.3806943,-2.058810e-03,1.6486373e-08
0.6095,-13.38279192,-2.097625e-03,1.5935045e-08
0.61,-13.38492709,-2.135168e-03,1.5511979e-08
0.6105,-13.38709838,-2.171297e-03,1.5215442e-08
0.611,-13.38930427,-2.205884e-03,1.5044401e-08
0.6115,-13.39154308,-2.238813e-03,1.4998365e-08
0.612,-13.39381306,-2.269974e-03,1.5076947e-08
0.6125,-13.39611232,-2.299266e-03,1.5279199e-08
0.613,-13.39843891,-2.326592e-03,1.5602815e-08
0.6135,-13.49305754,-9.461863e-02,1.7900453e-06
0.614,-13.547083,-5.402545e-02,3.327164e-06
0.6145,-13.56084653,-1.376353e-02,4.5214995e-07
0.615,-13.66881978,-1.079732e-01,2.3997156e-05
0.6155,-14.28564699,-6.168272e-01,0.00074896982
0.616,-14.32906537,-4.341838e-02,0.000104536
0.6165,-14.35692122,-2.785585e-02,1.0327356e-05
0.617,-14.38036552,-2.344431e-02,9.9916517e-06
0.6175,-14.40006601,-1.970048e-02,1.7194504e-05
0.618,-14.41719176,-1.712575e-02,1.7188739e-05
0.6185,-14.43302445,-1.583269e-02,1.677785e-05
0.619,-14.44808236,-1.505791e-02,1.6390785e-05
0.6195,-14.50077886,-5.269650e-02,1.2591285e-05
0.62,-14.53420091,-3.342205e-02,1.1270561e-05
0.6205,-14.59916732,-6.496641e-02,5.1361096e-05
0.621,-14.63563345,-3.646613e-02,3.9007732e-05
0.6215,-14.65841848,-2.278503e-02,2.3562245e-05
0.622,-14.67883323,-2.041475e-02,1.6352614e-05
0.6225,-14.69779039,-1.895716e-02,1.1346141e-05
0.623,-14.71526798,-1.747759e-02,8.2405989e-06
0.6235,-14.73130823,-1.604024e-02,6.7622556e-06
0.624,-14.74625603,-1.494780e-02,6.444837e-06
0.6245,-14.76055056,-1.429454e-02,6.8564714e-06
0.625,-14.77449911,-1.394855e-02,7.5971883e-06
0.6255,-14.78821993,-1.372082e-02,8.2827477e-06
0.626,-14.80170655,-1.348662e-02,8.6085017e-06
0.6265,-14.81490651,-1.319996e-02,8.4292518e-06
0.627,-14.82776059,-1.285408e-02,7.7751992e-06
0.6275,-14.84020912,-1.244853e-02,6.7949725e-06
0.628,-14.85218627,-1.197715e-02,5.4307432e-06
0.6285,-14.86363056,-1.144428e-02,3.5953793e-06
0.629,-14.87444362,-1.081307e-02,2.1067457e-06
0.6295,-14.8846413,-1.019768e-02,9.7599948e-07
0.63,-14.89427125,-9.629953e-03,2.1743371e-07
0.6305,-14.90336221,-9.090957e-03,5.8944539e-10
0.631,-14.91188724,-8.525030e-03,6.8775735e-10
0.6315,-14.91987049,-7.983248e-03,1.8949051e-09
0.632,-14.92735268,-7.482194e-03,5.2824744e-09
0.6325,-14.93483746,-7.484772e-03,1.2745533e-08
0.633,-14.94276228,-7.924828e-03,3.9890392e-08
0.6335,-14.94938512,-6.622838e-03,3.8030955e-08
0.634,-14.95569363,-6.308509e-03,4.9721762e-08
0.6345,-14.96182007,-6.126438e-03,5.7449415e-08
0.635,-14.9688793,-7.059230e-03,8.0423283e-08
0.6355,-14.97480802,-5.928723e-03,4.5398085e-08
0.636,-14.98061368,-5.805662e-03,3.7236015e-08
0.6365,-14.98635515,-5.741469e-03,2.408876e-08
0.637,-14.99202299,-5.667835e-03,1.181842e-08
0.6375,-14.99758624,-5.563255e-03,3.2711787e-09
0.638,-15.00301381,-5.427572e-03,2.6319498e-10
0.6385,-15.00826521,-5.251392e-03,2.0470736e-10
0.639,-15.01332069,-5.055484e-03,1.5557125e-10
0.6395,-15.0181691,-4.848413e-03,1.1907769e-10
0.64,-15.02280537,-4.636268e-03,9.8626151e-11
0.6405,-15.02723024,-4.424866e-03,9.4848467e-11
0.641,-15.03144931,-4.219072e-03,1.0820764e-10
0.6415,-15.03547131,-4.022006e-03,1.4012172e-10
0.642,-15.03930693,-3.835613e-03,1.9148838e-10
0.6425,-15.04296881,-3.661878e-03,2.5993997e-10
0.643,-15.04647246,-3.503655e-03,3.3810308e-10
0.6435,-15.04983711,-3.364648e-03,4.1429435e-10
0.644,-15.05308572,-3.248613e-03,4.7546128e-10
0.6445,-15.0562439,-3.158178e-03,5.1095349e-10
0.645,-15.05933763,-3.093730e-03,5.1546479e-10
0.6455,-15.06239041,-3.052780e-03,4.9008676e-10
0.646,-15.06542041,-3.029998e-03,4.4134941e-10
0.6465,-15.06843832,-3.017912e-03,3.7889548e-10
0.647,-15.07144636,-3.008039e-03,3.1277753e-10
0.6475,-15.07443852,-2.992163e-03,2.5127111e-10
0.648,-15.0839692,-9.530674e-03,5.4791933e-07
0.6485,-15.09535867,-1.138947e-02,5.1158335e-06
0.649,-15.10965758,-1.429891e-02,6.0213781e-06
0.6495,-15.11742105,-7.763465e-03,3.0560173e-06
0.65,-15.12142811,-4.007062e-03,1.8097039e-06
0.6505,-15.12479799,-3.369875e-03,9.8437604e-07
0.651,-15.12787009,-3.072108e-03,4.1374638e-07
0.6515,-15.13066817,-2.798081e-03,1.3419969e-07
0.652,-15.13315168,-2.483503e-03,3.8841497e-08
0.6525,-15.13532704,-2.175364e-03,2.2849057e-08
0.653,-15.13725467,-1.927628e-03,2.3848741e-08
0.6535,-15.13902562,-1.770950e-03,2.5770286e-08
0.654,-15.14068765,-1.662030e-03,2.5649736e-08
0.6545,-15.14227944,-1.591791e-03,2.4605204e-08
0.655,-15.14381769,-1.538246e-03,2.2287748e-08
0.6555,-15.14531483,-1.497146e-03,1.9147823e-08
0.656,-15.14678442,-1.469592e-03,1.5158403e-08
0.6565,-15.14822856,-1.444138e-03,1.1944535e-08
0.657,-15.1496498,-1.421243e-03,9.3260372e-09
0.6575,-15.15104599,-1.396185e-03,7.371237e-09
0.658,-15.15241189,-1.365903e-03,6.0501929e-09
0.6585,-15.1537414,-1.329508e-03,5.2861654e-09
0.659,-15.15502868,-1.287276e-03,4.984719e-09
0.6595,-15.15627014,-1.241462e-03,5.0505097e-09
0.66,-15.15746479,-1.194652e-03,5.4065839e-09
0.6605,-15.1586127,-1.147905e-03,6.0159064e-09
0.661,-15.15971464,-1.101945e-03,6.8907911e-09
0.6615,-15.16077224,-1.057599e-03,8.0955405e-09
0.662,-15.16178803,-1.015790e-03,9.7171469e-09
0.6625,-15.16276543,-9.773991e-04,1.1806204e-08
0.663,-15.16371841,-9.529838e-04,1.4573314e-08
0.6635,-15.16463686,-9.184440e-04,1.7403423e-08
0.664,-15.16552858,-8.917279e-04,2.0043579e-08
0.6645,-15.16639861,-8.700279e-04,2.2286091e-08
0.665,-15.16725083,-8.522168e-04,2.3722401e-08
0.6655,-15.16808822,-8.373926e-04,2.4177583e-08
0.666,-15.16891261,-8.243858e-04,2.3665454e-08
0.6665,-15.16972463,-8.120184e-04,2.2368384e-08
0.667,-15.17552485,-5.800223e-03,1.4005439e-06
0.6675,-15.22676431,-5.123946e-02,0.00026658701
0.668,-15.24344295,-1.667864e-02,3.348695e-05
0.6685,-15.24980995,-6.367009e-03,1.173497e-05
0.669,-15.25318053,-3.370576e-03,1.7346566e-06
0.6695,-15.25678652,-3.605994e-03,1.2146527e-05
0.67,-15.25876023,-1.973707e-03,1.1352905e-05
0.6705,-15.260233,-1.472764e-03,8.2089254e-06
0.671,-15.26164578,-1.412786e-03,6.68387e-06
0.6715,-15.26301676,-1.370977e-03,5.7788445e-06
0.672,-15.26431165,-1.294888e-03,4.9295175e-06
0.6725,-15.26551295,-1.201300e-03,4.1379949e-06
0.673,-15.26661728,-1.104329e-03,3.3136842e-06
0.6735,-15.26763906,-1.021785e-03,2.6587024e-06
0.674,-15.26858842,-9.493546e-04,2.2176045e-06
0.6745,-15.26947001,-8.815992e-04,1.895971e-06
0.675,-15.27029136,-8.213420e-04,1.6468234e-06
0.6755,-15.2710632,-7.718456e-04,1.4486988e-06
0.676,-15.27179717,-7.339660e-04,1.2910364e-06
0.6765,-15.27250276,-7.055908e-04,1.1702623e-06
0.677,-15.27318584,-6.830810e-04,1.0858284e-06
0.6775,-15.27384907,-6.632334e-04,1.0363812e-06
0.678,-15.27449336,-6.442830e-04,1.0178372e-06
0.6785,-15.275119,-6.256413e-04,1.0233458e-06
0.679,-15.27572603,-6.070369e-04,1.0442166e-06
0.6795,-15.27631392,-5.878818e-04,1.0710481e-06
0.68,-15.27703898,-7.250623e-04,8.8374515e-07
0.6805,-15.27813404,-1.095064e-03,3.2156938e-06
0.681,-15.27868576,-5.517152e-04,9.4436267e-07
0.6815,-15.27918731,-5.015501e-04,2.4842966e-07
0.682,-15.27965673,-4.694198e-04,2.1676113e-07
0.6825,-15.28009877,-4.420382e-04,2.2904621e-07
0.683,-15.28105323,-9.544615e-04,5.4984143e-07
0.6835,-15.28158731,-5.340820e-04,5.3413693e-07
0.684,-15.28204502,-4.577062e-04,4.3680505e-07
0.6845,-15.28246831,-4.232941e-04,3.7294021e-07
0.685,-15.28286859,-4.002759e-04,3.268434e-07
0.6855,-15.28325026,-3.816756e-04,2.9294728e-07
0.686,-15.28361451,-3.642444e-04,2.6964534e-07
0.6865,-15.28396282,-3.483107e-04,2.5834733e-07
0.687,-15.28429768,-3.348613e-04,2.5886113e-07
0.6875,-15.28462163,-3.239552e-04,2.7036707e-07
0.688,-15.28493633,-3.146995e-04,2.9291726e-07
0.6885,-15.28524239,-3.060536e-04,3.2803467e-07
0.689,-15.28553992,-2.975326e-04,3.7866626e-07
0.6895,-15.28582928,-2.893661e-04,4.4876384e-07
0.69,-15.28611149,-2.822093e-04,5.4265051e-07
0.6905,-15.28638821,-2.767139e-04,6.6429319e-07
0.691,-15.28666141,-2.732056e-04,8.1658325e-07
0.6915,-15.28693297,-2.715535e-04,1.0007086e-06
0.692,-15.28720417,-2.712071e-04,1.2156861e-06
0.6925,-15.28747551,-2.713404e-04,1.4581073e-06
0.693,-15.28789434,-4.188298e-04,1.5469316e-06
0.6935,-15.28845597,-5.616234e-04,1.2948724e-06
0.694,-15.28887407,-4.181071e-04,1.874399e-06
0.6945,-15.28913369,-2.596131e-04,9.5859806e-07
0.695,-15.28938532,-2.516345e-04,1.1270818e-06
0.6955,-15.28962611,-2.407891e-04,1.2016013e-06
0.696,-15.28985875,-2.326362e-04,1.0218398e-06
0.6965,-15.29008966,-2.309110e-04,9.1306439e-07
0.697,-15.29031979,-2.301299e-04,8.8495715e-07
0.6975,-15.29054879,-2.290003e-04,8.8914145e-07
0.698,-15.29077668,-2.278890e-04,9.2016798e-07
0.6985,-15.29100356,-2.268837e-04,9.8796741e-07
0.699,-15.29122937,-2.258084e-04,1.0976666e-06
0.6995,-15.29145384,-2.244676e-04,1.2470944e-06
0.7,-15.2916766,-2.227659e-04,1.4313493e-06
0.7005,-15.2918973,-2.206925e-04,1.6343005e-06
0.701,-15.29211552,-2.182264e-04,1.8455824e-06
0.7015,-15.29233084,-2.153196e-04,2.0623529e-06
0.702,-15.29254276,-2.119134e-04,2.2797538e-06
0.7025,-15.2927507,-2.079445e-04,2.4919647e-06
0.703,-15.29295406,-2.033601e-04,2.6953818e-06
0.7035,-15.2931522,-1.981379e-04,2.8863144e-06
0.704,-15.29333959,-1.873916e-04,2.8477686e-06
0.7045,-15.29351624,-1.766494e-04,2.6379006e-06
0.705,-15.29368722,-1.709769e-04,2.52307e-06
0.7055,-15.29385273,-1.655184e-04,2.4951448e-06
0.706,-15.29401148,-1.587462e-04,2.4643909e-06
0.7065,-15.29416327,-1.517942e-04,2.3951806e-06
0.707,-15.29430728,-1.440018e-04,2.2387903e-06
0.7075,-15.29444628,-1.390075e-04,2.0869396e-06
0.708,-15.29458191,-1.356302e-04,1.9752403e-06
0.7085,-15.29471408,-1.321622e-04,1.8773069e-06
0.709,-15.29484307,-1.289933e-04,1.7842008e-06
0.7095,-15.29496946,-1.263954e-04,1.6997611e-06
0.71,-15.29509378,-1.243109e-04,1.6283446e-06
0.7105,-15.29521641,-1.226375e-04,1.5727261e-06
0.711,-15.29533773,-1.213140e-04,1.5348062e-06
0.7115,-15.29545805,-1.203213e-04,1.5160421e-06
0.712,-15.29557772,-1.196752e-04,1.5175949e-06
0.7125,-15.29569714,-1.194174e-04,1.5404289e-06
0.713,-15.29581674,-1.195973e-04,1.585389e-06
0.7135,-15.29593699,-1.202498e-04,1.6532197e-06
0.714,-15.29605836,-1.213721e-04,1.7445107e-06
0.7145,-15.29621003,-1.516736e-04,1.7654625e-06
0.715,-15.29636706,-1.570303e-04,1.7034615e-06
0.7155,-15.29660554,-2.384767e-04,9.5126741e-07
0.716,-15.29677742,-1.718749e-04,9.1192699e-07
0.7165,-15.29692885,-1.514320e-04,1.0500277e-06
0.717,-15.29707688,-1.480360e-04,1.2644725e-06
0.7175,-15.29721723,-1.403471e-04,1.1777673e-06
0.718,-15.29735335,-1.361183e-04,9.9557419e-07
0.7185,-15.29748743,-1.340846e-04,8.8323839e-07
0.719,-15.29761909,-1.316526e-04,8.3098903e-07
0.7195,-15.29774756,-1.284745e-04,8.067823e-07
0.72,-15.29787249,-1.249250e-04,7.9805684e-07
0.7205,-15.29799378,-1.212889e-04,8.0317689e-07
0.721,-15.29811146,-1.176886e-04,8.2122442e-07
0.7215,-15.29822565,-1.141904e-04,8.492393e-07
0.722,-15.29833652,-1.108707e-04,8.8351082e-07
0.7225,-15.29844434,-1.078147e-04,9.2071956e-07
0.723,-15.29854943,-1.050952e-04,9.5806067e-07
0.7235,-15.2986522,-1.027631e-04,9.9305317e-07
0.724,-15.29875304,-1.008469e-04,1.0234695e-06
0.7245,-15.2988524,-9.935445e-05,1.0473699e-06
0.725,-15.29895067,-9.827541e-05,1.0631381e-06
0.7255,-15.29904826,-9.758330e-05,1.0694935e-06
0.726,-15.2991455,-9.723933e-05,1.0654517e-06
0.7265,-15.29924269,-9.719712e-05,1.0501479e-06
0.727,-15.2993401,-9.740658e-05,1.0237077e-06
0.7275,-15.29943792,-9.781991e-05,9.8669467e-07
0.728,-15.29953632,-9.839488e-05,9.3997808e-07
0.7285,-15.29963541,-9.909716e-05,8.8473003e-07
0.729,-15.29973531,-9.990153e-05,8.2240689e-07
0.7295,-15.29983611,-1.007917e-04,7.5471681e-07
0.73,-15.29993786,-1.017586e-04,6.838203e-07
0.7305,-15.30004066,-1.027986e-04,6.1265879e-07
0.731,-15.30014457,-1.039115e-04,5.440839e-07
0.7315,-15.30024967,-1.050970e-04,4.8105802e-07
0.732,-15.30035602,-1.063524e-04,4.2658135e-07
0.7325,-15.30046369,-1.076709e-04,3.8359438e-07
0.733,-15.30057273,-1.090398e-04,3.5487448e-07
0.7335,-15.30068318,-1.104404e-04,3.4292955e-07
0.734,-15.30079502,-1.118479e-04,3.4989284e-07
0.7345,-15.30090826,-1.132320e-04,3.7742328e-07
0.735,-15.30102281,-1.145580e-04,4.2661717e-07
0.7355,-15.3011386,-1.157882e-04,4.9793587e-07
0.736,-15.30125549,-1.168839e-04,5.9104738e-07
0.7365,-15.3013733,-1.178115e-04,7.002429e-07
0.737,-15.30149183,-1.185320e-04,8.2181026e-07
0.7375,-15.30161084,-1.190114e-04,9.5360049e-07
0.738,-15.30173006,-1.192233e-04,1.0934702e-06
0.7385,-15.30184921,-1.191490e-04,1.2392751e-06
0.739,-15.30196799,-1.187791e-04,1.3885195e-06
0.7395,-15.30208611,-1.181143e-04,1.5384381e-06
0.74,-15.30220327,-1.171654e-04,1.6860668e-06
0.7405,-15.30231922,-1.159534e-04,1.8283419e-06
0.741,-15.30243373,-1.145089e-04,1.9622043e-06
0.7415,-15.3025466,-1.128702e-04,2.0847074e-06
0.742,-15.30265769,-1.110825e-04,2.1931165e-06
0.7425,-15.30276688,-1.091951e-04,2.284998e-06
0.743,-15.30287414,-1.072595e-04,2.3582966e-06
0.7435,-15.30297947,-1.053274e-04,2.4113951e-06
0.744,-15.30308292,-1.034481e-04,2.4431569e-06
0.7445,-15.30318458,-1.016669e-04,2.4529508e-06
0.745,-15.30328461,-1.000235e-04,2.4406572e-06
0.7455,-15.30338316,-9.854981e-05,2.4066591e-06
0.746,-15.30348043,-9.726983e-05,2.3518177e-06
0.7465,-15.30357662,-9.619824e-05,2.277436e-06
0.747,-15.30367196,-9.534029e-05,2.1852118e-06
0.7475,-15.30376666,-9.469171e-05,2.0771823e-06
0.748,-15.3038609,-9.423912e-05,1.9556627e-06
0.7485,-15.30395486,-9.396072e-05,1.8231804e-06
0.749,-15.30404868,-9.382736e-05,1.6824067e-06
0.7495,-15.30414249,-9.380388e-05,1.5360848e-06
0.75,-15.30423634,-9.385067e-05,1.3869604e-06
0.7505,-15.30433026,-9.392542e-05,1.2377135e-06
0.751,-15.30442425,-9.398494e-05,1.090894e-06
0.7515,-15.30451824,-9.398698e-05,9.4885895e-07
0.752,-15.30461213,-9.389194e-05,8.137844e-07
0.7525,-15.30470579,-9.366415e-05,6.8800008e-07
0.753,-15.30479907,-9.327448e-05,5.7314149e-07
0.7535,-15.30489177,-9.269906e-05,4.7171389e-07
0.754,-15.30498369,-9.192118e-05,3.8759909e-07
0.7545,-15.30507462,-9.093721e-05,3.2110674e-07
0.755,-15.30516437,-8.974887e-05,2.7190457e-07
0.7555,-15.30525274,-8.836574e-05,2.3918059e-07
0.756,-15.30533954,-8.680476e-05,2.2168979e-07
0.7565,-15.30542463,-8.508937e-05,2.1781407e-07
0.757,-15.30550788,-8.324823e-05,2.2563304e-07
0.7575,-15.30558919,-8.131392e-05,2.430029e-07
0.758,-15.30566852,-7.932137e-05,2.6763176e-07
0.7585,-15.30574582,-7.730806e-05,2.9543351e-07
0.759,-15.30582113,-7.530788e-05,3.2352753e-07
0.7595,-15.30589448,-7.335219e-05,3.5073761e-07
0.76,-15.30596595,-7.147076e-05,3.759642e-07
0.7605,-15.30603564,-6.968922e-05,3.9808704e-07
0.761,-15.30610367,-6.802800e-05,4.1624447e-07
0.7615,-15.30617017,-6.650205e-05,4.2988277e-07
0.762,-15.30623529,-6.512093e-05,4.3858177e-07
0.7625,-15.30629918,-6.388866e-05,4.420673e-07
0.763,-15.30636199,-6.280405e-05,4.4021957e-07
0.7635,-15.30642385,-6.186118e-05,4.3307742e-07
0.764,-15.3064849,-6.105006e-05,4.2083803e-07
0.7645,-15.30654526,-6.035732e-05,4.0385191e-07
0.765,-15.30660502,-5.976706e-05,3.8263477e-07
0.7655,-15.30666428,-5.926139e-05,3.5806665e-07
0.766,-15.30672311,-5.882181e-05,3.3107287e-07
0.7665,-15.30678154,-5.842956e-05,3.0263861e-07
0.767,-15.3068396,-5.806462e-05,2.7555535e-07
0.7675,-15.30689731,-5.770988e-05,2.5248345e-07
0.768,-15.30695466,-5.735074e-05,2.349707e-07
0.7685,-15.30701163,-5.697350e-05,2.2440824e-07
0.769,-15.3070682,-5.656660e-05,2.2197997e-07
0.7695,-15.30712432,-5.612081e-05,2.2861939e-07
0.77,-15.30717995,-5.562929e-05,2.4497532e-07
0.7705,-15.30723504,-5.508753e-05,2.713876e-07
0.771,-15.30728953,-5.449330e-05,3.078734e-07
0.7715,-15.30734338,-5.384651e-05,3.5412464e-07
0.772,-15.30739653,-5.314905e-05,4.0951645e-07
0.7725,-15.30744893,-5.240642e-05,4.7133135e-07
0.773,-15.30750056,-5.162417e-05,5.3634109e-07
0.7735,-15.30755137,-5.080670e-05,6.0343679e-07
0.774,-15.30760133,-4.996191e-05,6.7143195e-07
0.7745,-15.30765043,-4.909888e-05,7.390365e-07
0.775,-15.30769865,-4.822796e-05,8.0453706e-07
0.7755,-15.30774601,-4.735953e-05,8.6666774e-07
0.776,-15.30779252,-4.650485e-05,9.2435957e-07
0.7765,-15.30783819,-4.567587e-05,9.7663923e-07
0.777,-15.30788308,-4.488484e-05,1.0226531e-06
0.7775,-15.30792668,-4.360257e-05,1.0364485e-06
0.778,-15.30796837,-4.169107e-05,9.8639587e-07
0.7785,-15.30800924,-4.087224e-05,9.2613996e-07
0.779,-15.30805027,-4.102943e-05,8.947172e-07
0.7795,-15.30809151,-4.123662e-05,8.8456574e-07
0.78,-15.30813268,-4.116881e-05,8.7469347e-07
0.7805,-15.30817381,-4.113245e-05,8.5995117e-07
0.781,-15.30821505,-4.123977e-05,8.4216429e-07
0.7815,-15.30825651,-4.145503e-05,8.2297434e-07
0.782,-15.30829824,-4.173758e-05,8.0308977e-07
0.7825,-15.30834032,-4.207476e-05,7.8297471e-07
0.783,-15.30838279,-4.247105e-05,7.6310091e-07
0.7835,-15.30842573,-4.293762e-05,7.4391968e-07
0.784,-15.30846921,-4.348633e-05,7.2582192e-07
0.7845,-15.30851334,-4.412536e-05,7.091302e-07
0.785,-15.3085582,-4.485604e-05,6.94101e-07
0.7855,-15.30860387,-4.567184e-05,6.809268e-07
0.786,-15.30865244,-4.856913e-05,7.6577273e-07
0.7865,-15.30870664,-5.420824e-05,4.5888163e-07
0.787,-15.30875727,-5.062714e-05,4.399688e-07
0.7875,-15.30880972,-5.245171e-05,5.0147856e-07
0.788,-15.30886193,-5.220731e-05,5.0229551e-07
0.7885,-15.308914,-5.206937e-05,4.4840971e-07
0.789,-15.30896684,-5.283495e-05,3.8962444e-07
0.7895,-15.30902067,-5.383916e-05,3.4503691e-07
0.79,-15.30907537,-5.469121e-05,3.1377557e-07
0.7905,-15.30913073,-5.536903e-05,2.9008573e-07
0.791,-15.30918667,-5.593196e-05,2.720896e-07
0.7915,-15.30924308,-5.641375e-05,2.5988727e-07
0.792,-15.3092999,-5.682012e-05,2.5351437e-07
0.7925,-15.30935705,-5.715139e-05,2.5245798e-07
0.793,-15.30941447,-5.741382e-05,2.5590536e-07
0.7935,-15.30947209,-5.761941e-05,2.6297129e-07
0.794,-15.30952987,-5.778282e-05,2.7276703e-07
0.7945,-15.30958779,-5.791953e-05,2.8441191e-07
0.795,-15.30964583,-5.804511e-05,2.9705162e-07
0.7955,-15.30970401,-5.817464e-05,3.0988563e-07
0.796,-15.30976233,-5.832208e-05,3.2219183e-07
0.7965,-15.30982083,-5.849965e-05,3.3334551e-07
0.797,-15.30987955,-5.871737e-05,3.42835e-07
0.7975,-15.30993853,-5.898270e-05,3.5027563e-07
0.798,-15.30999783,-5.930041e-05,3.5542149e-07
0.7985,-15.3100575,-5.967242e-05,3.5817325e-07
0.799,-15.3101176,-6.009783e-05,3.5858126e-07
0.7995,-15.31017817,-6.057296e-05,3.5684335e-07
0.8,-15.31023926,-6.109159e-05,3.5329765e-07
0.8005,-15.31030091,-6.164513e-05,3.4841065e-07
0.801,-15.31036313,-6.222300e-05,3.4276118e-07
0.8015,-15.31042595,-6.281299e-05,3.3702079e-07
0.802,-15.31048935,-6.340168e-05,3.3193136e-07
0.8025,-15.31055332,-6.397493e-05,3.2828045e-07
0.803,-15.31061784,-6.451833e-05,3.2687518e-07
0.8035,-15.31068286,-6.501766e-05,3.285152e-07
0.804,-15.31074832,-6.545932e-05,3.3396553e-07
0.8045,-15.31081415,-6.583078e-05,3.4393001e-07
0.805,-15.31088027,-6.612088e-05,3.590261e-07
0.8055,-15.31094659,-6.632016e-05,3.7976184e-07
0.806,-15.31101301,-6.642110e-05,4.0651573e-07
0.8065,-15.31107943,-6.641823e-05,4.3952011e-07
0.807,-15.31114574,-6.630821e-05,4.7884873e-07
0.8075,-15.31121183,-6.608985e-05,5.2440886e-07
0.808,-15.31127759,-6.576400e-05,5.759383e-07
0.8085,-15.31134292,-6.533359e-05,6.3286262e-07
0.809,-15.31140773,-6.480441e-05,6.9316617e-07
0.8095,-15.31147191,-6.418128e-05,7.5590813e-07
0.81,-15.31153538,-6.347109e-05,8.2046033e-07
0.8105,-15.31159806,-6.268218e-05,8.8612119e-07
0.811,-15.31165989,-6.182373e-05,9.5212897e-07
0.8115,-15.31172079,-6.090549e-05,1.0176769e-06
0.812,-15.31178073,-5.993759e-05,1.0819289e-06
0.8125,-15.31183966,-5.893031e-05,1.14404e-06
0.813,-15.31189755,-5.789390e-05,1.2031662e-06
0.8135,-15.31195439,-5.683843e-05,1.25845e-06
0.814,-15.31201017,-5.577347e-05,1.3091444e-06
0.8145,-15.31206487,-5.470809e-05,1.3545757e-06
0.815,-15.31211852,-5.365074e-05,1.3941419e-06
0.8155,-15.31217113,-5.260904e-05,1.4273254e-06
0.816,-15.31222272,-5.158969e-05,1.4537042e-06
0.8165,-15.31227332,-5.059841e-05,1.4729606e-06
0.817,-15.31232296,-4.963981e-05,1.4848874e-06
0.8175,-15.31237168,-4.871736e-05,1.4893913e-06
0.818,-15.31241951,-4.783330e-05,1.4864943e-06
0.8185,-15.3124665,-4.698870e-05,1.4763317e-06
0.819,-15.31251268,-4.618336e-05,1.4591484e-06
0.8195,-15.3125581,-4.541591e-05,1.4352922e-06
0.82,-15.31260278,-4.468382e-05,1.4052535e-06
0.8205,-15.31264677,-4.398354e-05,1.3696159e-06
0.821,-15.31269008,-4.331064e-05,1.3290062e-06
0.8215,-15.31273274,-4.265993e-05,1.2841061e-06
0.822,-15.31277476,-4.202564e-05,1.2356393e-06
0.8225,-15.31281617,-4.140166e-05,1.1843527e-06
0.823,-15.31285695,-4.078176e-05,1.131001e-06
0.8235,-15.31289711,-4.015982e-05,1.0763313e-06
0.824,-15.31293664,-3.953012e-05,1.0210681e-06
0.8245,-15.31297552,-3.888719e-05,9.6627605e-07
0.825,-15.31301375,-3.822606e-05,9.1369388e-07
0.8255,-15.3130513,-3.754459e-05,8.6395354e-07
0.826,-15.31308814,-3.684097e-05,8.175063e-07
0.8265,-15.31312425,-3.611464e-05,7.7468871e-07
0.827,-15.31315962,-3.536654e-05,7.357231e-07
0.8275,-15.31319422,-3.459903e-05,7.0072153e-07
0.828,-15.31322803,-3.381597e-05,6.6969308e-07
0.8285,-15.31326105,-3.302256e-05,6.4255399e-07
0.829,-15.31329328,-3.222524e-05,6.1914018e-07
0.8295,-15.31332471,-3.143153e-05,5.9922176e-07
0.83,-15.31335536,-3.064977e-05,5.8251884e-07
0.8305,-15.31338525,-2.988888e-05,5.6871806e-07
0.831,-15.31341441,-2.915812e-05,5.5748933e-07
0.8315,-15.31344288,-2.846675e-05,5.4850208e-07
0.832,-15.3134707,-2.782377e-05,5.4144054e-07
0.8325,-15.31349794,-2.723763e-05,5.3601751e-07
0.833,-15.31352465,-2.671598e-05,5.3198623e-07
0.8335,-15.31355092,-2.626542e-05,5.2914996e-07
0.834,-15.31357681,-2.589132e-05,5.2736899e-07
0.8345,-15.31360241,-2.559765e-05,5.265649e-07
0.835,-15.31362779,-2.538688e-05,5.2672206e-07
0.8355,-15.31365305,-2.525994e-05,5.2788619e-07
0.836,-15.31367827,-2.521618e-05,5.3016037e-07
0.8365,-15.31370352,-2.525342e-05,5.3369836e-07
0.837,-15.31372889,-2.536806e-05,5.3869583e-07
0.8375,-15.31375445,-2.555520e-05,5.4537952e-07
0.838,-15.31378026,-2.580882e-05,5.5399509e-07
0.8385,-15.31380638,-2.612194e-05,5.6479376e-07
0.839,-15.31383286,-2.648689e-05,5.7801853e-07
0.8395,-15.31385976,-2.689555e-05,5.9389025e-07
0.84,-15.3138871,-2.733956e-05,6.1259421e-07
0.8405,-15.31391491,-2.781056e-05,6.3426769e-07
0.841,-15.31394321,-2.830047e-05,6.589888e-07
0.8415,-15.31397201,-2.880166e-05,6.8676729e-07
0.842,-15.31400132,-2.930717e-05,7.1753738e-07
0.8425,-15.31403113,-2.981085e-05,7.511531e-07
0.843,-15.31406144,-3.030749e-05,7.8738614e-07
0.8435,-15.31409223,-3.079296e-05,8.2592652e-07
0.844,-15.31412349,-3.126418e-05,8.6638585e-07
0.8445,-15.31415521,-3.171923e-05,9.0830325e-07
0.845,-15.31418737,-3.215727e-05,9.5115375e-07
0.8455,-15.31421995,-3.257862e-05,9.9423976e-07
0.846,-15.31425293,-3.298501e-05,1.0362771e-06
0.8465,-15.31428631,-3.337779e-05,1.0766116e-06
0.847,-15.31432007,-3.375959e-05,1.1147135e-06
0.8475,-15.31435421,-3.413372e-05,1.1500698e-06
0.848,-15.31438871,-3.450390e-05,1.1821947e-06
0.8485,-15.31442358,-3.487413e-05,1.2106398e-06
0.849,-15.31445883,-3.524849e-05,1.2350038e-06
0.8495,-15.31449446,-3.563100e-05,1.2549409e-06
0.85,-15.31453049,-3.602547e-05,1.2701674e-06
0.8505,-15.31456692,-3.643535e-05,1.2804679e-06
0.851,-15.31460379,-3.686362e-05,1.2856988e-06
0.8515,-15.3146411,-3.731266e-05,1.2857911e-06
0.852,-15.31467888,-3.778421e-05,1.2807507e-06
0.8525,-15.31471716,-3.827927e-05,1.2706574e-06
0.853,-15.31475596,-3.879808e-05,1.2556623e-06
0.8535,-15.3147953,-3.934007e-05,1.2359834e-06
0.854,-15.31483521,-3.990389e-05,1.2119002e-06
0.8545,-15.31487569,-4.048740e-05,1.1837469e-06
0.855,-15.31491678,-4.108774e-05,1.151905e-06
0.8555,-15.31495848,-4.170135e-05,1.1167947e-06
0.856,-15.31500081,-4.232406e-05,1.0788659e-06
0.8565,-15.31504376,-4.295118e-05,1.0385892e-06
0.857,-15.31508734,-4.357758e-05,9.9644648e-07
0.8575,-15.31513153,-4.419779e-05,9.5292184e-07
0.858,-15.31517634,-4.480613e-05,9.0849304e-07
0.8585,-15.31522174,-4.539683e-05,8.6362329e-07
0.859,-15.3152677,-4.596414e-05,8.1875395e-07
0.8595,-15.3153142,-4.650244e-05,7.7429802e-07
0.86,-15.31536121,-4.700637e-05,7.306347e-07
0.8605,-15.31540868,-4.747092e-05,6.8814566e-07
0.861,-15.31545657,-4.789107e-05,6.4768682e-07
0.8615,-15.31550483,-4.826323e-05,6.096998e-07
0.862,-15.31555342,-4.858432e-05,5.7438747e-07
0.8625,-15.31560227,-4.885175e-05,5.4188407e-07
0.863,-15.31565133,-4.906373e-05,5.1225725e-07
0.8635,-15.31570055,-4.921919e-05,4.8551171e-07
0.864,-15.31574987,-4.931789e-05,4.6159437e-07
0.8645,-15.31579923,-4.936031e-05,4.4040082e-07
0.865,-15.31584858,-4.934768e-05,4.2178285e-07
0.8655,-15.31589786,-4.928189e-05,4.0555673e-07
0.866,-15.31594703,-4.916542e-05,3.9151206e-07
0.8665,-15.31599603,-4.900126e-05,3.7942087e-07
0.867,-15.31604482,-4.879282e-05,3.6904669e-07
0.8675,-15.31609336,-4.854376e-05,3.6015329e-07
0.868,-15.31614162,-4.825797e-05,3.5251288e-07
0.8685,-15.31618956,-4.793937e-05,3.4591356e-07
0.869,-15.31623715,-4.759182e-05,3.4016576e-07
0.8695,-15.31628437,-4.721901e-05,3.351075e-07
0.87,-15.3163312,-4.682439e-05,3.3060849e-07
0.8705,-15.31637761,-4.641102e-05,3.2657276e-07
0.871,-15.31642359,-4.598157e-05,3.2293998e-07
0.8715,-15.31646913,-4.553819e-05,3.1968536e-07
0.872,-15.31651421,-4.508257e-05,3.1681827e-07
0.8725,-15.31655883,-4.461583e-05,3.1437955e-07
0.873,-15.31660296,-4.413860e-05,3.1243773e-07
0.8735,-15.31664662,-4.365102e-05,3.1108432e-07
0.874,-15.31668977,-4.315277e-05,3.1042823e-07
0.8745,-15.31673241,-4.264316e-05,3.105897e-07
0.875,-15.31677453,-4.212120e-05,3.1169382e-07
0.8755,-15.31681612,-4.158569e-05,3.1386387e-07
0.876,-15.31685715,-4.103529e-05,3.1721481e-07
0.8765,-15.31689762,-4.046862e-05,3.2184699e-07
0.877,-15.31693751,-3.988441e-05,3.278404e-07
0.8775,-15.31697679,-3.928151e-05,3.3524952e-07
0.878,-15.31701545,-3.865905e-05,3.4409911e-07
0.8785,-15.31705346,-3.801646e-05,3.5438089e-07
0.879,-15.31709082,-3.735358e-05,3.6605123e-07
0.8795,-15.31712749,-3.667067e-05,3.7903011e-07
0.88,-15.31716346,-3.596847e-05,3.932011e-07
0.8805,-15.3171987,-3.524821e-05,4.0841257e-07
0.881,-15.31723322,-3.451162e-05,4.2447998e-07
0.8815,-15.31726698,-3.376111e-05,4.4096233e-07
0.882,-15.31729998,-3.299936e-05,4.5734206e-07
0.8825,-15.31733221,-3.222908e-05,4.7342607e-07
0.883,-15.31736366,-3.145364e-05,4.8901896e-07
0.8835,-15.31739434,-3.067668e-05,5.0392445e-07
0.884,-15.31742424,-2.990208e-05,5.1794888e-07
0.8845,-15.31745337,-2.913382e-05,5.3090492e-07
0.885,-15.31748175,-2.837597e-05,5.4261514e-07
0.8855,-15.31750938,-2.763254e-05,5.5291556e-07
0.886,-15.31753629,-2.690747e-05,5.6165891e-07
0.8865,-15.31756249,-2.620450e-05,5.6871761e-07
0.887,-15.31758802,-2.552715e-05,5.7398638e-07
0.8875,-15.3176129,-2.487865e-05,5.7738439e-07
0.888,-15.31763716,-2.426188e-05,5.7885692e-07
0.8885,-15.31766084,-2.367935e-05,5.7837646e-07
0.889,-15.31768397,-2.313316e-05,5.7594321e-07
0.8895,-15.3177066,-2.262500e-05,5.7158504e-07
0.89,-15.31772875,-2.215614e-05,5.6535685e-07
0.8905,-15.31775048,-2.172743e-05,5.5733931e-07
0.891,-15.31777182,-2.133932e-05,5.4763711e-07
0.8915,-15.31779281,-2.099188e-05,5.3637677e-07
0.892,-15.3178135,-2.068485e-05,5.2370391e-07
0.8925,-15.31783392,-2.041763e-05,5.0978026e-07
0.893,-15.3178541,-2.018939e-05,4.9478036e-07
0.8935,-15.3178741,-1.999907e-05,4.7888809e-07
0.894,-15.31789395,-1.984544e-05,4.6229309e-07
0.8945,-15.31791368,-1.972715e-05,4.4518718e-07
0.895,-15.31793332,-1.964277e-05,4.2776091e-07
0.8955,-15.31795291,-1.959086e-05,4.1020023e-07
0.896,-15.31797248,-1.957001e-05,3.9268352e-07
0.8965,-15.31799206,-1.957884e-05,3.753788e-07
0.897,-15.31801167,-1.961596e-05,3.5858265e-07
0.8975,-15.31803135,-1.968010e-05,3.4269016e-07
0.898,-15.31805113,-1.977054e-05,3.2782563e-07
0.8985,-15.31807101,-1.988647e-05,3.1407996e-07
0.899,-15.31809104,-2.002725e-05,3.0151597e-07
0.8995,-15.31811123,-2.019242e-05,2.9016949e-07
0.9,-15.31813161,-2.038166e-05,2.8005122e-07
0.9005,-15.31815221,-2.059485e-05,2.7114928e-07
0.901,-15.31817304,-2.083197e-05,2.6343224e-07
0.9015,-15.31819413,-2.109313e-05,2.5685268e-07
0.902,-15.31821551,-2.137849e-05,2.51351e-07
0.9025,-15.3182372,-2.168827e-05,2.4685945e-07
0.903,-15.31825922,-2.202271e-05,2.4330621e-07
0.9035,-15.3182816,-2.238197e-05,2.4061927e-07
0.904,-15.31830437,-2.276618e-05,2.3873024e-07
0.9045,-15.31832755,-2.317531e-05,2.3757768e-07
0.905,-15.31835116,-2.360922e-05,2.3711001e-07
0.9055,-15.31837522,-2.406754e-05,2.3728792e-07
0.906,-15.31839977,-2.454970e-05,2.3808608e-07
0.9065,-15.31842483,-2.505490e-05,2.3949426e-07
0.907,-15.31845041,-2.558205e-05,2.4151766e-07
0.9075,-15.31847654,-2.612981e-05,2.4417667e-07
0.908,-15.31850324,-2.669655e-05,2.4750579e-07
0.9085,-15.31853052,-2.728039e-05,2.5155205e-07
0.909,-15.3185584,-2.787918e-05,2.5637278e-07
0.9095,-15.31858689,-2.849054e-05,2.6203287e-07
0.91,-15.318616,-2.911188e-05,2.6860168e-07
0.9105,-15.31864574,-2.974042e-05,2.7614964e-07
0.911,-15.31867611,-3.037326e-05,2.8474463e-07
0.9115,-15.31870712,-3.100740e-05,2.9444836e-07
0.912,-15.31873876,-3.163979e-05,3.0531281e-07
0.9125,-15.31877103,-3.226738e-05,3.1737684e-07
0.913,-15.31880391,-3.288716e-05,3.3066313e-07
0.9135,-15.31883741,-3.349621e-05,3.4517549e-07
0.914,-15.3188715,-3.409174e-05,3.6089672e-07
0.9145,-15.31890617,-3.467114e-05,3.7778704e-07
0.915,-15.3189414,-3.523201e-05,3.9578307e-07
0.9155,-15.31897718,-3.577215e-05,4.1479764e-07
0.916,-15.31901347,-3.628964e-05,4.347201e-07
0.9165,-15.31905025,-3.678282e-05,4.5541745e-07
0.917,-15.3190875,-3.725029e-05,4.7673606e-07
0.9175,-15.31912519,-3.769095e-05,4.9850405e-07
0.918,-15.31916329,-3.810394e-05,5.2053413e-07
0.9185,-15.31920178,-3.848867e-05,5.4259794e-07
0.919,-15.31924063,-3.884485e-05,5.6436472e-07
0.9195,-15.3192798,-3.917219e-05,5.8563547e-07
0.92,-15.31931927,-3.947064e-05,6.0623136e-07
0.9205,-15.31935901,-3.974033e-05,6.2597893e-07
0.921,-15.31939899,-3.998152e-05,6.4471307e-07
0.9215,-15.31943919,-4.019451e-05,6.6227992e-07
0.922,-15.31947957,-4.037966e-05,6.7853946e-07
0.9225,-15.3195201,-4.053733e-05,6.933679e-07
0.923,-15.31956077,-4.066786e-05,7.0665973e-07
0.9235,-15.31960154,-4.077155e-05,7.1832934e-07
0.924,-15.31964239,-4.084863e-05,7.2831229e-07
0.9245,-15.31968329,-4.089926e-05,7.3656613e-07
0.925,-15.31972421,-4.092351e-05,7.4307076e-07
0.9255,-15.31976514,-4.092134e-05,7.4782836e-07
0.926,-15.31980603,-4.089264e-05,7.5086289e-07
0.9265,-15.31984687,-4.083721e-05,7.522192e-07
0.927,-15.31988762,-4.075478e-05,7.5196176e-07
0.9275,-15.31992827,-4.064500e-05,7.5017305e-07
0.928,-15.31996877,-4.050754e-05,7.469517e-07
0.9285,-15.32000912,-4.034200e-05,7.4241039e-07
0.929,-15.32004926,-4.014802e-05,7.3667363e-07
0.9295,-15.32008919,-3.992529e-05,7.2987535e-07
0.93,-15.32012886,-3.967356e-05,7.2215651e-07
0.9305,-15.32016825,-3.939267e-05,7.1366277e-07
0.931,-15.32020734,-3.908257e-05,7.0454254e-07
0.9315,-15.32024608,-3.874329e-05,6.9504128e-07
0.932,-15.32028446,-3.837511e-05,6.8539002e-07
0.9325,-15.32032243,-3.797854e-05,6.7574313e-07
0.933,-15.32035999,-3.755424e-05,6.6624433e-07
0.9335,-15.32039709,-3.710306e-05,6.5702497e-07
0.934,-15.32043372,-3.662605e-05,6.482029e-07
0.9345,-15.32046984,-3.612447e-05,6.3988158e-07
0.935,-15.32050544,-3.559978e-05,6.3214983e-07
0.9355,-15.3205405,-3.505362e-05,6.2508178e-07
0.936,-15.32057498,-3.448782e-05,6.1873736e-07
0.9365,-15.32060889,-3.390434e-05,6.1316304e-07
0.937,-15.32064219,-3.330528e-05,6.0839286e-07
0.9375,-15.32067489,-3.269287e-05,6.0444972e-07
0.938,-15.32070696,-3.206939e-05,6.013468e-07
0.9385,-15.32073839,-3.143719e-05,5.990891e-07
0.939,-15.32076919,-3.079865e-05,5.9767506e-07
0.9395,-15.32079935,-3.015612e-05,5.9709808e-07
0.94,-15.32082886,-2.951194e-05,5.9734805e-07
0.9405,-15.32085773,-2.886838e-05,5.9841266e-07
0.941,-15.32088595,-2.822764e-05,6.0027864e-07
0.9415,-15.32091355,-2.759179e-05,6.029327e-07
0.942,-15.32094051,-2.696280e-05,6.0636228e-07
0.9425,-15.32096685,-2.634248e-05,6.1055599e-07
0.943,-15.32099258,-2.573250e-05,6.1550387e-07
0.9435,-15.32101772,-2.513437e-05,6.211973e-07
0.944,-15.32104227,-2.454943e-05,6.2762869e-07
0.9445,-15.32106625,-2.397887e-05,6.3479096e-07
0.945,-15.32108967,-2.342371e-05,6.4267676e-07
0.9455,-15.32111256,-2.288484e-05,6.5127755e-07
0.946,-15.32113492,-2.236300e-05,6.6058259e-07
0.9465,-15.32115678,-2.185883e-05,6.7057778e-07
0.947,-15.32117815,-2.137284e-05,6.8124449e-07
0.9475,-15.32119906,-2.090547e-05,6.9255846e-07
0.948,-15.32121951,-2.045710e-05,7.0448864e-07
0.9485,-15.32123954,-2.002807e-05,7.169963e-07
0.949,-15.32125916,-1.961867e-05,7.3003415e-07
0.9495,-15.32127839,-1.922922e-05,7.4354577e-07
0.95,-15.32129725,-1.886003e-05,7.5746517e-07
0.9505,-15.32131576,-1.851144e-05,7.7171665e-07
0.951,-15.32133394,-1.818385e-05,7.8621497e-07
0.9515,-15.32135182,-1.787767e-05,8.0086567e-07
0.952,-15.32136942,-1.759341e-05,8.1556583e-07
0.9525,-15.32138675,-1.733162e-05,8.3020493e-07
0.953,-15.32140384,-1.709289e-05,8.4466614e-07
0.9535,-15.32142072,-1.687787e-05,8.588277e-07
0.954,-15.32143741,-1.668728e-05,8.7256453e-07
0.9545,-15.32145393,-1.652184e-05,8.8575008e-07
0.955,-15.32147031,-1.638229e-05,8.9825821e-07
0.9555,-15.32148658,-1.626938e-05,9.0996515e-07
0.956,-15.32150276,-1.618384e-05,9.2075155e-07
0.9565,-15.32151889,-1.612634e-05,9.3050446e-07
0.957,-15.32153499,-1.609753e-05,9.3911925e-07
0.9575,-15.32155108,-1.609793e-05,9.4650138e-07
0.958,-15.32156721,-1.612801e-05,9.525646e-07
0.9585,-15.3215834,-1.618811e-05,9.5722548e-07
0.959,-15.32159968,-1.627838e-05,9.6043672e-07
0.9595,-15.32161608,-1.639888e-05,9.6216762e-07
0.96,-15.32163263,-1.654950e-05,9.6240123e-07
0.9605,-15.32164936,-1.672994e-05,9.6113456e-07
0.961,-15.3216663,-1.693975e-05,9.5837852e-07
0.9615,-15.32168348,-1.717831e-05,9.5415768e-07
0.962,-15.32170092,-1.744480e-05,9.4850983e-07
0.9625,-15.32171866,-1.773825e-05,9.4148536e-07
0.963,-15.32173672,-1.805754e-05,9.3314642e-07
0.9635,-15.32175512,-1.840138e-05,9.2356599e-07
0.964,-15.32177389,-1.876835e-05,9.1282978e-07
0.9645,-15.32179304,-1.915692e-05,9.0105227e-07
0.965,-15.32181261,-1.956545e-05,8.8834534e-07
0.9655,-15.3218326,-1.999224e-05,8.7482351e-07
0.966,-15.32185304,-2.043554e-05,8.6060503e-07
0.9665,-15.32187393,-2.089352e-05,8.458101e-07
0.967,-15.32189529,-2.136436e-05,8.3055902e-07
0.9675,-15.32191714,-2.184623e-05,8.1497055e-07
0.968,-15.32193948,-2.233733e-05,7.991603e-07
0.9685,-15.32196231,-2.283587e-05,7.8323933e-07
0.969,-15.32198565,-2.334012e-05,7.6731293e-07
0.9695,-15.3220095,-2.384840e-05,7.5147956e-07
0.97,-15.32203386,-2.435910e-05,7.3583003e-07
0.9705,-15.32205873,-2.487068e-05,7.2044692e-07
0.971,-15.32208411,-2.538167e-05,7.0540417e-07
0.9715,-15.32211,-2.589070e-05,6.9076691e-07
0.972,-15.3221364,-2.639644e-05,6.7659148e-07
0.9725,-15.3221633,-2.689767e-05,6.6292563e-07
0.973,-15.32219069,-2.739320e-05,6.4980889e-07
0.9735,-15.32221857,-2.788193e-05,6.3727307e-07
0.974,-15.32224694,-2.836280e-05,6.2534288e-07
0.9745,-15.32227577,-2.883479e-05,6.1403659e-07
0.975,-15.32230507,-2.929691e-05,6.0336682e-07
0.9755,-15.32233482,-2.974821e-05,5.9334125e-07
0.976,-15.322365,-3.018773e-05,5.8396339e-07
0.9765,-15.32239562,-3.061454e-05,5.7523334e-07
0.977,-15.32242665,-3.102770e-05,5.6714837e-07
0.9775,-15.32245807,-3.142623e-05,5.5970356e-07
0.978,-15.32248988,-3.180919e-05,5.5289226e-07
0.9785,-15.32252206,-3.217558e-05,5.4670649e-07
0.979,-15.32255458,-3.252439e-05,5.4113715e-07
0.9795,-15.32258744,-3.285462e-05,5.3617422e-07
0.98,-15.3226206,-3.316522e-05,5.3180677e-07
0.9805,-15.32265406,-3.345516e-05,5.2802287e-07
0.981,-15.32268778,-3.372337e-05,5.2480941e-07
0.9815,-15.32272175,-3.396883e-05,5.2215186e-07
0.982,-15.32275594,-3.419050e-05,5.2003396e-07
0.9825,-15.32279033,-3.438739e-05,5.1843728e-07
0.983,-15.32282488,-3.455854e-05,5.1734093e-07
0.9835,-15.32285959,-3.470305e-05,5.1672107e-07
0.984,-15.32289441,-3.482007e-05,5.1655061e-07
0.9845,-15.32292932,-3.490886e-05,5.1679886e-07
0.985,-15.32296429,-3.496875e-05,5.1743128e-07
0.9855,-15.32299928,-3.499917e-05,5.1840931e-07
0.986,-15.32303428,-3.499969e-05,5.1969026e-07
0.9865,-15.32306925,-3.496998e-05,5.2122744e-07
0.987,-15.32310416,-3.490988e-05,5.2297021e-07
0.9875,-15.32313898,-3.481933e-05,5.2486436e-07
0.988,-15.32317368,-3.469844e-05,5.2685249e-07
0.9885,-15.32320823,-3.454747e-05,5.2887451e-07
0.989,-15.3232426,-3.436682e-05,5.3086837e-07
0.9895,-15.32327675,-3.415702e-05,5.3277073e-07
0.99,-15.32331067,-3.391878e-05,5.3451784e-07
0.9905,-15.32334432,-3.365289e-05,5.3604645e-07
0.991,-15.32337769,-3.336033e-05,5.3729471e-07
0.9915,-15.32341073,-3.304213e-05,5.3820322e-07
0.992,-15.32344343,-3.269949e-05,5.3871592e-07
0.9925,-15.32347576,-3.233364e-05,5.3878108e-07
0.993,-15.32350771,-3.194594e-05,5.3835219e-07
0.9935,-15.32353924,-3.153779e-05,5.3738828e-07
0.994,-15.32357035,-3.111065e-05,5.3584622e-07
0.9945,-15.32360102,-3.066601e-05,5.3370079e-07
0.995,-15.32363123,-3.020538e-05,5.3093914e-07
0.9955,-15.32366096,-2.973029e-05,5.2755558e-07
0.996,-15.3236902,-2.924228e-05,5.2355166e-07
0.9965,-15.32371894,-2.874287e-05,5.1893616e-07
0.997,-15.32374718,-2.823356e-05,5.1372488e-07
0.9975,-15.32377489,-2.771583e-05,5.0794043e-07
0.998,-15.32380208,-2.719114e-05,5.0161182e-07
0.9985,-15.32382874,-2.666089e-05,4.9477404e-07
0.999,-15.32385487,-2.612645e-05,4.8746746e-07
0.9995,-15.32388046,-2.558917e-05,4.7973724e-07
